date,actual,pred,residual,model,split,abs_error
2017-09-09 15:00:00,2.46,2.2443146345006686,0.21568536549933137,ridge,valid,0.21568536549933137
2017-09-09 15:00:00,2.46,2.2697682128052272,0.19023178719477274,ridge,valid,0.19023178719477274
2017-09-09 15:00:00,2.46,2.201492845344701,0.25850715465529905,ridge,valid,0.25850715465529905
2017-09-09 15:00:00,2.46,2.217499499313551,0.2425005006864489,ridge,valid,0.2425005006864489
2017-09-09 15:00:00,2.46,2.196677625180741,0.2633223748192588,ridge,valid,0.2633223748192588
2017-09-09 15:00:00,2.46,2.2467942353006833,0.21320576469931662,ridge,valid,0.21320576469931662
2017-09-09 15:00:00,2.46,2.229158504650419,0.23084149534958076,ridge,valid,0.23084149534958076
2017-09-09 15:00:00,2.46,2.1935154592845207,0.2664845407154792,ridge,valid,0.2664845407154792
2017-09-09 15:00:00,2.46,2.094002530094004,0.365997469905996,ridge,valid,0.365997469905996
2017-09-09 15:00:00,2.46,2.1206761198149833,0.3393238801850167,ridge,valid,0.3393238801850167
2017-09-09 15:00:00,2.46,2.0473639622719295,0.41263603772807045,ridge,valid,0.41263603772807045
2017-09-09 15:00:00,2.46,2.0045693690587543,0.4554306309412457,ridge,valid,0.4554306309412457
2017-09-09 15:00:00,2.46,1.9648420219521474,0.49515797804785255,ridge,valid,0.49515797804785255
2017-09-09 15:00:00,2.46,1.8750863325148177,0.5849136674851823,ridge,valid,0.5849136674851823
2017-09-09 15:00:00,2.46,1.8917550518075208,0.5682449481924792,ridge,valid,0.5682449481924792
2017-09-09 15:00:00,2.46,1.8749622419053495,0.5850377580946504,ridge,valid,0.5850377580946504
2017-09-09 15:00:00,2.46,1.9846667128006712,0.47533328719932877,ridge,valid,0.47533328719932877
2017-09-09 15:00:00,2.46,2.0201328459466135,0.4398671540533865,ridge,valid,0.4398671540533865
2017-09-09 15:00:00,2.46,2.124349213569684,0.33565078643031576,ridge,valid,0.33565078643031576
2017-09-09 15:00:00,2.46,1.9535552437415693,0.5064447562584307,ridge,valid,0.5064447562584307
2017-09-09 15:00:00,2.46,1.990497425929632,0.469502574070368,ridge,valid,0.469502574070368
2017-09-09 15:00:00,2.46,2.014696083130171,0.44530391686982895,ridge,valid,0.44530391686982895
2017-09-09 15:00:00,2.46,1.9863110521355605,0.4736889478644395,ridge,valid,0.4736889478644395
2017-09-09 15:00:00,2.46,2.0710069222300187,0.38899307776998127,ridge,valid,0.38899307776998127
2017-09-09 15:00:00,2.46,2.16700821287019,0.29299178712981,ridge,valid,0.29299178712981
2017-09-09 15:00:00,2.46,2.224087379981491,0.23591262001850888,ridge,valid,0.23591262001850888
2017-09-09 15:00:00,2.46,2.1571377603100483,0.30286223968995163,ridge,valid,0.30286223968995163
2017-09-09 15:00:00,2.46,2.100519861827303,0.35948013817269686,ridge,valid,0.35948013817269686
2017-09-09 15:00:00,2.46,1.9213114010513426,0.5386885989486574,ridge,valid,0.5386885989486574
2017-09-09 15:00:00,2.46,2.038949092854435,0.42105090714556503,ridge,valid,0.42105090714556503
2017-09-09 15:00:00,2.46,2.1408819016983145,0.31911809830168547,ridge,valid,0.31911809830168547
2017-09-09 15:00:00,2.46,2.057555755457328,0.4024442445426719,ridge,valid,0.4024442445426719
2017-09-09 15:00:00,2.46,2.1643392174041436,0.2956607825958564,ridge,valid,0.2956607825958564
2017-09-09 15:00:00,2.46,2.1244633031893296,0.33553669681067033,ridge,valid,0.33553669681067033
2017-09-09 15:00:00,2.46,2.0625820470352965,0.3974179529647035,ridge,valid,0.3974179529647035
2017-09-09 15:00:00,2.46,2.068358672732407,0.39164132726759293,ridge,valid,0.39164132726759293
2017-09-09 15:00:00,2.46,2.171143326280807,0.2888566737191929,ridge,valid,0.2888566737191929
2017-09-09 15:00:00,2.46,2.0582165655289986,0.4017834344710014,ridge,valid,0.4017834344710014
2017-09-09 15:00:00,2.46,2.0933287686465443,0.3666712313534557,ridge,valid,0.3666712313534557
2017-09-09 15:00:00,2.46,2.2283342151436085,0.23166578485639144,ridge,valid,0.23166578485639144
2017-09-09 15:00:00,2.46,2.207630226812109,0.2523697731878909,ridge,valid,0.2523697731878909
2017-09-09 15:00:00,2.46,2.122464349489337,0.33753565051066303,ridge,valid,0.33753565051066303
2017-09-09 15:00:00,2.46,2.0525431889843926,0.4074568110156074,ridge,valid,0.4074568110156074
2017-09-09 15:00:00,2.46,2.004011780626957,0.4559882193730429,ridge,valid,0.4559882193730429
2017-09-09 15:00:00,2.46,2.162662008818442,0.2973379911815579,ridge,valid,0.2973379911815579
2017-09-09 15:00:00,2.46,2.26707318367187,0.1929268163281299,ridge,valid,0.1929268163281299
2017-09-09 15:00:00,2.46,2.14128012557807,0.31871987442193017,ridge,valid,0.31871987442193017
2017-09-09 15:00:00,2.46,2.235130082609013,0.22486991739098716,ridge,valid,0.22486991739098716
2017-09-09 15:00:00,2.46,2.168547452238923,0.291452547761077,ridge,valid,0.291452547761077
2017-09-09 15:00:00,2.46,2.1713891097511757,0.28861089024882425,ridge,valid,0.28861089024882425
2017-09-09 15:00:00,2.46,2.260006761175733,0.19999323882426712,ridge,valid,0.19999323882426712
2017-09-09 15:00:00,2.46,2.2377246729164115,0.22227532708358844,ridge,valid,0.22227532708358844
2017-09-09 15:00:00,2.46,2.186272425473036,0.27372757452696383,ridge,valid,0.27372757452696383
2017-09-09 15:00:00,2.46,2.062221753182512,0.39777824681748797,ridge,valid,0.39777824681748797
2017-09-09 15:00:00,2.46,2.0723021183381705,0.3876978816618295,ridge,valid,0.3876978816618295
2017-09-09 15:00:00,2.46,1.9938271315880716,0.4661728684119284,ridge,valid,0.4661728684119284
2017-09-09 15:00:00,2.46,2.0199096899085784,0.4400903100914215,ridge,valid,0.4400903100914215
2017-09-09 15:00:00,2.46,2.022051185038676,0.43794881496132376,ridge,valid,0.43794881496132376
2017-09-09 15:00:00,2.46,1.9212514211561682,0.5387485788438318,ridge,valid,0.5387485788438318
2017-09-09 15:00:00,2.46,1.8659234853544937,0.5940765146455063,ridge,valid,0.5940765146455063
2017-09-09 16:00:00,2.36,2.0574368809114563,0.3025631190885436,ridge,valid,0.3025631190885436
2017-09-09 16:00:00,2.36,2.1419057561160693,0.21809424388393062,ridge,valid,0.21809424388393062
2017-09-09 16:00:00,2.36,2.221834899652153,0.1381651003478468,ridge,valid,0.1381651003478468
2017-09-09 16:00:00,2.36,2.5172331752778554,-0.15723317527785552,ridge,valid,0.15723317527785552
2017-09-09 16:00:00,2.36,2.3382296227298287,0.02177037727017117,ridge,valid,0.02177037727017117
2017-09-09 16:00:00,2.36,2.1928675963108515,0.1671324036891484,ridge,valid,0.1671324036891484
2017-09-09 16:00:00,2.36,2.350340462563067,0.009659537436932819,ridge,valid,0.009659537436932819
2017-09-09 16:00:00,2.36,2.41565662955123,-0.055656629551230186,ridge,valid,0.055656629551230186
2017-09-09 16:00:00,2.36,2.483518994604286,-0.12351899460428628,ridge,valid,0.12351899460428628
2017-09-09 16:00:00,2.36,2.469160499269997,-0.10916049926999705,ridge,valid,0.10916049926999705
2017-09-09 16:00:00,2.36,2.5535096094545824,-0.1935096094545825,ridge,valid,0.1935096094545825
2017-09-09 16:00:00,2.36,2.3900284221880086,-0.03002842218800872,ridge,valid,0.03002842218800872
2017-09-09 16:00:00,2.36,2.3697835307770476,-0.009783530777047744,ridge,valid,0.009783530777047744
2017-09-09 16:00:00,2.36,2.474527277297346,-0.11452727729734624,ridge,valid,0.11452727729734624
2017-09-09 16:00:00,2.36,2.514731637097318,-0.15473163709731796,ridge,valid,0.15473163709731796
2017-09-09 16:00:00,2.36,2.4783357476404735,-0.11833574764047361,ridge,valid,0.11833574764047361
2017-09-09 16:00:00,2.36,2.535258179127274,-0.17525817912727426,ridge,valid,0.17525817912727426
2017-09-09 16:00:00,2.36,2.659836081114165,-0.29983608111416515,ridge,valid,0.29983608111416515
2017-09-09 16:00:00,2.36,2.4406479310701465,-0.08064793107014667,ridge,valid,0.08064793107014667
2017-09-09 16:00:00,2.36,2.50664999658576,-0.14664999658576017,ridge,valid,0.14664999658576017
2017-09-09 16:00:00,2.36,2.6243584146847683,-0.2643584146847684,ridge,valid,0.2643584146847684
2017-09-09 16:00:00,2.36,2.492758691101318,-0.13275869110131833,ridge,valid,0.13275869110131833
2017-09-09 16:00:00,2.36,2.700564347308672,-0.34056434730867213,ridge,valid,0.34056434730867213
2017-09-09 16:00:00,2.36,2.9386867378251917,-0.5786867378251919,ridge,valid,0.5786867378251919
2017-09-09 16:00:00,2.36,2.629869373024153,-0.26986937302415326,ridge,valid,0.26986937302415326
2017-09-09 16:00:00,2.36,2.4423456427206056,-0.08234564272060574,ridge,valid,0.08234564272060574
2017-09-09 16:00:00,2.36,2.3564783398742395,0.003521660125760384,ridge,valid,0.003521660125760384
2017-09-09 16:00:00,2.36,2.36543336810648,-0.0054333681064799855,ridge,valid,0.0054333681064799855
2017-09-09 16:00:00,2.36,2.2867642339629546,0.07323576603704529,ridge,valid,0.07323576603704529
2017-09-09 16:00:00,2.36,2.194470900380339,0.16552909961966078,ridge,valid,0.16552909961966078
2017-09-09 16:00:00,2.36,2.1808215075026163,0.1791784924973836,ridge,valid,0.1791784924973836
2017-09-09 16:00:00,2.36,2.6889679836845106,-0.32896798368451075,ridge,valid,0.32896798368451075
2017-09-09 16:00:00,2.36,2.8130210396803057,-0.4530210396803058,ridge,valid,0.4530210396803058
2017-09-09 16:00:00,2.36,2.721363459746837,-0.3613634597468369,ridge,valid,0.3613634597468369
2017-09-09 16:00:00,2.36,2.6625524023466496,-0.3025524023466497,ridge,valid,0.3025524023466497
2017-09-09 16:00:00,2.36,2.607018782587671,-0.2470187825876713,ridge,valid,0.2470187825876713
2017-09-09 16:00:00,2.36,2.6690552663267613,-0.3090552663267614,ridge,valid,0.3090552663267614
2017-09-09 16:00:00,2.36,2.5211759899249735,-0.16117598992497362,ridge,valid,0.16117598992497362
2017-09-09 16:00:00,2.36,2.588464081276936,-0.22846408127693607,ridge,valid,0.22846408127693607
2017-09-09 16:00:00,2.36,2.657175491634054,-0.2971754916340541,ridge,valid,0.2971754916340541
2017-09-09 16:00:00,2.36,2.569232112687092,-0.2092321126870922,ridge,valid,0.2092321126870922
2017-09-09 16:00:00,2.36,2.5576496400244126,-0.19764964002441276,ridge,valid,0.19764964002441276
2017-09-09 16:00:00,2.36,2.9603664908602223,-0.6003664908602224,ridge,valid,0.6003664908602224
2017-09-09 16:00:00,2.36,2.73550686116283,-0.37550686116283005,ridge,valid,0.37550686116283005
2017-09-09 16:00:00,2.36,2.1852759042323955,0.1747240957676044,ridge,valid,0.1747240957676044
2017-09-09 16:00:00,2.36,1.9481238694213574,0.4118761305786425,ridge,valid,0.4118761305786425
2017-09-09 16:00:00,2.36,2.1265611466833936,0.2334388533166063,ridge,valid,0.2334388533166063
2017-09-09 16:00:00,2.36,2.040449271445021,0.319550728554979,ridge,valid,0.319550728554979
2017-09-09 16:00:00,2.36,2.0650379323724635,0.2949620676275364,ridge,valid,0.2949620676275364
2017-09-09 16:00:00,2.36,2.0703780204388402,0.28962197956115965,ridge,valid,0.28962197956115965
2017-09-09 16:00:00,2.36,1.9566202644726802,0.40337973552731965,ridge,valid,0.40337973552731965
2017-09-09 16:00:00,2.36,1.9997878942634921,0.36021210573650775,ridge,valid,0.36021210573650775
2017-09-09 16:00:00,2.36,2.070648707901996,0.2893512920980039,ridge,valid,0.2893512920980039
2017-09-09 16:00:00,2.36,2.1155250870497024,0.24447491295029744,ridge,valid,0.24447491295029744
2017-09-09 16:00:00,2.36,2.1872965692736037,0.17270343072639616,ridge,valid,0.17270343072639616
2017-09-09 16:00:00,2.36,2.4292451929865786,-0.06924519298657872,ridge,valid,0.06924519298657872
2017-09-09 16:00:00,2.36,2.4523909447247925,-0.09239094472479259,ridge,valid,0.09239094472479259
2017-09-09 16:00:00,2.36,2.5479258294316134,-0.1879258294316135,ridge,valid,0.1879258294316135
2017-09-09 16:00:00,2.36,2.3541276756374647,0.005872324362535153,ridge,valid,0.005872324362535153
2017-09-09 16:00:00,2.36,2.121624336731262,0.23837566326873771,ridge,valid,0.23837566326873771
2017-09-09 16:00:00,2.36,2.1700738360653427,0.18992616393465722,ridge,valid,0.18992616393465722
2017-09-09 16:00:00,2.36,2.1904934911492893,0.1695065088507106,ridge,valid,0.1695065088507106
2017-09-09 16:00:00,2.36,2.1304489723473243,0.22955102765267554,ridge,valid,0.22955102765267554
2017-09-09 16:00:00,2.36,2.1132782865749693,0.24672171342503058,ridge,valid,0.24672171342503058
2017-09-09 16:00:00,2.36,2.4026117064421526,-0.04261170644215273,ridge,valid,0.04261170644215273
2017-09-09 16:00:00,2.36,2.1681228311302565,0.19187716886974338,ridge,valid,0.19187716886974338
2017-09-09 16:00:00,2.36,2.436611008020634,-0.07661100802063414,ridge,valid,0.07661100802063414
2017-09-09 16:00:00,2.36,2.329447396800344,0.030552603199655692,ridge,valid,0.030552603199655692
2017-09-09 16:00:00,2.36,2.001623481027331,0.3583765189726691,ridge,valid,0.3583765189726691
2017-09-09 16:00:00,2.36,2.101952509120991,0.2580474908790089,ridge,valid,0.2580474908790089
2017-09-09 16:00:00,2.36,1.9350427744216798,0.42495722557832005,ridge,valid,0.42495722557832005
2017-09-09 16:00:00,2.36,1.9537212918508322,0.40627870814916767,ridge,valid,0.40627870814916767
2017-09-09 16:00:00,2.36,1.9432281536066363,0.4167718463933636,ridge,valid,0.4167718463933636
2017-09-09 16:00:00,2.36,1.9920197175564576,0.3679802824435423,ridge,valid,0.3679802824435423
2017-09-09 16:00:00,2.36,2.0272965039767152,0.33270349602328464,ridge,valid,0.33270349602328464
2017-09-09 16:00:00,2.36,1.9865044378944479,0.373495562105552,ridge,valid,0.373495562105552
2017-09-09 16:00:00,2.36,2.180567121907333,0.17943287809266684,ridge,valid,0.17943287809266684
2017-09-09 16:00:00,2.36,2.0164304839786324,0.3435695160213674,ridge,valid,0.3435695160213674
2017-09-09 16:00:00,2.36,2.1085970022204705,0.25140299777952935,ridge,valid,0.25140299777952935
2017-09-09 16:00:00,2.36,2.1173269555788705,0.24267304442112936,ridge,valid,0.24267304442112936
2017-09-09 16:00:00,2.36,2.16998280615537,0.19001719384462978,ridge,valid,0.19001719384462978
2017-09-09 16:00:00,2.36,2.30585294199626,0.05414705800373998,ridge,valid,0.05414705800373998
2017-09-09 16:00:00,2.36,2.4013576590981764,-0.04135765909817657,ridge,valid,0.04135765909817657
2017-09-09 16:00:00,2.36,2.4091718846448145,-0.04917188464481459,ridge,valid,0.04917188464481459
2017-09-09 16:00:00,2.36,2.4664104849061417,-0.1064104849061418,ridge,valid,0.1064104849061418
2017-09-09 16:00:00,2.36,2.335822451397463,0.02417754860253707,ridge,valid,0.02417754860253707
2017-09-09 16:00:00,2.36,2.2140683373112524,0.14593166268874747,ridge,valid,0.14593166268874747
2017-09-09 16:00:00,2.36,2.385363884388328,-0.02536388438832793,ridge,valid,0.02536388438832793
2017-09-09 16:00:00,2.36,2.1932744700546443,0.1667255299453556,ridge,valid,0.1667255299453556
2017-09-09 16:00:00,2.36,2.3797084948765574,-0.01970849487655757,ridge,valid,0.01970849487655757
2017-09-09 16:00:00,2.36,2.2978370770639307,0.062162922936069176,ridge,valid,0.062162922936069176
2017-09-09 16:00:00,2.36,2.1410223232936354,0.21897767670636448,ridge,valid,0.21897767670636448
2017-09-09 16:00:00,2.36,2.85271998148057,-0.4927199814805703,ridge,valid,0.4927199814805703
2017-09-09 16:00:00,2.36,3.201601071359609,-0.8416010713596092,ridge,valid,0.8416010713596092
2017-09-09 16:00:00,2.36,2.9035748661309886,-0.5435748661309887,ridge,valid,0.5435748661309887
2017-09-09 16:00:00,2.36,2.7474758169753026,-0.38747581697530276,ridge,valid,0.38747581697530276
2017-09-09 16:00:00,2.36,2.7924394794876974,-0.43243947948769756,ridge,valid,0.43243947948769756
2017-09-09 16:00:00,2.36,2.6841435755818743,-0.32414357558187445,ridge,valid,0.32414357558187445
2017-09-09 16:00:00,2.36,2.748838719516817,-0.38883871951681703,ridge,valid,0.38883871951681703
2017-09-09 16:00:00,2.36,2.625377812849397,-0.2653778128493971,ridge,valid,0.2653778128493971
2017-09-09 16:00:00,2.36,2.6641671631337815,-0.30416716313378167,ridge,valid,0.30416716313378167
2017-09-09 16:00:00,2.36,2.5025020943772964,-0.14250209437729655,ridge,valid,0.14250209437729655
2017-09-09 16:00:00,2.36,2.5372346078168357,-0.17723460781683587,ridge,valid,0.17723460781683587
2017-09-09 16:00:00,2.36,2.616101392006362,-0.25610139200636217,ridge,valid,0.25610139200636217
2017-09-09 16:00:00,2.36,2.5513506764103213,-0.19135067641032144,ridge,valid,0.19135067641032144
2017-09-09 16:00:00,2.36,2.426712869725931,-0.06671286972593116,ridge,valid,0.06671286972593116
2017-09-09 16:00:00,2.36,2.4893623805632745,-0.12936238056327465,ridge,valid,0.12936238056327465
2017-09-09 16:00:00,2.36,2.536982807658517,-0.17698280765851715,ridge,valid,0.17698280765851715
2017-09-09 16:00:00,2.36,2.604733236102063,-0.24473323610206332,ridge,valid,0.24473323610206332
2017-09-09 16:00:00,2.36,2.5156318002989564,-0.1556318002989565,ridge,valid,0.1556318002989565
2017-09-09 16:00:00,2.36,2.52615176350203,-0.1661517635020302,ridge,valid,0.1661517635020302
2017-09-09 16:00:00,2.36,2.5687727921534993,-0.20877279215349942,ridge,valid,0.20877279215349942
2017-09-09 16:00:00,2.36,2.564557889993061,-0.2045578899930609,ridge,valid,0.2045578899930609
2017-09-09 16:00:00,2.36,2.503288711309884,-0.14328871130988396,ridge,valid,0.14328871130988396
2017-09-09 16:00:00,2.36,2.663346792605093,-0.303346792605093,ridge,valid,0.303346792605093
2017-09-09 16:00:00,2.36,2.7276946353269,-0.36769463532690017,ridge,valid,0.36769463532690017
2017-09-09 16:00:00,2.36,2.6106698496976986,-0.2506698496976987,ridge,valid,0.2506698496976987
2017-09-09 16:00:00,2.36,2.7745069732850207,-0.41450697328502084,ridge,valid,0.41450697328502084
2017-09-09 16:00:00,2.36,2.826962410920346,-0.4669624109203463,ridge,valid,0.4669624109203463
2017-09-09 16:00:00,2.36,2.893752154136421,-0.5337521541364212,ridge,valid,0.5337521541364212
2017-09-09 16:00:00,2.36,2.722439484642738,-0.3624394846427381,ridge,valid,0.3624394846427381
2017-09-09 16:00:00,2.36,2.7181238528765586,-0.3581238528765587,ridge,valid,0.3581238528765587
2017-09-09 16:00:00,2.36,2.6823133443768037,-0.3223133443768038,ridge,valid,0.3223133443768038
2017-09-09 16:00:00,2.36,2.656119595674816,-0.29611959567481616,ridge,valid,0.29611959567481616
2017-09-09 16:00:00,2.36,2.6468206261845713,-0.2868206261845714,ridge,valid,0.2868206261845714
2017-09-09 16:00:00,2.36,2.714566650622019,-0.3545666506220191,ridge,valid,0.3545666506220191
2017-09-09 16:00:00,2.36,2.778784939366073,-0.418784939366073,ridge,valid,0.418784939366073
2017-09-09 16:00:00,2.36,2.77587887883888,-0.4158788788388801,ridge,valid,0.4158788788388801
2017-09-09 16:00:00,2.36,2.7420791570549725,-0.38207915705497264,ridge,valid,0.38207915705497264
2017-09-09 16:00:00,2.36,2.7206660672132617,-0.3606660672132618,ridge,valid,0.3606660672132618
2017-09-09 16:00:00,2.36,2.7505459362327196,-0.3905459362327197,ridge,valid,0.3905459362327197
2017-09-09 16:00:00,2.36,2.7058308948852994,-0.3458308948852995,ridge,valid,0.3458308948852995
2017-09-09 16:00:00,2.36,2.6499791046162855,-0.2899791046162856,ridge,valid,0.2899791046162856
2017-09-09 16:00:00,2.36,2.59137561694729,-0.23137561694729003,ridge,valid,0.23137561694729003
2017-09-09 16:00:00,2.36,2.5890532392932095,-0.22905323929320964,ridge,valid,0.22905323929320964
2017-09-09 16:00:00,2.36,2.6366416550854255,-0.2766416550854256,ridge,valid,0.2766416550854256
2017-09-09 16:00:00,2.36,2.527133609046958,-0.16713360904695795,ridge,valid,0.16713360904695795
2017-09-09 16:00:00,2.36,2.6190243338107155,-0.25902433381071566,ridge,valid,0.25902433381071566
2017-09-09 16:00:00,2.36,2.64020741706741,-0.28020741706741026,ridge,valid,0.28020741706741026
2017-09-09 16:00:00,2.36,2.561655488928935,-0.20165548892893526,ridge,valid,0.20165548892893526
2017-09-09 16:00:00,2.36,2.6773551928183017,-0.3173551928183018,ridge,valid,0.3173551928183018
2017-09-09 16:00:00,2.36,2.7100335633252053,-0.3500335633252054,ridge,valid,0.3500335633252054
2017-09-09 16:00:00,2.36,2.746771705594218,-0.38677170559421814,ridge,valid,0.38677170559421814
2017-09-09 16:00:00,2.36,2.8430890177545445,-0.4830890177545446,ridge,valid,0.4830890177545446
2017-09-09 16:00:00,2.36,2.7982611288562365,-0.4382611288562366,ridge,valid,0.4382611288562366
2017-09-09 16:00:00,2.36,2.7331752436588066,-0.3731752436588067,ridge,valid,0.3731752436588067
2017-09-09 16:00:00,2.36,2.7768536149223952,-0.41685361492239537,ridge,valid,0.41685361492239537
2017-09-09 16:00:00,2.36,2.7331111713264744,-0.37311117132647453,ridge,valid,0.37311117132647453
2017-09-09 16:00:00,2.36,2.6459625178402653,-0.2859625178402654,ridge,valid,0.2859625178402654
2017-09-09 16:00:00,2.36,2.51824261349001,-0.15824261349001034,ridge,valid,0.15824261349001034
2017-09-09 16:00:00,2.36,2.5004395286869348,-0.14043952868693488,ridge,valid,0.14043952868693488
2017-09-09 16:00:00,2.36,2.579363220505144,-0.21936322050514434,ridge,valid,0.21936322050514434
2017-09-09 16:00:00,2.36,2.6165544172761313,-0.2565544172761314,ridge,valid,0.2565544172761314
2017-09-09 16:00:00,2.36,2.5199731628637694,-0.1599731628637695,ridge,valid,0.1599731628637695
2017-09-09 16:00:00,2.36,2.622775260438936,-0.2627752604389362,ridge,valid,0.2627752604389362
2017-09-09 16:00:00,2.36,2.955487152241728,-0.595487152241728,ridge,valid,0.595487152241728
2017-09-09 16:00:00,2.36,3.0342295408349447,-0.6742295408349448,ridge,valid,0.6742295408349448
2017-09-09 16:00:00,2.36,2.8668051140893147,-0.5068051140893148,ridge,valid,0.5068051140893148
2017-09-09 16:00:00,2.36,2.874380004620736,-0.5143800046207363,ridge,valid,0.5143800046207363
2017-09-09 16:00:00,2.36,3.0646357785824985,-0.7046357785824986,ridge,valid,0.7046357785824986
2017-09-09 16:00:00,2.36,3.250674254693327,-0.8906742546933271,ridge,valid,0.8906742546933271
2017-09-09 16:00:00,2.36,2.9826902700145106,-0.6226902700145107,ridge,valid,0.6226902700145107
2017-09-09 16:00:00,2.36,2.8154284480659393,-0.4554284480659394,ridge,valid,0.4554284480659394
2017-09-09 16:00:00,2.36,2.9987929326311047,-0.6387929326311048,ridge,valid,0.6387929326311048
2017-09-09 16:00:00,2.36,2.843602683883819,-0.4836026838838192,ridge,valid,0.4836026838838192
2017-09-09 16:00:00,2.36,2.7377762163848023,-0.3777762163848024,ridge,valid,0.3777762163848024
2017-09-09 16:00:00,2.36,2.7563014362629854,-0.39630143626298553,ridge,valid,0.39630143626298553
2017-09-09 16:00:00,2.36,2.6564930447193267,-0.2964930447193268,ridge,valid,0.2964930447193268
2017-09-09 16:00:00,2.36,2.7472681149626883,-0.3872681149626884,ridge,valid,0.3872681149626884
2017-09-09 16:00:00,2.36,2.7662128150264977,-0.40621281502649786,ridge,valid,0.40621281502649786
2017-09-09 16:00:00,2.36,2.71339410540572,-0.3533941054057199,ridge,valid,0.3533941054057199
2017-09-09 16:00:00,2.36,2.6276961963254784,-0.2676961963254785,ridge,valid,0.2676961963254785
2017-09-09 16:00:00,2.36,2.757826479289643,-0.3978264792896433,ridge,valid,0.3978264792896433
2017-09-09 16:00:00,2.36,2.652690826698485,-0.2926908266984851,ridge,valid,0.2926908266984851
2017-09-09 16:00:00,2.36,2.612336520660808,-0.2523365206608079,ridge,valid,0.2523365206608079
2017-09-09 16:00:00,2.36,2.8180239670876555,-0.4580239670876556,ridge,valid,0.4580239670876556
2017-09-09 16:00:00,2.36,2.7974841973109936,-0.43748419731099375,ridge,valid,0.43748419731099375
2017-09-09 16:00:00,2.36,2.836163211592702,-0.47616321159270214,ridge,valid,0.47616321159270214
2017-09-09 16:00:00,2.36,2.794476269272802,-0.4344762692728019,ridge,valid,0.4344762692728019
2017-09-09 16:00:00,2.36,2.7062105823336684,-0.3462105823336685,ridge,valid,0.3462105823336685
2017-09-09 17:00:00,2.74,3.1977738654819094,-0.45777386548190924,ridge,valid,0.45777386548190924
2017-09-09 17:00:00,2.74,3.0115646469712742,-0.271564646971274,ridge,valid,0.271564646971274
2017-09-09 17:00:00,2.74,2.587776585005944,0.15222341499405623,ridge,valid,0.15222341499405623
2017-09-09 17:00:00,2.74,2.1866196266449895,0.5533803733550107,ridge,valid,0.5533803733550107
2017-09-09 17:00:00,2.74,2.3239085518123614,0.41609144818763877,ridge,valid,0.41609144818763877
2017-09-09 17:00:00,2.74,2.2036838930934706,0.5363161069065296,ridge,valid,0.5363161069065296
2017-09-09 17:00:00,2.74,2.022739910649236,0.7172600893507641,ridge,valid,0.7172600893507641
2017-09-09 17:00:00,2.74,2.311077953580875,0.428922046419125,ridge,valid,0.428922046419125
2017-09-09 17:00:00,2.74,2.3719065308652754,0.36809346913472485,ridge,valid,0.36809346913472485
2017-09-09 17:00:00,2.74,2.4416563766190165,0.29834362338098375,ridge,valid,0.29834362338098375
2017-09-09 17:00:00,2.74,2.3388592026764745,0.4011407973235257,ridge,valid,0.4011407973235257
2017-09-09 17:00:00,2.74,2.3698366069637573,0.3701633930362429,ridge,valid,0.3701633930362429
2017-09-09 17:00:00,2.74,2.2870867019289993,0.4529132980710009,ridge,valid,0.4529132980710009
2017-09-09 17:00:00,2.74,2.317659933430731,0.42234006656926937,ridge,valid,0.42234006656926937
2017-09-09 17:00:00,2.74,2.462133807305,0.27786619269500035,ridge,valid,0.27786619269500035
2017-09-09 17:00:00,2.74,2.198727006879008,0.5412729931209923,ridge,valid,0.5412729931209923
2017-09-09 17:00:00,2.74,2.1119089838725684,0.6280910161274318,ridge,valid,0.6280910161274318
2017-09-09 17:00:00,2.74,2.2861197147230565,0.4538802852769437,ridge,valid,0.4538802852769437
2017-09-09 17:00:00,2.74,2.0120914834106025,0.7279085165893977,ridge,valid,0.7279085165893977
2017-09-09 17:00:00,2.74,2.0932911834068,0.6467088165932,ridge,valid,0.6467088165932
2017-09-09 17:00:00,2.74,2.199903184380189,0.5400968156198114,ridge,valid,0.5400968156198114
2017-09-09 17:00:00,2.74,2.0973588831168204,0.6426411168831798,ridge,valid,0.6426411168831798
2017-09-09 17:00:00,2.74,2.3199537272240436,0.42004627277595663,ridge,valid,0.42004627277595663
2017-09-09 17:00:00,2.74,2.2154528457247906,0.5245471542752096,ridge,valid,0.5245471542752096
2017-09-09 17:00:00,2.74,2.3658457088094855,0.3741542911905147,ridge,valid,0.3741542911905147
2017-09-09 17:00:00,2.74,2.090154927081303,0.6498450729186973,ridge,valid,0.6498450729186973
2017-09-09 17:00:00,2.74,2.0826372009353715,0.6573627990646287,ridge,valid,0.6573627990646287
2017-09-09 17:00:00,2.74,2.302474375300707,0.4375256246992931,ridge,valid,0.4375256246992931
2017-09-09 17:00:00,2.74,2.2746878405080064,0.4653121594919938,ridge,valid,0.4653121594919938
2017-09-09 17:00:00,2.74,2.288839369883802,0.4511606301161981,ridge,valid,0.4511606301161981
2017-09-09 17:00:00,2.74,2.4398369534748934,0.30016304652510684,ridge,valid,0.30016304652510684
2017-09-09 17:00:00,2.74,2.311543022961898,0.42845697703810215,ridge,valid,0.42845697703810215
2017-09-09 17:00:00,2.74,2.3840278745083276,0.35597212549167256,ridge,valid,0.35597212549167256
2017-09-09 17:00:00,2.74,2.377344152298025,0.362655847701975,ridge,valid,0.362655847701975
2017-09-09 17:00:00,2.74,2.1850209526115854,0.5549790473884149,ridge,valid,0.5549790473884149
2017-09-09 17:00:00,2.74,2.190057040399452,0.5499429596005481,ridge,valid,0.5499429596005481
2017-09-09 17:00:00,2.74,2.177042582590138,0.5629574174098622,ridge,valid,0.5629574174098622
2017-09-09 17:00:00,2.74,2.238274963047291,0.5017250369527093,ridge,valid,0.5017250369527093
2017-09-09 17:00:00,2.74,2.434010394157213,0.30598960584278734,ridge,valid,0.30598960584278734
2017-09-09 17:00:00,2.74,2.3929524698671414,0.34704753013285883,ridge,valid,0.34704753013285883
2017-09-09 17:00:00,2.74,2.532978018958865,0.20702198104113512,ridge,valid,0.20702198104113512
2017-09-09 17:00:00,2.74,2.405329316958448,0.33467068304155223,ridge,valid,0.33467068304155223
2017-09-09 17:00:00,2.74,2.3073087375892363,0.43269126241076394,ridge,valid,0.43269126241076394
2017-09-09 17:00:00,2.74,2.579428938166389,0.16057106183361114,ridge,valid,0.16057106183361114
2017-09-09 17:00:00,2.74,2.7401215401928227,-0.00012154019282251127,ridge,valid,0.00012154019282251127
2017-09-09 17:00:00,2.74,2.6006065955299853,0.13939340447001491,ridge,valid,0.13939340447001491
2017-09-09 17:00:00,2.74,2.5984643198656445,0.1415356801343557,ridge,valid,0.1415356801343557
2017-09-09 17:00:00,2.74,2.4775705997629696,0.26242940023703065,ridge,valid,0.26242940023703065
2017-09-09 17:00:00,2.74,2.2763534258412133,0.46364657415878696,ridge,valid,0.46364657415878696
2017-09-09 17:00:00,2.74,2.1082597920326815,0.6317402079673187,ridge,valid,0.6317402079673187
2017-09-09 17:00:00,2.74,2.267078536420377,0.47292146357962306,ridge,valid,0.47292146357962306
2017-09-09 17:00:00,2.74,2.3296157923922634,0.41038420760773686,ridge,valid,0.41038420760773686
2017-09-09 17:00:00,2.74,2.4617485510782995,0.27825144892170073,ridge,valid,0.27825144892170073
2017-09-09 17:00:00,2.74,2.4371547568478658,0.30284524315213446,ridge,valid,0.30284524315213446
2017-09-09 17:00:00,2.74,2.409476795274817,0.3305232047251834,ridge,valid,0.3305232047251834
2017-09-09 17:00:00,2.74,2.404167287217958,0.3358327127820422,ridge,valid,0.3358327127820422
2017-09-09 17:00:00,2.74,2.53253528198137,0.2074647180186302,ridge,valid,0.2074647180186302
2017-09-09 17:00:00,2.74,2.3105001538745293,0.4294998461254709,ridge,valid,0.4294998461254709
2017-09-09 17:00:00,2.74,2.253508215312102,0.4864917846878982,ridge,valid,0.4864917846878982
2017-09-09 17:00:00,2.74,2.1229446941764207,0.6170553058235795,ridge,valid,0.6170553058235795
2017-09-09 17:00:00,2.74,1.9326890747090522,0.8073109252909481,ridge,valid,0.8073109252909481
2017-09-09 17:00:00,2.74,2.023139520250161,0.716860479749839,ridge,valid,0.716860479749839
2017-09-09 17:00:00,2.74,2.3369030199199976,0.4030969800800026,ridge,valid,0.4030969800800026
2017-09-09 17:00:00,2.74,2.3095487393675627,0.43045126063243755,ridge,valid,0.43045126063243755
2017-09-09 17:00:00,2.74,2.3929090854101713,0.3470909145898289,ridge,valid,0.3470909145898289
2017-09-09 17:00:00,2.74,2.291911595653441,0.44808840434655917,ridge,valid,0.44808840434655917
2017-09-09 17:00:00,2.74,2.5017920943446885,0.2382079056553117,ridge,valid,0.2382079056553117
2017-09-09 17:00:00,2.74,2.423518850473835,0.31648114952616524,ridge,valid,0.31648114952616524
2017-09-09 17:00:00,2.74,2.3604866879276813,0.37951331207231886,ridge,valid,0.37951331207231886
2017-09-09 17:00:00,2.74,2.3368163442133065,0.4031836557866937,ridge,valid,0.4031836557866937
2017-09-09 17:00:00,2.74,2.0636546615433744,0.6763453384566258,ridge,valid,0.6763453384566258
2017-09-09 17:00:00,2.74,2.290149262605164,0.4498507373948364,ridge,valid,0.4498507373948364
2017-09-09 17:00:00,2.74,2.2644355597983736,0.4755644402016266,ridge,valid,0.4755644402016266
2017-09-09 17:00:00,2.74,2.2491619888194854,0.49083801118051484,ridge,valid,0.49083801118051484
2017-09-09 17:00:00,2.74,2.206868176700071,0.5331318232999291,ridge,valid,0.5331318232999291
2017-09-09 17:00:00,2.74,2.2761012617839453,0.4638987382160549,ridge,valid,0.4638987382160549
2017-09-09 17:00:00,2.74,2.2167008705674047,0.5232991294325955,ridge,valid,0.5232991294325955
2017-09-09 17:00:00,2.74,2.1335653299076807,0.6064346700923195,ridge,valid,0.6064346700923195
2017-09-09 17:00:00,2.74,2.2097463936530377,0.5302536063469625,ridge,valid,0.5302536063469625
2017-09-09 17:00:00,2.74,2.513195740875629,0.2268042591243713,ridge,valid,0.2268042591243713
2017-09-09 17:00:00,2.74,2.615885734094513,0.12411426590548702,ridge,valid,0.12411426590548702
2017-09-09 17:00:00,2.74,2.4448536626138284,0.2951463373861718,ridge,valid,0.2951463373861718
2017-09-09 17:00:00,2.74,2.4733277843799573,0.26667221562004295,ridge,valid,0.26667221562004295
2017-09-09 17:00:00,2.74,2.192103825560154,0.5478961744398463,ridge,valid,0.5478961744398463
2017-09-09 17:00:00,2.74,2.1864987627262527,0.5535012372737476,ridge,valid,0.5535012372737476
2017-09-09 17:00:00,2.74,2.221266757244236,0.518733242755764,ridge,valid,0.518733242755764
2017-09-09 17:00:00,2.74,2.131055436857597,0.6089445631424031,ridge,valid,0.6089445631424031
2017-09-09 17:00:00,2.74,2.1945678012463734,0.5454321987536268,ridge,valid,0.5454321987536268
2017-09-09 17:00:00,2.74,2.254246357794808,0.485753642205192,ridge,valid,0.485753642205192
2017-09-09 17:00:00,2.74,2.376270569506565,0.3637294304934353,ridge,valid,0.3637294304934353
2017-09-09 17:00:00,2.74,2.245104543867291,0.494895456132709,ridge,valid,0.494895456132709
2017-09-09 17:00:00,2.74,2.328398776932708,0.4116012230672923,ridge,valid,0.4116012230672923
2017-09-09 17:00:00,2.74,2.3560172273895557,0.38398277261044456,ridge,valid,0.38398277261044456
2017-09-09 17:00:00,2.74,2.674232240451506,0.06576775954849401,ridge,valid,0.06576775954849401
2017-09-09 17:00:00,2.74,2.5252846228413772,0.214715377158623,ridge,valid,0.214715377158623
2017-09-09 17:00:00,2.74,2.418007564247316,0.321992435752684,ridge,valid,0.321992435752684
2017-09-09 17:00:00,2.74,2.6531290658954907,0.08687093410450952,ridge,valid,0.08687093410450952
2017-09-09 17:00:00,2.74,2.5077100653574207,0.23228993464257952,ridge,valid,0.23228993464257952
2017-09-09 17:00:00,2.74,2.625901364131782,0.11409863586821833,ridge,valid,0.11409863586821833
2017-09-09 17:00:00,2.74,2.5131000609145167,0.22689993908548356,ridge,valid,0.22689993908548356
2017-09-09 17:00:00,2.74,2.5814385611434134,0.1585614388565868,ridge,valid,0.1585614388565868
2017-09-09 17:00:00,2.74,2.198110314504971,0.541889685495029,ridge,valid,0.541889685495029
2017-09-09 17:00:00,2.74,2.0925270890731444,0.6474729109268558,ridge,valid,0.6474729109268558
2017-09-09 17:00:00,2.74,2.058217727008142,0.6817822729918581,ridge,valid,0.6817822729918581
2017-09-09 17:00:00,2.74,2.010116881018993,0.7298831189810073,ridge,valid,0.7298831189810073
2017-09-09 17:00:00,2.74,2.1826914431784044,0.5573085568215959,ridge,valid,0.5573085568215959
2017-09-09 17:00:00,2.74,2.2786251124240477,0.46137488757595246,ridge,valid,0.46137488757595246
2017-09-09 17:00:00,2.74,2.3174667375066407,0.42253326249335954,ridge,valid,0.42253326249335954
2017-09-09 17:00:00,2.74,2.289984397809712,0.45001560219028836,ridge,valid,0.45001560219028836
2017-09-09 17:00:00,2.74,2.328570029012252,0.41142997098774803,ridge,valid,0.41142997098774803
2017-09-09 17:00:00,2.74,2.177705397923373,0.5622946020766273,ridge,valid,0.5622946020766273
2017-09-09 17:00:00,2.74,2.082192523001459,0.6578074769985411,ridge,valid,0.6578074769985411
2017-09-09 17:00:00,2.74,2.1696539339881586,0.5703460660118416,ridge,valid,0.5703460660118416
2017-09-09 17:00:00,2.74,2.0921113911523475,0.6478886088476528,ridge,valid,0.6478886088476528
2017-09-09 17:00:00,2.74,2.3751064465323437,0.3648935534676565,ridge,valid,0.3648935534676565
2017-09-09 17:00:00,2.74,2.4261055948707564,0.3138944051292438,ridge,valid,0.3138944051292438
2017-09-09 17:00:00,2.74,2.334154799124338,0.4058452008756621,ridge,valid,0.4058452008756621
2017-09-09 17:00:00,2.74,1.9861358067761383,0.7538641932238619,ridge,valid,0.7538641932238619
2017-09-09 17:00:00,2.74,2.0013056039171166,0.7386943960828836,ridge,valid,0.7386943960828836
2017-09-09 17:00:00,2.74,1.975195838322712,0.7648041616772883,ridge,valid,0.7648041616772883
2017-09-09 17:00:00,2.74,2.081907529240204,0.6580924707597964,ridge,valid,0.6580924707597964
2017-09-09 17:00:00,2.74,2.161918107430663,0.5780818925693372,ridge,valid,0.5780818925693372
2017-09-09 17:00:00,2.74,2.1801196579763036,0.5598803420236966,ridge,valid,0.5598803420236966
2017-09-09 17:00:00,2.74,2.1875086529236074,0.5524913470763928,ridge,valid,0.5524913470763928
2017-09-09 17:00:00,2.74,2.25783464254827,0.48216535745173017,ridge,valid,0.48216535745173017
2017-09-09 17:00:00,2.74,2.275959513025622,0.4640404869743784,ridge,valid,0.4640404869743784
2017-09-09 17:00:00,2.74,2.226393214837806,0.5136067851621942,ridge,valid,0.5136067851621942
2017-09-09 17:00:00,2.74,2.287398380653096,0.452601619346904,ridge,valid,0.452601619346904
2017-09-09 17:00:00,2.74,2.2129006356590915,0.5270993643409088,ridge,valid,0.5270993643409088
2017-09-09 17:00:00,2.74,2.36824420700804,0.3717557929919604,ridge,valid,0.3717557929919604
2017-09-09 17:00:00,2.74,2.437787278780411,0.3022127212195893,ridge,valid,0.3022127212195893
2017-09-09 17:00:00,2.74,2.3305236389365955,0.4094763610634047,ridge,valid,0.4094763610634047
2017-09-09 17:00:00,2.74,2.361809987969494,0.3781900120305064,ridge,valid,0.3781900120305064
2017-09-09 17:00:00,2.74,2.449672213595723,0.29032778640427725,ridge,valid,0.29032778640427725
2017-09-09 17:00:00,2.74,2.471911806224503,0.2680881937754971,ridge,valid,0.2680881937754971
2017-09-09 17:00:00,2.74,2.3065886541950222,0.433411345804978,ridge,valid,0.433411345804978
2017-09-09 17:00:00,2.74,2.0354653328288137,0.7045346671711865,ridge,valid,0.7045346671711865
2017-09-09 17:00:00,2.74,2.5482347325658026,0.19176526743419764,ridge,valid,0.19176526743419764
2017-09-09 17:00:00,2.74,2.5035791348874827,0.23642086511251748,ridge,valid,0.23642086511251748
2017-09-09 17:00:00,2.74,1.4976624791478856,1.2423375208521146,ridge,valid,1.2423375208521146
2017-09-09 17:00:00,2.74,1.3112501805854573,1.428749819414543,ridge,valid,1.428749819414543
2017-09-09 17:00:00,2.74,1.669966072320393,1.0700339276796071,ridge,valid,1.0700339276796071
2017-09-09 17:00:00,2.74,1.7919272444061192,0.948072755593881,ridge,valid,0.948072755593881
2017-09-09 17:00:00,2.74,1.8016784327546844,0.9383215672453158,ridge,valid,0.9383215672453158
2017-09-09 17:00:00,2.74,1.7590580685115471,0.9809419314884531,ridge,valid,0.9809419314884531
2017-09-09 17:00:00,2.74,1.7732800378963995,0.9667199621036007,ridge,valid,0.9667199621036007
2017-09-09 17:00:00,2.74,2.1534436842271276,0.5865563157728726,ridge,valid,0.5865563157728726
2017-09-09 17:00:00,2.74,2.1740767684870344,0.5659232315129659,ridge,valid,0.5659232315129659
2017-09-09 17:00:00,2.74,2.2435009323263113,0.4964990676736889,ridge,valid,0.4964990676736889
2017-09-09 17:00:00,2.74,2.2819171978152353,0.45808280218476494,ridge,valid,0.45808280218476494
2017-09-09 17:00:00,2.74,2.4444889924595823,0.2955110075404179,ridge,valid,0.2955110075404179
2017-09-09 17:00:00,2.74,2.6282019141886495,0.11179808581135076,ridge,valid,0.11179808581135076
2017-09-09 17:00:00,2.74,2.486717108903385,0.25328289109661517,ridge,valid,0.25328289109661517
2017-09-09 17:00:00,2.74,2.619516672918357,0.12048332708164322,ridge,valid,0.12048332708164322
2017-09-09 17:00:00,2.74,2.551180505919596,0.18881949408040422,ridge,valid,0.18881949408040422
2017-09-09 17:00:00,2.74,2.571617396593775,0.16838260340622524,ridge,valid,0.16838260340622524
2017-09-09 17:00:00,2.74,2.5326877968799577,0.2073122031200425,ridge,valid,0.2073122031200425
2017-09-09 17:00:00,2.74,2.286574006396939,0.45342599360306135,ridge,valid,0.45342599360306135
2017-09-09 17:00:00,2.74,2.167435649110031,0.5725643508899694,ridge,valid,0.5725643508899694
2017-09-09 17:00:00,2.74,2.187682515635352,0.5523174843646483,ridge,valid,0.5523174843646483
2017-09-09 17:00:00,2.74,2.27846726636372,0.4615327336362802,ridge,valid,0.4615327336362802
2017-09-09 17:00:00,2.74,2.406788784446362,0.3332112155536384,ridge,valid,0.3332112155536384
2017-09-09 17:00:00,2.74,2.088196365267792,0.6518036347322083,ridge,valid,0.6518036347322083
2017-09-09 17:00:00,2.74,2.3135906372906083,0.4264093627093919,ridge,valid,0.4264093627093919
2017-09-09 17:00:00,2.74,2.2200878892277847,0.5199121107722156,ridge,valid,0.5199121107722156
2017-09-09 17:00:00,2.74,2.0930081676911354,0.6469918323088648,ridge,valid,0.6469918323088648
2017-09-09 17:00:00,2.74,2.1531822066910067,0.5868177933089935,ridge,valid,0.5868177933089935
2017-09-09 17:00:00,2.74,2.183697996230403,0.5563020037695972,ridge,valid,0.5563020037695972
2017-09-09 17:00:00,2.74,1.9626520194733188,0.7773479805266814,ridge,valid,0.7773479805266814
2017-09-09 17:00:00,2.74,2.070484905431557,0.6695150945684434,ridge,valid,0.6695150945684434
2017-09-09 17:00:00,2.74,1.9421503339620707,0.7978496660379295,ridge,valid,0.7978496660379295
2017-09-09 17:00:00,2.74,1.9661334865384326,0.7738665134615677,ridge,valid,0.7738665134615677
2017-09-09 17:00:00,2.74,2.1180327627483075,0.6219672372516927,ridge,valid,0.6219672372516927
2017-09-09 17:00:00,2.74,2.199963670517674,0.540036329482326,ridge,valid,0.540036329482326
2017-09-09 17:00:00,2.74,2.448071431142078,0.29192856885792207,ridge,valid,0.29192856885792207
2017-09-09 17:00:00,2.74,2.507428791598415,0.2325712084015854,ridge,valid,0.2325712084015854
2017-09-09 17:00:00,2.74,2.673458977312502,0.06654102268749806,ridge,valid,0.06654102268749806
2017-09-09 17:00:00,2.74,2.694234729145575,0.04576527085442539,ridge,valid,0.04576527085442539
2017-09-09 17:00:00,2.74,2.3863270617722887,0.3536729382277115,ridge,valid,0.3536729382277115
2017-09-09 17:00:00,2.74,2.3441590160447463,0.3958409839552539,ridge,valid,0.3958409839552539
2017-09-09 18:00:00,1.83,2.371569558837942,-0.5415695588379421,ridge,valid,0.5415695588379421
2017-09-09 18:00:00,1.83,2.6296525071621257,-0.7996525071621257,ridge,valid,0.7996525071621257
2017-09-09 18:00:00,1.83,2.6912822062720236,-0.8612822062720236,ridge,valid,0.8612822062720236
2017-09-09 18:00:00,1.83,2.3348777900089144,-0.5048777900089143,ridge,valid,0.5048777900089143
2017-09-09 18:00:00,1.83,2.4128710541361844,-0.5828710541361843,ridge,valid,0.5828710541361843
2017-09-09 18:00:00,1.83,1.977549144477336,-0.14754914447733603,ridge,valid,0.14754914447733603
2017-09-09 18:00:00,1.83,2.1925339535985238,-0.3625339535985237,ridge,valid,0.3625339535985237
2017-09-09 18:00:00,1.83,2.4626413919132513,-0.6326413919132512,ridge,valid,0.6326413919132512
2017-09-09 18:00:00,1.83,2.307391925933961,-0.47739192593396096,ridge,valid,0.47739192593396096
2017-09-09 18:00:00,1.83,2.409574350654402,-0.579574350654402,ridge,valid,0.579574350654402
2017-09-09 18:00:00,1.83,2.527425675107408,-0.6974256751074077,ridge,valid,0.6974256751074077
2017-09-09 18:00:00,1.83,2.5455347480433,-0.7155347480433001,ridge,valid,0.7155347480433001
2017-09-09 18:00:00,1.83,2.2707484323384444,-0.4407484323384443,ridge,valid,0.4407484323384443
2017-09-09 18:00:00,1.83,2.548132109620912,-0.7181321096209121,ridge,valid,0.7181321096209121
2017-09-09 18:00:00,1.83,2.916213709847275,-1.086213709847275,ridge,valid,1.086213709847275
2017-09-09 18:00:00,1.83,3.132413604213988,-1.3024136042139878,ridge,valid,1.3024136042139878
2017-09-09 18:00:00,1.83,3.2558216042494283,-1.4258216042494283,ridge,valid,1.4258216042494283
2017-09-09 18:00:00,1.83,3.155153664662565,-1.3251536646625648,ridge,valid,1.3251536646625648
2017-09-09 18:00:00,1.83,3.4088924439874515,-1.5788924439874514,ridge,valid,1.5788924439874514
2017-09-09 18:00:00,1.83,3.0061129530659443,-1.1761129530659442,ridge,valid,1.1761129530659442
2017-09-09 18:00:00,1.83,2.5568676074277086,-0.7268676074277085,ridge,valid,0.7268676074277085
2017-09-09 18:00:00,1.83,3.0227325352106824,-1.1927325352106823,ridge,valid,1.1927325352106823
2017-09-09 18:00:00,1.83,2.527504251388909,-0.6975042513889091,ridge,valid,0.6975042513889091
2017-09-09 18:00:00,1.83,2.7400974529156836,-0.9100974529156836,ridge,valid,0.9100974529156836
2017-09-09 18:00:00,1.83,2.667345639164576,-0.8373456391645759,ridge,valid,0.8373456391645759
2017-09-09 18:00:00,1.83,2.0795562900572016,-0.24955629005720148,ridge,valid,0.24955629005720148
2017-09-09 18:00:00,1.83,2.3438143095841317,-0.5138143095841317,ridge,valid,0.5138143095841317
2017-09-09 18:00:00,1.83,2.4121045949038655,-0.5821045949038655,ridge,valid,0.5821045949038655
2017-09-09 18:00:00,1.83,2.451442222246617,-0.6214422222466167,ridge,valid,0.6214422222466167
2017-09-09 18:00:00,1.83,2.4586978540996762,-0.6286978540996762,ridge,valid,0.6286978540996762
2017-09-09 18:00:00,1.83,2.4651248023173276,-0.6351248023173275,ridge,valid,0.6351248023173275
2017-09-09 18:00:00,1.83,2.7266557560678537,-0.8966557560678536,ridge,valid,0.8966557560678536
2017-09-09 18:00:00,1.83,2.824136978925417,-0.9941369789254169,ridge,valid,0.9941369789254169
2017-09-09 18:00:00,1.83,2.7874315335762905,-0.9574315335762904,ridge,valid,0.9574315335762904
2017-09-09 18:00:00,1.83,2.8804224140025605,-1.0504224140025604,ridge,valid,1.0504224140025604
2017-09-09 18:00:00,1.83,2.9122201759046966,-1.0822201759046965,ridge,valid,1.0822201759046965
2017-09-09 18:00:00,1.83,2.5691346542686353,-0.7391346542686352,ridge,valid,0.7391346542686352
2017-09-09 18:00:00,1.83,2.3637989893741027,-0.5337989893741026,ridge,valid,0.5337989893741026
2017-09-09 18:00:00,1.83,2.206231853735315,-0.3762318537353151,ridge,valid,0.3762318537353151
2017-09-09 18:00:00,1.83,2.493190263658129,-0.6631902636581288,ridge,valid,0.6631902636581288
2017-09-09 18:00:00,1.83,2.644023803663555,-0.814023803663555,ridge,valid,0.814023803663555
2017-09-09 18:00:00,1.83,2.3572546436067534,-0.5272546436067533,ridge,valid,0.5272546436067533
2017-09-09 18:00:00,1.83,2.5502445792062076,-0.7202445792062075,ridge,valid,0.7202445792062075
2017-09-09 18:00:00,1.83,2.7286848765455174,-0.8986848765455173,ridge,valid,0.8986848765455173
2017-09-09 18:00:00,1.83,5.510694936175502,-3.6806949361755024,ridge,valid,3.6806949361755024
2017-09-09 18:00:00,1.83,5.2614251307936115,-3.4314251307936114,ridge,valid,3.4314251307936114
2017-09-09 18:00:00,1.83,5.200912544666053,-3.3709125446660533,ridge,valid,3.3709125446660533
2017-09-09 18:00:00,1.83,2.9977640078033905,-1.1677640078033904,ridge,valid,1.1677640078033904
2017-09-09 18:00:00,1.83,2.462338028920027,-0.6323380289200271,ridge,valid,0.6323380289200271
2017-09-09 18:00:00,1.83,2.9560938301408166,-1.1260938301408165,ridge,valid,1.1260938301408165
2017-09-09 18:00:00,1.83,2.8552211905381455,-1.0252211905381454,ridge,valid,1.0252211905381454
2017-09-09 18:00:00,1.83,2.8091992601918316,-0.9791992601918316,ridge,valid,0.9791992601918316
2017-09-09 18:00:00,1.83,2.781849553648558,-0.9518495536485578,ridge,valid,0.9518495536485578
2017-09-09 18:00:00,1.83,2.7689486837766957,-0.9389486837766956,ridge,valid,0.9389486837766956
2017-09-09 18:00:00,1.83,2.6050650249349174,-0.7750650249349174,ridge,valid,0.7750650249349174
2017-09-09 18:00:00,1.83,2.228442897293915,-0.3984428972939149,ridge,valid,0.3984428972939149
2017-09-09 18:00:00,1.83,1.9237811347483755,-0.09378113474837546,ridge,valid,0.09378113474837546
2017-09-09 18:00:00,1.83,2.1514121572141334,-0.3214121572141333,ridge,valid,0.3214121572141333
2017-09-09 18:00:00,1.83,2.5240884176181635,-0.6940884176181634,ridge,valid,0.6940884176181634
2017-09-09 18:00:00,1.83,2.7962391110599043,-0.9662391110599042,ridge,valid,0.9662391110599042
2017-09-09 18:00:00,1.83,2.7007293874259166,-0.8707293874259165,ridge,valid,0.8707293874259165
2017-09-09 18:00:00,1.83,2.40281906463394,-0.57281906463394,ridge,valid,0.57281906463394
2017-09-09 18:00:00,1.83,2.3768856031975987,-0.5468856031975986,ridge,valid,0.5468856031975986
2017-09-09 18:00:00,1.83,5.785551054274821,-3.955551054274821,ridge,valid,3.955551054274821
2017-09-09 18:00:00,1.83,5.8040022647324925,-3.9740022647324924,ridge,valid,3.9740022647324924
2017-09-09 18:00:00,1.83,6.01553174409998,-4.18553174409998,ridge,valid,4.18553174409998
2017-09-09 18:00:00,1.83,2.992191463624174,-1.1621914636241741,ridge,valid,1.1621914636241741
2017-09-09 18:00:00,1.83,2.518425719078524,-0.6884257190785239,ridge,valid,0.6884257190785239
2017-09-09 18:00:00,1.83,2.8594875746750303,-1.0294875746750303,ridge,valid,1.0294875746750303
2017-09-09 18:00:00,1.83,2.7072789674165607,-0.8772789674165606,ridge,valid,0.8772789674165606
2017-09-09 18:00:00,1.83,2.578284741181249,-0.7482847411812488,ridge,valid,0.7482847411812488
2017-09-09 18:00:00,1.83,2.6471477485187527,-0.8171477485187526,ridge,valid,0.8171477485187526
2017-09-09 18:00:00,1.83,2.9032910063044444,-1.0732910063044443,ridge,valid,1.0732910063044443
2017-09-09 18:00:00,1.83,3.0686842081325647,-1.2386842081325646,ridge,valid,1.2386842081325646
2017-09-09 18:00:00,1.83,2.9992271120562806,-1.1692271120562805,ridge,valid,1.1692271120562805
2017-09-09 18:00:00,1.83,3.1434544132167743,-1.3134544132167743,ridge,valid,1.3134544132167743
2017-09-09 18:00:00,1.83,2.955228776044672,-1.125228776044672,ridge,valid,1.125228776044672
2017-09-09 18:00:00,1.83,2.5113627507239973,-0.6813627507239972,ridge,valid,0.6813627507239972
2017-09-09 18:00:00,1.83,2.3201840995495266,-0.4901840995495266,ridge,valid,0.4901840995495266
2017-09-09 18:00:00,1.83,2.072897747108019,-0.24289774710801915,ridge,valid,0.24289774710801915
2017-09-09 18:00:00,1.83,1.8870122483265295,-0.0570122483265294,ridge,valid,0.0570122483265294
2017-09-09 18:00:00,1.83,2.023685901414846,-0.19368590141484576,ridge,valid,0.19368590141484576
2017-09-09 18:00:00,1.83,2.084253802337858,-0.25425380233785777,ridge,valid,0.25425380233785777
2017-09-09 18:00:00,1.83,2.3367017946143314,-0.5067017946143313,ridge,valid,0.5067017946143313
2017-09-09 18:00:00,1.83,2.6541085156240016,-0.8241085156240016,ridge,valid,0.8241085156240016
2017-09-09 18:00:00,1.83,2.636693406172169,-0.8066934061721689,ridge,valid,0.8066934061721689
2017-09-09 18:00:00,1.83,2.4015713805137753,-0.5715713805137752,ridge,valid,0.5715713805137752
2017-09-09 18:00:00,1.83,2.37493359432748,-0.54493359432748,ridge,valid,0.54493359432748
2017-09-09 18:00:00,1.83,2.561262347762069,-0.731262347762069,ridge,valid,0.731262347762069
2017-09-09 18:00:00,1.83,2.925265995115171,-1.095265995115171,ridge,valid,1.095265995115171
2017-09-09 18:00:00,1.83,2.792944077892757,-0.9629440778927569,ridge,valid,0.9629440778927569
2017-09-09 18:00:00,1.83,2.810712466076029,-0.9807124660760289,ridge,valid,0.9807124660760289
2017-09-09 18:00:00,1.83,3.254511789098701,-1.424511789098701,ridge,valid,1.424511789098701
2017-09-09 18:00:00,1.83,3.3405013161098513,-1.5105013161098513,ridge,valid,1.5105013161098513
2017-09-09 18:00:00,1.83,2.3465796980028264,-0.5165796980028263,ridge,valid,0.5165796980028263
2017-09-09 18:00:00,1.83,2.3841189389476516,-0.5541189389476515,ridge,valid,0.5541189389476515
2017-09-09 18:00:00,1.83,2.525763147056005,-0.6957631470560051,ridge,valid,0.6957631470560051
2017-09-09 18:00:00,1.83,2.5108402968820407,-0.6808402968820406,ridge,valid,0.6808402968820406
2017-09-09 18:00:00,1.83,2.608810616613529,-0.7788106166135291,ridge,valid,0.7788106166135291
2017-09-09 18:00:00,1.83,2.53800535431948,-0.70800535431948,ridge,valid,0.70800535431948
2017-09-09 18:00:00,1.83,2.8148290690819953,-0.9848290690819952,ridge,valid,0.9848290690819952
2017-09-09 18:00:00,1.83,2.8071537311070673,-0.9771537311070673,ridge,valid,0.9771537311070673
2017-09-09 18:00:00,1.83,3.0099750607952704,-1.1799750607952704,ridge,valid,1.1799750607952704
2017-09-09 18:00:00,1.83,2.566018873684844,-0.7360188736848441,ridge,valid,0.7360188736848441
2017-09-09 18:00:00,1.83,2.55269319487929,-0.7226931948792901,ridge,valid,0.7226931948792901
2017-09-09 18:00:00,1.83,2.655207475006106,-0.8252074750061058,ridge,valid,0.8252074750061058
2017-09-09 18:00:00,1.83,2.1663681643367614,-0.3363681643367613,ridge,valid,0.3363681643367613
2017-09-09 18:00:00,1.83,2.202424192660877,-0.3724241926608771,ridge,valid,0.3724241926608771
2017-09-09 18:00:00,1.83,2.4117708801516753,-0.5817708801516752,ridge,valid,0.5817708801516752
2017-09-09 18:00:00,1.83,2.788971558941101,-0.958971558941101,ridge,valid,0.958971558941101
2017-09-09 18:00:00,1.83,3.333203293177899,-1.503203293177899,ridge,valid,1.503203293177899
2017-09-09 18:00:00,1.83,3.65612598160072,-1.82612598160072,ridge,valid,1.82612598160072
2017-09-09 18:00:00,1.83,3.384609582706055,-1.554609582706055,ridge,valid,1.554609582706055
2017-09-09 18:00:00,1.83,2.2307137217300124,-0.4007137217300123,ridge,valid,0.4007137217300123
2017-09-09 18:00:00,1.83,3.6897118190313325,-1.8597118190313324,ridge,valid,1.8597118190313324
2017-09-09 18:00:00,1.83,3.9119735548564334,-2.0819735548564333,ridge,valid,2.0819735548564333
2017-09-09 18:00:00,1.83,2.5734477519809213,-0.7434477519809213,ridge,valid,0.7434477519809213
2017-09-09 18:00:00,1.83,2.2146141470907885,-0.38461414709078845,ridge,valid,0.38461414709078845
2017-09-09 18:00:00,1.83,2.3045119442367232,-0.47451194423672316,ridge,valid,0.47451194423672316
2017-09-09 18:00:00,1.83,2.485552861787021,-0.655552861787021,ridge,valid,0.655552861787021
2017-09-09 18:00:00,1.83,2.666495167843103,-0.8364951678431027,ridge,valid,0.8364951678431027
2017-09-09 18:00:00,1.83,2.6535198447054915,-0.8235198447054914,ridge,valid,0.8235198447054914
2017-09-09 18:00:00,1.83,4.109417731111854,-2.279417731111854,ridge,valid,2.279417731111854
2017-09-09 18:00:00,1.83,4.964351156827867,-3.134351156827867,ridge,valid,3.134351156827867
2017-09-09 18:00:00,1.83,3.08230512662826,-1.25230512662826,ridge,valid,1.25230512662826
2017-09-09 18:00:00,1.83,2.845037021845207,-1.015037021845207,ridge,valid,1.015037021845207
2017-09-09 18:00:00,1.83,2.5768402864789297,-0.7468402864789296,ridge,valid,0.7468402864789296
2017-09-09 18:00:00,1.83,2.3887441557977818,-0.5587441557977817,ridge,valid,0.5587441557977817
2017-09-09 18:00:00,1.83,2.3570915604044957,-0.5270915604044957,ridge,valid,0.5270915604044957
2017-09-09 18:00:00,1.83,2.6126269469823504,-0.7826269469823504,ridge,valid,0.7826269469823504
2017-09-09 18:00:00,1.83,2.6683650327248225,-0.8383650327248224,ridge,valid,0.8383650327248224
2017-09-09 18:00:00,1.83,2.8432216630038485,-1.0132216630038484,ridge,valid,1.0132216630038484
2017-09-09 18:00:00,1.83,2.616751343722186,-0.786751343722186,ridge,valid,0.786751343722186
2017-09-09 18:00:00,1.83,3.629901093493623,-1.7999010934936228,ridge,valid,1.7999010934936228
2017-09-09 18:00:00,1.83,3.971727075006714,-2.141727075006714,ridge,valid,2.141727075006714
2017-09-09 18:00:00,1.83,3.6420443685687687,-1.8120443685687686,ridge,valid,1.8120443685687686
2017-09-09 18:00:00,1.83,3.8975903102608163,-2.067590310260816,ridge,valid,2.067590310260816
2017-09-09 18:00:00,1.83,3.807152228942004,-1.9771522289420038,ridge,valid,1.9771522289420038
2017-09-09 18:00:00,1.83,3.507001410439961,-1.6770014104399609,ridge,valid,1.6770014104399609
2017-09-09 18:00:00,1.83,2.7213373054952767,-0.8913373054952767,ridge,valid,0.8913373054952767
2017-09-09 18:00:00,1.83,2.5456196535662237,-0.7156196535662236,ridge,valid,0.7156196535662236
2017-09-09 18:00:00,1.83,2.2826513279028893,-0.4526513279028892,ridge,valid,0.4526513279028892
2017-09-09 18:00:00,1.83,2.2411005350146183,-0.4111005350146182,ridge,valid,0.4111005350146182
2017-09-09 18:00:00,1.83,2.5343395346888777,-0.7043395346888777,ridge,valid,0.7043395346888777
2017-09-09 18:00:00,1.83,2.59338321698936,-0.76338321698936,ridge,valid,0.76338321698936
2017-09-09 18:00:00,1.83,2.217532128261416,-0.3875321282614159,ridge,valid,0.3875321282614159
2017-09-09 18:00:00,1.83,2.2166661821277396,-0.3866661821277395,ridge,valid,0.3866661821277395
2017-09-09 18:00:00,1.83,2.4789221208107155,-0.6489221208107154,ridge,valid,0.6489221208107154
2017-09-09 18:00:00,1.83,2.4057808378390506,-0.5757808378390505,ridge,valid,0.5757808378390505
2017-09-09 18:00:00,1.83,2.349074724945764,-0.5190747249457641,ridge,valid,0.5190747249457641
2017-09-09 18:00:00,1.83,2.22899898441354,-0.39899898441353976,ridge,valid,0.39899898441353976
2017-09-09 18:00:00,1.83,2.1570711338735435,-0.3270711338735435,ridge,valid,0.3270711338735435
2017-09-09 18:00:00,1.83,2.433018394771056,-0.6030183947710559,ridge,valid,0.6030183947710559
2017-09-09 18:00:00,1.83,2.4060290674656337,-0.5760290674656336,ridge,valid,0.5760290674656336
2017-09-09 18:00:00,1.83,2.2323499643959455,-0.4023499643959454,ridge,valid,0.4023499643959454
2017-09-09 18:00:00,1.83,3.2623888752415042,-1.4323888752415042,ridge,valid,1.4323888752415042
2017-09-09 18:00:00,1.83,3.143558833604864,-1.3135588336048638,ridge,valid,1.3135588336048638
2017-09-09 18:00:00,1.83,3.0560779555572313,-1.2260779555572312,ridge,valid,1.2260779555572312
2017-09-09 18:00:00,1.83,3.180992990795116,-1.350992990795116,ridge,valid,1.350992990795116
2017-09-09 18:00:00,1.83,2.9239831258187072,-1.0939831258187072,ridge,valid,1.0939831258187072
2017-09-09 18:00:00,1.83,2.7023257439701522,-0.8723257439701522,ridge,valid,0.8723257439701522
2017-09-09 18:00:00,1.83,3.151710407225703,-1.3217104072257029,ridge,valid,1.3217104072257029
2017-09-09 18:00:00,1.83,2.906691347124264,-1.0766913471242638,ridge,valid,1.0766913471242638
2017-09-09 18:00:00,1.83,2.4154490131278803,-0.5854490131278802,ridge,valid,0.5854490131278802
2017-09-09 18:00:00,1.83,2.2913023349589356,-0.4613023349589356,ridge,valid,0.4613023349589356
2017-09-09 18:00:00,1.83,2.0792386503459133,-0.2492386503459132,ridge,valid,0.2492386503459132
2017-09-09 18:00:00,1.83,2.7412884952739467,-0.9112884952739466,ridge,valid,0.9112884952739466
2017-09-09 18:00:00,1.83,2.958962680979396,-1.128962680979396,ridge,valid,1.128962680979396
2017-09-09 18:00:00,1.83,2.583739776697151,-0.753739776697151,ridge,valid,0.753739776697151
2017-09-09 18:00:00,1.83,3.0255962798270195,-1.1955962798270194,ridge,valid,1.1955962798270194
2017-09-09 18:00:00,1.83,2.8925316224082867,-1.0625316224082866,ridge,valid,1.0625316224082866
2017-09-09 18:00:00,1.83,3.0685687048519665,-1.2385687048519665,ridge,valid,1.2385687048519665
2017-09-09 18:00:00,1.83,2.951009826143269,-1.1210098261432688,ridge,valid,1.1210098261432688
2017-09-09 18:00:00,1.83,2.5956678198397363,-0.7656678198397362,ridge,valid,0.7656678198397362
2017-09-09 18:00:00,1.83,2.8501265199553405,-1.0201265199553404,ridge,valid,1.0201265199553404
2017-09-09 18:00:00,1.83,3.0689151788078544,-1.2389151788078543,ridge,valid,1.2389151788078543
2017-09-09 18:00:00,1.83,3.0045554722132697,-1.1745554722132696,ridge,valid,1.1745554722132696
2017-09-09 18:00:00,1.83,2.664821105822534,-0.8348211058225341,ridge,valid,0.8348211058225341
2017-09-09 18:00:00,1.83,3.094430874061165,-1.2644308740611647,ridge,valid,1.2644308740611647
2017-09-09 18:00:00,1.83,2.407122999109429,-0.5771229991094291,ridge,valid,0.5771229991094291
2017-09-09 19:00:00,1.65,3.5002437858862665,-1.8502437858862666,ridge,valid,1.8502437858862666
2017-09-09 19:00:00,1.65,3.077098512306698,-1.427098512306698,ridge,valid,1.427098512306698
2017-09-09 19:00:00,1.65,1.5578347403771746,0.09216525962282529,ridge,valid,0.09216525962282529
2017-09-09 19:00:00,1.65,1.6937536353393408,-0.043753635339340846,ridge,valid,0.043753635339340846
2017-09-09 19:00:00,1.65,2.0940511306529777,-0.44405113065297774,ridge,valid,0.44405113065297774
2017-09-09 19:00:00,1.65,1.9743006826424088,-0.32430068264240886,ridge,valid,0.32430068264240886
2017-09-09 19:00:00,1.65,2.137384610432927,-0.4873846104329269,ridge,valid,0.4873846104329269
2017-09-09 19:00:00,1.65,2.141911139866749,-0.4919111398667493,ridge,valid,0.4919111398667493
2017-09-09 19:00:00,1.65,1.8593698208352287,-0.20936982083522881,ridge,valid,0.20936982083522881
2017-09-09 19:00:00,1.65,1.9805986614308906,-0.3305986614308907,ridge,valid,0.3305986614308907
2017-09-09 19:00:00,1.65,1.9806714914452668,-0.33067149144526686,ridge,valid,0.33067149144526686
2017-09-09 19:00:00,1.65,2.253531425447109,-0.6035314254471089,ridge,valid,0.6035314254471089
2017-09-09 19:00:00,1.65,2.113475679844743,-0.463475679844743,ridge,valid,0.463475679844743
2017-09-09 19:00:00,1.65,1.8428133130309332,-0.1928133130309333,ridge,valid,0.1928133130309333
2017-09-09 19:00:00,1.65,1.9874672078333018,-0.33746720783330186,ridge,valid,0.33746720783330186
2017-09-09 19:00:00,1.65,2.444993401169769,-0.7949934011697692,ridge,valid,0.7949934011697692
2017-09-09 19:00:00,1.65,2.2324475918577433,-0.5824475918577434,ridge,valid,0.5824475918577434
2017-09-09 19:00:00,1.65,2.026362216446728,-0.37636221644672796,ridge,valid,0.37636221644672796
2017-09-09 19:00:00,1.65,2.5935288619951424,-0.9435288619951425,ridge,valid,0.9435288619951425
2017-09-09 19:00:00,1.65,2.664633451785811,-1.0146334517858109,ridge,valid,1.0146334517858109
2017-09-09 19:00:00,1.65,2.711176582899416,-1.061176582899416,ridge,valid,1.061176582899416
2017-09-09 19:00:00,1.65,2.3612030687723067,-0.7112030687723068,ridge,valid,0.7112030687723068
2017-09-09 19:00:00,1.65,2.7934081903658106,-1.1434081903658107,ridge,valid,1.1434081903658107
2017-09-09 19:00:00,1.65,2.5922130406237924,-0.9422130406237925,ridge,valid,0.9422130406237925
2017-09-09 19:00:00,1.65,2.8063335771057756,-1.1563335771057757,ridge,valid,1.1563335771057757
2017-09-09 19:00:00,1.65,2.0083912859955735,-0.35839128599557357,ridge,valid,0.35839128599557357
2017-09-09 19:00:00,1.65,2.101551203608751,-0.451551203608751,ridge,valid,0.451551203608751
2017-09-09 19:00:00,1.65,2.2304234529492275,-0.5804234529492276,ridge,valid,0.5804234529492276
2017-09-09 19:00:00,1.65,2.8340201242306287,-1.1840201242306287,ridge,valid,1.1840201242306287
2017-09-09 19:00:00,1.65,2.6240350829302943,-0.9740350829302944,ridge,valid,0.9740350829302944
2017-09-09 19:00:00,1.65,2.1944294237195168,-0.5444294237195169,ridge,valid,0.5444294237195169
2017-09-09 19:00:00,1.65,2.084873132681366,-0.43487313268136596,ridge,valid,0.43487313268136596
2017-09-09 19:00:00,1.65,2.2030040809553117,-0.5530040809553118,ridge,valid,0.5530040809553118
2017-09-09 19:00:00,1.65,2.1766274967540915,-0.5266274967540916,ridge,valid,0.5266274967540916
2017-09-09 19:00:00,1.65,2.0587969784062907,-0.4087969784062908,ridge,valid,0.4087969784062908
2017-09-09 19:00:00,1.65,2.1423387907194065,-0.49233879071940656,ridge,valid,0.49233879071940656
2017-09-09 19:00:00,1.65,2.1402385978735623,-0.4902385978735624,ridge,valid,0.4902385978735624
2017-09-09 19:00:00,1.65,2.5784250984723625,-0.9284250984723625,ridge,valid,0.9284250984723625
2017-09-09 19:00:00,1.65,2.6273299743923273,-0.9773299743923274,ridge,valid,0.9773299743923274
2017-09-09 19:00:00,1.65,2.316617178058113,-0.6666171780581132,ridge,valid,0.6666171780581132
2017-09-09 19:00:00,1.65,1.923121521098698,-0.27312152109869814,ridge,valid,0.27312152109869814
2017-09-09 19:00:00,1.65,2.2633924234557656,-0.6133924234557657,ridge,valid,0.6133924234557657
2017-09-09 19:00:00,1.65,2.3104947081622464,-0.6604947081622465,ridge,valid,0.6604947081622465
2017-09-09 19:00:00,1.65,2.292904509036494,-0.642904509036494,ridge,valid,0.642904509036494
2017-09-09 19:00:00,1.65,2.5462635567975416,-0.8962635567975417,ridge,valid,0.8962635567975417
2017-09-09 19:00:00,1.65,2.3835973213343076,-0.7335973213343077,ridge,valid,0.7335973213343077
2017-09-09 19:00:00,1.65,2.443635974329262,-0.7936359743292623,ridge,valid,0.7936359743292623
2017-09-09 19:00:00,1.65,2.1782809519637327,-0.5282809519637328,ridge,valid,0.5282809519637328
2017-09-09 19:00:00,1.65,1.8177560096870558,-0.16775600968705584,ridge,valid,0.16775600968705584
2017-09-09 19:00:00,1.65,1.8692351906444502,-0.2192351906444503,ridge,valid,0.2192351906444503
2017-09-09 19:00:00,1.65,2.046865941244376,-0.39686594124437624,ridge,valid,0.39686594124437624
2017-09-09 19:00:00,1.65,2.145570498458757,-0.4955704984587572,ridge,valid,0.4955704984587572
2017-09-09 19:00:00,1.65,1.9822022826681236,-0.3322022826681237,ridge,valid,0.3322022826681237
2017-09-09 19:00:00,1.65,2.4288616880646106,-0.7788616880646106,ridge,valid,0.7788616880646106
2017-09-09 19:00:00,1.65,2.5082083044870735,-0.8582083044870736,ridge,valid,0.8582083044870736
2017-09-09 19:00:00,1.65,2.478964211406732,-0.8289642114067322,ridge,valid,0.8289642114067322
2017-09-09 19:00:00,1.65,2.4916895059386186,-0.8416895059386187,ridge,valid,0.8416895059386187
2017-09-09 19:00:00,1.65,1.9560685777279612,-0.30606857772796126,ridge,valid,0.30606857772796126
2017-09-09 19:00:00,1.65,1.9446199417916388,-0.29461994179163886,ridge,valid,0.29461994179163886
2017-09-09 19:00:00,1.65,2.572412268575873,-0.9224122685758731,ridge,valid,0.9224122685758731
2017-09-09 19:00:00,1.65,2.45264841219743,-0.80264841219743,ridge,valid,0.80264841219743
2017-09-09 19:00:00,1.65,2.220847327800965,-0.5708473278009651,ridge,valid,0.5708473278009651
2017-09-09 19:00:00,1.65,2.032197561370917,-0.382197561370917,ridge,valid,0.382197561370917
2017-09-09 19:00:00,1.65,2.1153148570894613,-0.4653148570894614,ridge,valid,0.4653148570894614
2017-09-09 19:00:00,1.65,2.1255019967607724,-0.47550199676077254,ridge,valid,0.47550199676077254
2017-09-09 19:00:00,1.65,2.30594432473535,-0.65594432473535,ridge,valid,0.65594432473535
2017-09-09 19:00:00,1.65,2.42777268499687,-0.77777268499687,ridge,valid,0.77777268499687
2017-09-09 19:00:00,1.65,2.5490115164889713,-0.8990115164889714,ridge,valid,0.8990115164889714
2017-09-09 19:00:00,1.65,2.5144810663675083,-0.8644810663675084,ridge,valid,0.8644810663675084
2017-09-09 19:00:00,1.65,2.6270999034041096,-0.9770999034041097,ridge,valid,0.9770999034041097
2017-09-09 19:00:00,1.65,2.4514609086344348,-0.8014609086344349,ridge,valid,0.8014609086344349
2017-09-09 19:00:00,1.65,2.8035534918286475,-1.1535534918286476,ridge,valid,1.1535534918286476
2017-09-09 19:00:00,1.65,2.625826488324263,-0.9758264883242629,ridge,valid,0.9758264883242629
2017-09-09 19:00:00,1.65,2.4847621532122117,-0.8347621532122118,ridge,valid,0.8347621532122118
2017-09-09 19:00:00,1.65,2.2911796468301913,-0.6411796468301914,ridge,valid,0.6411796468301914
2017-09-09 19:00:00,1.65,2.6028231278173948,-0.9528231278173949,ridge,valid,0.9528231278173949
2017-09-09 19:00:00,1.65,2.6272816489659045,-0.9772816489659046,ridge,valid,0.9772816489659046
2017-09-09 19:00:00,1.65,2.4302441603493827,-0.7802441603493828,ridge,valid,0.7802441603493828
2017-09-09 19:00:00,1.65,2.2249434561272388,-0.5749434561272388,ridge,valid,0.5749434561272388
2017-09-09 19:00:00,1.65,1.9839292400373822,-0.33392924003738234,ridge,valid,0.33392924003738234
2017-09-09 19:00:00,1.65,1.9351773425042764,-0.2851773425042765,ridge,valid,0.2851773425042765
2017-09-09 19:00:00,1.65,2.067274276381713,-0.417274276381713,ridge,valid,0.417274276381713
2017-09-09 19:00:00,1.65,1.7402031596302008,-0.09020315963020087,ridge,valid,0.09020315963020087
2017-09-09 19:00:00,1.65,1.7509232303418467,-0.1009232303418468,ridge,valid,0.1009232303418468
2017-09-09 19:00:00,1.65,2.12170898745676,-0.47170898745675993,ridge,valid,0.47170898745675993
2017-09-09 19:00:00,1.65,2.645667341126353,-0.995667341126353,ridge,valid,0.995667341126353
2017-09-09 19:00:00,1.65,2.829553989340621,-1.1795539893406213,ridge,valid,1.1795539893406213
2017-09-09 19:00:00,1.65,2.5592971250420784,-0.9092971250420785,ridge,valid,0.9092971250420785
2017-09-09 19:00:00,1.65,2.3055101432351397,-0.6555101432351398,ridge,valid,0.6555101432351398
2017-09-09 19:00:00,1.65,2.5691598480754676,-0.9191598480754677,ridge,valid,0.9191598480754677
2017-09-09 19:00:00,1.65,1.938174673504744,-0.2881746735047441,ridge,valid,0.2881746735047441
2017-09-09 19:00:00,1.65,2.4319674020127446,-0.7819674020127447,ridge,valid,0.7819674020127447
2017-09-09 19:00:00,1.65,2.6952441497492314,-1.0452441497492315,ridge,valid,1.0452441497492315
2017-09-09 19:00:00,1.65,2.404327642576354,-0.7543276425763539,ridge,valid,0.7543276425763539
2017-09-09 19:00:00,1.65,2.7065416716845836,-1.0565416716845837,ridge,valid,1.0565416716845837
2017-09-09 19:00:00,1.65,2.5273008101380134,-0.8773008101380135,ridge,valid,0.8773008101380135
2017-09-09 19:00:00,1.65,2.2382480160314366,-0.5882480160314367,ridge,valid,0.5882480160314367
2017-09-09 19:00:00,1.65,2.630783773321936,-0.980783773321936,ridge,valid,0.980783773321936
2017-09-09 19:00:00,1.65,2.6249451573207376,-0.9749451573207377,ridge,valid,0.9749451573207377
2017-09-09 19:00:00,1.65,2.275252733333522,-0.625252733333522,ridge,valid,0.625252733333522
2017-09-09 19:00:00,1.65,2.2870852123538032,-0.6370852123538033,ridge,valid,0.6370852123538033
2017-09-09 19:00:00,1.65,2.5101537672320378,-0.8601537672320378,ridge,valid,0.8601537672320378
2017-09-09 19:00:00,1.65,2.830082009000834,-1.180082009000834,ridge,valid,1.180082009000834
2017-09-09 19:00:00,1.65,2.7419242759032256,-1.0919242759032257,ridge,valid,1.0919242759032257
2017-09-09 19:00:00,1.65,2.875669068421461,-1.2256690684214613,ridge,valid,1.2256690684214613
2017-09-09 19:00:00,1.65,2.99553572509497,-1.3455357250949702,ridge,valid,1.3455357250949702
2017-09-09 19:00:00,1.65,3.0044574300265325,-1.3544574300265326,ridge,valid,1.3544574300265326
2017-09-09 19:00:00,1.65,2.8372722488856685,-1.1872722488856686,ridge,valid,1.1872722488856686
2017-09-09 19:00:00,1.65,2.5377763106926405,-0.8877763106926406,ridge,valid,0.8877763106926406
2017-09-09 19:00:00,1.65,2.364982383505577,-0.7149823835055771,ridge,valid,0.7149823835055771
2017-09-09 19:00:00,1.65,3.0085812355120463,-1.3585812355120463,ridge,valid,1.3585812355120463
2017-09-09 19:00:00,1.65,3.034992723921772,-1.3849927239217723,ridge,valid,1.3849927239217723
2017-09-09 19:00:00,1.65,3.4572159372286375,-1.8072159372286376,ridge,valid,1.8072159372286376
2017-09-09 19:00:00,1.65,3.8865614639763573,-2.2365614639763574,ridge,valid,2.2365614639763574
2017-09-09 19:00:00,1.65,4.646409094554562,-2.996409094554562,ridge,valid,2.996409094554562
2017-09-09 19:00:00,1.65,4.259854873880357,-2.6098548738803573,ridge,valid,2.6098548738803573
2017-09-09 19:00:00,1.65,2.6244529361963194,-0.9744529361963195,ridge,valid,0.9744529361963195
2017-09-09 19:00:00,1.65,2.819679566128006,-1.1696795661280062,ridge,valid,1.1696795661280062
2017-09-09 19:00:00,1.65,2.2811065266742085,-0.6311065266742086,ridge,valid,0.6311065266742086
2017-09-09 19:00:00,1.65,1.9778593393746828,-0.3278593393746829,ridge,valid,0.3278593393746829
2017-09-09 19:00:00,1.65,2.4504668077722735,-0.8004668077722736,ridge,valid,0.8004668077722736
2017-09-09 19:00:00,1.65,2.514081272041656,-0.864081272041656,ridge,valid,0.864081272041656
2017-09-09 19:00:00,1.65,2.3716897966369124,-0.7216897966369125,ridge,valid,0.7216897966369125
2017-09-09 19:00:00,1.65,2.3295718592208354,-0.6795718592208355,ridge,valid,0.6795718592208355
2017-09-09 19:00:00,1.65,2.524537332600149,-0.8745373326001489,ridge,valid,0.8745373326001489
2017-09-09 19:00:00,1.65,2.5311125388552784,-0.8811125388552785,ridge,valid,0.8811125388552785
2017-09-09 19:00:00,1.65,2.630654100095285,-0.9806541000952853,ridge,valid,0.9806541000952853
2017-09-09 19:00:00,1.65,2.6325666164932984,-0.9825666164932985,ridge,valid,0.9825666164932985
2017-09-09 19:00:00,1.65,2.9667548265674535,-1.3167548265674536,ridge,valid,1.3167548265674536
2017-09-09 19:00:00,1.65,2.869787361817379,-1.219787361817379,ridge,valid,1.219787361817379
2017-09-09 19:00:00,1.65,2.4663297878628083,-0.8163297878628084,ridge,valid,0.8163297878628084
2017-09-09 19:00:00,1.65,2.08570553433297,-0.4357055343329699,ridge,valid,0.4357055343329699
2017-09-09 19:00:00,1.65,2.1273007554582275,-0.4773007554582276,ridge,valid,0.4773007554582276
2017-09-09 19:00:00,1.65,2.282937015902292,-0.632937015902292,ridge,valid,0.632937015902292
2017-09-09 19:00:00,1.65,3.512223178193537,-1.862223178193537,ridge,valid,1.862223178193537
2017-09-09 19:00:00,1.65,3.404319746887477,-1.754319746887477,ridge,valid,1.754319746887477
2017-09-09 19:00:00,1.65,2.835762779443379,-1.1857627794433792,ridge,valid,1.1857627794433792
2017-09-09 19:00:00,1.65,2.497127173652818,-0.8471271736528183,ridge,valid,0.8471271736528183
2017-09-09 19:00:00,1.65,2.6575122310398003,-1.0075122310398004,ridge,valid,1.0075122310398004
2017-09-09 19:00:00,1.65,2.4842411434375324,-0.8342411434375325,ridge,valid,0.8342411434375325
2017-09-09 19:00:00,1.65,2.5967360539178324,-0.9467360539178324,ridge,valid,0.9467360539178324
2017-09-09 19:00:00,1.65,2.379620298433085,-0.7296202984330851,ridge,valid,0.7296202984330851
2017-09-09 19:00:00,1.65,2.7413948729981317,-1.0913948729981318,ridge,valid,1.0913948729981318
2017-09-09 19:00:00,1.65,2.738709511576764,-1.0887095115767642,ridge,valid,1.0887095115767642
2017-09-09 19:00:00,1.65,2.2770598320273123,-0.6270598320273124,ridge,valid,0.6270598320273124
2017-09-09 19:00:00,1.65,1.7265085905232307,-0.07650859052323078,ridge,valid,0.07650859052323078
2017-09-09 19:00:00,1.65,2.098570486591399,-0.4485704865913993,ridge,valid,0.4485704865913993
2017-09-09 19:00:00,1.65,1.953402316044408,-0.30340231604440815,ridge,valid,0.30340231604440815
2017-09-09 19:00:00,1.65,2.1610823082671664,-0.5110823082671665,ridge,valid,0.5110823082671665
2017-09-09 19:00:00,1.65,2.21472550702294,-0.5647255070229402,ridge,valid,0.5647255070229402
2017-09-09 19:00:00,1.65,2.343152869128905,-0.6931528691289053,ridge,test,0.6931528691289053
2017-09-09 19:00:00,1.65,2.0441004980216144,-0.3941004980216145,ridge,test,0.3941004980216145
2017-09-09 19:00:00,1.65,2.0982621249351485,-0.4482621249351486,ridge,test,0.4482621249351486
2017-09-09 19:00:00,1.65,2.5778780407683883,-0.9278780407683884,ridge,test,0.9278780407683884
2017-09-09 19:00:00,1.65,2.449809729212005,-0.7998097292120052,ridge,test,0.7998097292120052
2017-09-09 19:00:00,1.65,2.280618310679408,-0.6306183106794081,ridge,test,0.6306183106794081
2017-09-09 19:00:00,1.65,2.1430912785954845,-0.49309127859548463,ridge,test,0.49309127859548463
2017-09-09 19:00:00,1.65,2.219987134851122,-0.5699871348511221,ridge,test,0.5699871348511221
2017-09-09 19:00:00,1.65,2.280094449069904,-0.6300944490699041,ridge,test,0.6300944490699041
2017-09-09 19:00:00,1.65,2.308103951771055,-0.658103951771055,ridge,test,0.658103951771055
2017-09-09 19:00:00,1.65,2.182473859288713,-0.532473859288713,ridge,test,0.532473859288713
2017-09-09 19:00:00,1.65,2.15607248612144,-0.5060724861214401,ridge,test,0.5060724861214401
2017-09-09 19:00:00,1.65,2.5089609029300846,-0.8589609029300846,ridge,test,0.8589609029300846
2017-09-09 19:00:00,1.65,2.5218287334032574,-0.8718287334032575,ridge,test,0.8718287334032575
2017-09-09 19:00:00,1.65,2.2686860560604756,-0.6186860560604757,ridge,test,0.6186860560604757
2017-09-09 19:00:00,1.65,2.05364592989372,-0.4036459298937203,ridge,test,0.4036459298937203
2017-09-09 19:00:00,1.65,2.3280168379283985,-0.6780168379283986,ridge,test,0.6780168379283986
2017-09-09 19:00:00,1.65,3.092290170920986,-1.442290170920986,ridge,test,1.442290170920986
2017-09-09 19:00:00,1.65,3.1264661488437,-1.4764661488437003,ridge,test,1.4764661488437003
2017-09-09 19:00:00,1.65,3.159774374728101,-1.5097743747281012,ridge,test,1.5097743747281012
2017-09-09 19:00:00,1.65,3.1042145894511446,-1.4542145894511447,ridge,test,1.4542145894511447
2017-09-09 19:00:00,1.65,2.840237960967277,-1.190237960967277,ridge,test,1.190237960967277
2017-09-09 19:00:00,1.65,2.920832006558599,-1.270832006558599,ridge,test,1.270832006558599
2017-09-09 19:00:00,1.65,2.718285498224146,-1.0682854982241459,ridge,test,1.0682854982241459
2017-09-09 19:00:00,1.65,2.318574480482202,-0.668574480482202,ridge,test,0.668574480482202
2017-09-09 19:00:00,1.65,2.3567405012478853,-0.7067405012478853,ridge,test,0.7067405012478853
2017-09-09 19:00:00,1.65,2.6751613961981624,-1.0251613961981625,ridge,test,1.0251613961981625
2017-09-09 19:00:00,1.65,3.0237989758829937,-1.3737989758829938,ridge,test,1.3737989758829938
2017-09-09 19:00:00,1.65,2.137334550429627,-0.4873345504296269,ridge,test,0.4873345504296269
2017-09-09 19:00:00,1.65,2.0685155662473367,-0.41851556624733677,ridge,test,0.41851556624733677
2017-09-09 20:00:00,1.71,2.2960169817339042,-0.5860169817339043,ridge,test,0.5860169817339043
2017-09-09 20:00:00,1.71,2.8009046100391752,-1.0909046100391753,ridge,test,1.0909046100391753
2017-09-09 20:00:00,1.71,2.875249167814446,-1.165249167814446,ridge,test,1.165249167814446
2017-09-09 20:00:00,1.71,2.63328974215004,-0.9232897421500401,ridge,test,0.9232897421500401
2017-09-09 20:00:00,1.71,2.545572381511168,-0.835572381511168,ridge,test,0.835572381511168
2017-09-09 20:00:00,1.71,2.943351497837669,-1.2333514978376692,ridge,test,1.2333514978376692
2017-09-09 20:00:00,1.71,3.1191216528607173,-1.4091216528607173,ridge,test,1.4091216528607173
2017-09-09 20:00:00,1.71,3.0618375185959668,-1.3518375185959668,ridge,test,1.3518375185959668
2017-09-09 20:00:00,1.71,2.967666834696901,-1.2576668346969009,ridge,test,1.2576668346969009
2017-09-09 20:00:00,1.71,3.0492946669828385,-1.3392946669828385,ridge,test,1.3392946669828385
2017-09-09 20:00:00,1.71,2.9344312964406174,-1.2244312964406174,ridge,test,1.2244312964406174
2017-09-09 20:00:00,1.71,2.6529739375026606,-0.9429739375026607,ridge,test,0.9429739375026607
2017-09-09 20:00:00,1.71,2.3510449774913136,-0.6410449774913136,ridge,test,0.6410449774913136
2017-09-09 20:00:00,1.71,2.2108033111544008,-0.5008033111544008,ridge,test,0.5008033111544008
2017-09-09 20:00:00,1.71,2.241450912622672,-0.5314509126226721,ridge,test,0.5314509126226721
2017-09-09 20:00:00,1.71,2.179546800569802,-0.46954680056980225,ridge,test,0.46954680056980225
2017-09-09 20:00:00,1.71,2.671592872446001,-0.9615928724460012,ridge,test,0.9615928724460012
2017-09-09 20:00:00,1.71,2.7726416377411076,-1.0626416377411076,ridge,test,1.0626416377411076
2017-09-09 20:00:00,1.71,2.8747294853068937,-1.1647294853068937,ridge,test,1.1647294853068937
2017-09-09 20:00:00,1.71,2.902852203377031,-1.192852203377031,ridge,test,1.192852203377031
2017-09-09 20:00:00,1.71,2.868624137834616,-1.1586241378346158,ridge,test,1.1586241378346158
2017-09-09 20:00:00,1.71,2.6766112102377795,-0.9666112102377795,ridge,test,0.9666112102377795
2017-09-09 20:00:00,1.71,2.661525715285925,-0.9515257152859249,ridge,test,0.9515257152859249
2017-09-09 20:00:00,1.71,2.7358371477881684,-1.0258371477881685,ridge,test,1.0258371477881685
2017-09-09 20:00:00,1.71,2.793123986352343,-1.083123986352343,ridge,test,1.083123986352343
2017-09-09 20:00:00,1.71,2.6566996258363074,-0.9466996258363074,ridge,test,0.9466996258363074
2017-09-09 20:00:00,1.71,2.556338049198275,-0.846338049198275,ridge,test,0.846338049198275
2017-09-09 20:00:00,1.71,2.3105161262742695,-0.6005161262742695,ridge,test,0.6005161262742695
2017-09-09 20:00:00,1.71,2.3181608586537488,-0.6081608586537488,ridge,test,0.6081608586537488
2017-09-09 20:00:00,1.71,2.4634241051421695,-0.7534241051421695,ridge,test,0.7534241051421695
2017-09-09 20:00:00,1.71,2.4090255084958163,-0.6990255084958164,ridge,test,0.6990255084958164
2017-09-09 20:00:00,1.71,2.4584289354611513,-0.7484289354611513,ridge,test,0.7484289354611513
2017-09-09 20:00:00,1.71,2.318076034415953,-0.6080760344159528,ridge,test,0.6080760344159528
2017-09-09 20:00:00,1.71,2.830778029113598,-1.1207780291135983,ridge,test,1.1207780291135983
2017-09-09 20:00:00,1.71,3.0209367911426317,-1.3109367911426317,ridge,test,1.3109367911426317
2017-09-09 20:00:00,1.71,2.9130194188972873,-1.2030194188972874,ridge,test,1.2030194188972874
2017-09-09 20:00:00,1.71,2.690119980175186,-0.9801199801751861,ridge,test,0.9801199801751861
2017-09-09 20:00:00,1.71,2.5359265053926676,-0.8259265053926677,ridge,test,0.8259265053926677
2017-09-09 20:00:00,1.71,2.840404090088874,-1.130404090088874,ridge,test,1.130404090088874
2017-09-09 20:00:00,1.71,2.810065644407321,-1.1000656444073211,ridge,test,1.1000656444073211
2017-09-09 20:00:00,1.71,2.499757792057391,-0.789757792057391,ridge,test,0.789757792057391
2017-09-09 20:00:00,1.71,2.627001881745233,-0.9170018817452332,ridge,test,0.9170018817452332
2017-09-09 20:00:00,1.71,2.6644766005922267,-0.9544766005922267,ridge,test,0.9544766005922267
2017-09-09 20:00:00,1.71,2.7359038814835612,-1.0259038814835613,ridge,test,1.0259038814835613
2017-09-09 20:00:00,1.71,3.0204112809040233,-1.3104112809040234,ridge,test,1.3104112809040234
2017-09-09 20:00:00,1.71,3.042983303292314,-1.332983303292314,ridge,test,1.332983303292314
2017-09-09 20:00:00,1.71,2.957517538876,-1.247517538876,ridge,test,1.247517538876
2017-09-09 20:00:00,1.71,2.636943892342401,-0.9269438923424009,ridge,test,0.9269438923424009
2017-09-09 20:00:00,1.71,2.386334299751412,-0.6763342997514119,ridge,test,0.6763342997514119
2017-09-09 20:00:00,1.71,2.666945414229306,-0.9569454142293061,ridge,test,0.9569454142293061
2017-09-09 20:00:00,1.71,2.5484836832503595,-0.8384836832503595,ridge,test,0.8384836832503595
2017-09-09 20:00:00,1.71,2.7934506411188624,-1.0834506411188625,ridge,test,1.0834506411188625
2017-09-09 20:00:00,1.71,2.88035470928572,-1.17035470928572,ridge,test,1.17035470928572
2017-09-09 20:00:00,1.71,2.495020621317646,-0.785020621317646,ridge,test,0.785020621317646
2017-09-09 20:00:00,1.71,2.3578318056180256,-0.6478318056180257,ridge,test,0.6478318056180257
2017-09-09 20:00:00,1.71,2.2886993121870396,-0.5786993121870396,ridge,test,0.5786993121870396
2017-09-09 20:00:00,1.71,2.4265417219101724,-0.7165417219101724,ridge,test,0.7165417219101724
2017-09-09 20:00:00,1.71,2.439514062851194,-0.729514062851194,ridge,test,0.729514062851194
2017-09-09 20:00:00,1.71,2.6253726414552525,-0.9153726414552525,ridge,test,0.9153726414552525
2017-09-09 20:00:00,1.71,2.800421146714152,-1.090421146714152,ridge,test,1.090421146714152
2017-09-09 20:00:00,1.71,2.809053758289876,-1.0990537582898758,ridge,test,1.0990537582898758
2017-09-09 20:00:00,1.71,3.0531471508328565,-1.3431471508328565,ridge,test,1.3431471508328565
2017-09-09 20:00:00,1.71,2.8879715763958345,-1.1779715763958345,ridge,test,1.1779715763958345
2017-09-09 20:00:00,1.71,2.6092592642510777,-0.8992592642510777,ridge,test,0.8992592642510777
2017-09-09 20:00:00,1.71,2.7128466414371917,-1.0028466414371917,ridge,test,1.0028466414371917
2017-09-09 20:00:00,1.71,2.9668762496448213,-1.2568762496448214,ridge,test,1.2568762496448214
2017-09-09 20:00:00,1.71,2.802442389786053,-1.092442389786053,ridge,test,1.092442389786053
2017-09-09 20:00:00,1.71,2.8931236281648163,-1.1831236281648163,ridge,test,1.1831236281648163
2017-09-09 20:00:00,1.71,2.89100791744595,-1.18100791744595,ridge,test,1.18100791744595
2017-09-09 20:00:00,1.71,2.5977371547073584,-0.8877371547073585,ridge,test,0.8877371547073585
2017-09-09 20:00:00,1.71,2.7188411038512705,-1.0088411038512706,ridge,test,1.0088411038512706
2017-09-09 20:00:00,1.71,2.2914859578054254,-0.5814859578054254,ridge,test,0.5814859578054254
2017-09-09 20:00:00,1.71,2.264547214357956,-0.5545472143579562,ridge,test,0.5545472143579562
2017-09-09 20:00:00,1.71,2.4592963794234963,-0.7492963794234964,ridge,test,0.7492963794234964
2017-09-09 20:00:00,1.71,2.4504898183367696,-0.7404898183367696,ridge,test,0.7404898183367696
2017-09-09 20:00:00,1.71,2.4455819141739097,-0.7355819141739097,ridge,test,0.7355819141739097
2017-09-09 20:00:00,1.71,2.5521482910548943,-0.8421482910548943,ridge,test,0.8421482910548943
2017-09-09 20:00:00,1.71,2.5722149583699885,-0.8622149583699885,ridge,test,0.8622149583699885
2017-09-09 20:00:00,1.71,2.8825847623774115,-1.1725847623774115,ridge,test,1.1725847623774115
2017-09-09 20:00:00,1.71,3.033299413032906,-1.323299413032906,ridge,test,1.323299413032906
2017-09-09 20:00:00,1.71,2.8540163569835086,-1.1440163569835087,ridge,test,1.1440163569835087
2017-09-09 20:00:00,1.71,3.009012694981088,-1.299012694981088,ridge,test,1.299012694981088
2017-09-09 20:00:00,1.71,2.8893857182448195,-1.1793857182448195,ridge,test,1.1793857182448195
2017-09-09 20:00:00,1.71,2.925516700137144,-1.2155167001371439,ridge,test,1.2155167001371439
2017-09-09 20:00:00,1.71,3.12413918061644,-1.41413918061644,ridge,test,1.41413918061644
2017-09-09 20:00:00,1.71,2.688673672415226,-0.9786736724152258,ridge,test,0.9786736724152258
2017-09-09 20:00:00,1.71,2.220070259503045,-0.5100702595030451,ridge,test,0.5100702595030451
2017-09-09 20:00:00,1.71,2.187861173423683,-0.47786117342368284,ridge,test,0.47786117342368284
2017-09-09 20:00:00,1.71,2.425924450583878,-0.715924450583878,ridge,test,0.715924450583878
2017-09-09 20:00:00,1.71,2.738379922481449,-1.0283799224814492,ridge,test,1.0283799224814492
2017-09-09 20:00:00,1.71,2.9439825220669604,-1.2339825220669605,ridge,test,1.2339825220669605
2017-09-09 20:00:00,1.71,2.4337309103926437,-0.7237309103926437,ridge,test,0.7237309103926437
2017-09-09 20:00:00,1.71,2.609456136601344,-0.8994561366013438,ridge,test,0.8994561366013438
2017-09-09 20:00:00,1.71,2.657344036549877,-0.9473440365498771,ridge,test,0.9473440365498771
2017-09-09 20:00:00,1.71,2.449715269270438,-0.7397152692704378,ridge,test,0.7397152692704378
2017-09-09 20:00:00,1.71,2.159788725426279,-0.4497887254262789,ridge,test,0.4497887254262789
2017-09-09 20:00:00,1.71,2.5089009900114454,-0.7989009900114454,ridge,test,0.7989009900114454
2017-09-09 20:00:00,1.71,2.47873546665559,-0.7687354666555901,ridge,test,0.7687354666555901
2017-09-09 20:00:00,1.71,2.0550653489696162,-0.34506534896961627,ridge,test,0.34506534896961627
2017-09-09 20:00:00,1.71,2.199175072073148,-0.48917507207314825,ridge,test,0.48917507207314825
2017-09-09 20:00:00,1.71,3.162505315539538,-1.452505315539538,ridge,test,1.452505315539538
2017-09-09 20:00:00,1.71,2.976187692373772,-1.266187692373772,ridge,test,1.266187692373772
2017-09-09 20:00:00,1.71,2.5608202905688575,-0.8508202905688576,ridge,test,0.8508202905688576
2017-09-09 20:00:00,1.71,2.2479126533280898,-0.5379126533280898,ridge,test,0.5379126533280898
2017-09-09 20:00:00,1.71,2.3128693879406437,-0.6028693879406437,ridge,test,0.6028693879406437
2017-09-09 20:00:00,1.71,2.656944217633732,-0.9469442176337322,ridge,test,0.9469442176337322
2017-09-09 20:00:00,1.71,2.723279109141014,-1.0132791091410138,ridge,test,1.0132791091410138
2017-09-09 20:00:00,1.71,2.0644485116567357,-0.35444851165673574,ridge,test,0.35444851165673574
2017-09-09 20:00:00,1.71,1.7374377571711208,-0.027437757171120847,ridge,test,0.027437757171120847
2017-09-09 20:00:00,1.71,1.717139794460798,-0.0071397944607980435,ridge,test,0.0071397944607980435
2017-09-09 20:00:00,1.71,2.2920227386358807,-0.5820227386358807,ridge,test,0.5820227386358807
2017-09-09 20:00:00,1.71,2.5972655685558728,-0.8872655685558728,ridge,test,0.8872655685558728
2017-09-09 20:00:00,1.71,2.5254908094060227,-0.8154908094060227,ridge,test,0.8154908094060227
2017-09-09 20:00:00,1.71,2.336577219193723,-0.6265772191937229,ridge,test,0.6265772191937229
2017-09-09 20:00:00,1.71,3.0609697432949643,-1.3509697432949643,ridge,test,1.3509697432949643
2017-09-09 20:00:00,1.71,3.036978297231224,-1.326978297231224,ridge,test,1.326978297231224
2017-09-09 20:00:00,1.71,2.6937718966062825,-0.9837718966062825,ridge,test,0.9837718966062825
2017-09-09 20:00:00,1.71,2.657044962025257,-0.9470449620252572,ridge,test,0.9470449620252572
2017-09-09 20:00:00,1.71,2.558195722957944,-0.8481957229579442,ridge,test,0.8481957229579442
2017-09-09 20:00:00,1.71,2.4136268269664356,-0.7036268269664356,ridge,test,0.7036268269664356
2017-09-09 20:00:00,1.71,2.228546782841417,-0.5185467828414172,ridge,test,0.5185467828414172
2017-09-09 20:00:00,1.71,2.4288029012421695,-0.7188029012421695,ridge,test,0.7188029012421695
2017-09-09 20:00:00,1.71,2.695024820195485,-0.985024820195485,ridge,test,0.985024820195485
2017-09-09 20:00:00,1.71,2.64728451719163,-0.93728451719163,ridge,test,0.93728451719163
2017-09-09 20:00:00,1.71,2.4244644785995466,-0.7144644785995466,ridge,test,0.7144644785995466
2017-09-09 20:00:00,1.71,2.146223768878163,-0.43622376887816294,ridge,test,0.43622376887816294
2017-09-09 20:00:00,1.71,1.7607764088994453,-0.05077640889944535,ridge,test,0.05077640889944535
2017-09-09 20:00:00,1.71,1.684625543918921,0.02537445608107891,ridge,test,0.02537445608107891
2017-09-09 20:00:00,1.71,1.871008172152616,-0.16100817215261598,ridge,test,0.16100817215261598
2017-09-09 20:00:00,1.71,1.9625406275260722,-0.2525406275260722,ridge,test,0.2525406275260722
2017-09-09 20:00:00,1.71,2.758307798544484,-1.0483077985444842,ridge,test,1.0483077985444842
2017-09-09 20:00:00,1.71,2.847270941767454,-1.1372709417674542,ridge,test,1.1372709417674542
2017-09-09 20:00:00,1.71,2.539621530642892,-0.8296215306428922,ridge,test,0.8296215306428922
2017-09-09 20:00:00,1.71,2.7796623456970067,-1.0696623456970067,ridge,test,1.0696623456970067
2017-09-09 20:00:00,1.71,2.753539314495577,-1.0435393144955771,ridge,test,1.0435393144955771
2017-09-09 20:00:00,1.71,2.086125826592473,-0.3761258265924732,ridge,test,0.3761258265924732
2017-09-09 20:00:00,1.71,2.091919001564664,-0.38191900156466385,ridge,test,0.38191900156466385
2017-09-09 20:00:00,1.71,2.826037563919665,-1.1160375639196651,ridge,test,1.1160375639196651
2017-09-09 20:00:00,1.71,2.6334980434820947,-0.9234980434820947,ridge,test,0.9234980434820947
2017-09-09 20:00:00,1.71,2.4200424932584568,-0.7100424932584568,ridge,test,0.7100424932584568
2017-09-09 20:00:00,1.71,2.317175166182637,-0.6071751661826372,ridge,test,0.6071751661826372
2017-09-09 20:00:00,1.71,2.1467074857991295,-0.43670748579912955,ridge,test,0.43670748579912955
2017-09-09 20:00:00,1.71,2.141857191019483,-0.43185719101948283,ridge,test,0.43185719101948283
2017-09-09 20:00:00,1.71,2.160705986193637,-0.4507059861936371,ridge,test,0.4507059861936371
2017-09-09 20:00:00,1.71,2.291577824930313,-0.5815778249303132,ridge,test,0.5815778249303132
2017-09-09 20:00:00,1.71,2.4447564157219284,-0.7347564157219284,ridge,test,0.7347564157219284
2017-09-09 20:00:00,1.71,2.9231666970526105,-1.2131666970526105,ridge,test,1.2131666970526105
2017-09-09 20:00:00,1.71,2.885632376967927,-1.1756323769679269,ridge,test,1.1756323769679269
2017-09-09 20:00:00,1.71,2.6395456229496963,-0.9295456229496963,ridge,test,0.9295456229496963
2017-09-09 20:00:00,1.71,2.2706724508654075,-0.5606724508654075,ridge,test,0.5606724508654075
2017-09-09 20:00:00,1.71,2.1395174256909164,-0.42951742569091644,ridge,test,0.42951742569091644
2017-09-09 20:00:00,1.71,2.0814486851314147,-0.3714486851314147,ridge,test,0.3714486851314147
2017-09-09 20:00:00,1.71,2.0544500243859876,-0.3444500243859876,ridge,test,0.3444500243859876
2017-09-09 20:00:00,1.71,2.233384992024693,-0.5233849920246931,ridge,test,0.5233849920246931
2017-09-09 20:00:00,1.71,2.5907976477822023,-0.8807976477822024,ridge,test,0.8807976477822024
2017-09-09 20:00:00,1.71,2.571180615292143,-0.8611806152921431,ridge,test,0.8611806152921431
2017-09-09 20:00:00,1.71,2.9579727181790094,-1.2479727181790095,ridge,test,1.2479727181790095
2017-09-09 20:00:00,1.71,3.2625928326910936,-1.5525928326910936,ridge,test,1.5525928326910936
2017-09-09 20:00:00,1.71,3.0003693433480767,-1.2903693433480767,ridge,test,1.2903693433480767
2017-09-09 20:00:00,1.71,3.049710482852845,-1.339710482852845,ridge,test,1.339710482852845
2017-09-09 20:00:00,1.71,3.175101512669181,-1.465101512669181,ridge,test,1.465101512669181
2017-09-09 20:00:00,1.71,2.5583926833331145,-0.8483926833331146,ridge,test,0.8483926833331146
2017-09-09 20:00:00,1.71,2.8058659400049675,-1.0958659400049675,ridge,test,1.0958659400049675
2017-09-09 20:00:00,1.71,3.0571743704441308,-1.3471743704441308,ridge,test,1.3471743704441308
2017-09-09 20:00:00,1.71,2.8559800247037095,-1.1459800247037095,ridge,test,1.1459800247037095
2017-09-09 20:00:00,1.71,2.6527640530305607,-0.9427640530305608,ridge,test,0.9427640530305608
2017-09-09 20:00:00,1.71,2.4572208012301915,-0.7472208012301915,ridge,test,0.7472208012301915
2017-09-09 20:00:00,1.71,2.5856955627560985,-0.8756955627560985,ridge,test,0.8756955627560985
2017-09-09 20:00:00,1.71,2.4954638447896187,-0.7854638447896187,ridge,test,0.7854638447896187
2017-09-09 20:00:00,1.71,2.5825540638467115,-0.8725540638467115,ridge,test,0.8725540638467115
2017-09-09 20:00:00,1.71,2.698468793114611,-0.988468793114611,ridge,test,0.988468793114611
2017-09-09 20:00:00,1.71,2.9498337758383335,-1.2398337758383335,ridge,test,1.2398337758383335
2017-09-09 20:00:00,1.71,2.651819992293607,-0.941819992293607,ridge,test,0.941819992293607
2017-09-09 20:00:00,1.71,2.6759689226469447,-0.9659689226469448,ridge,test,0.9659689226469448
2017-09-09 20:00:00,1.71,2.570282653191762,-0.8602826531917622,ridge,test,0.8602826531917622
2017-09-09 20:00:00,1.71,2.2000821640887507,-0.4900821640887507,ridge,test,0.4900821640887507
2017-09-09 20:00:00,1.71,2.659450024685278,-0.949450024685278,ridge,test,0.949450024685278
2017-09-09 20:00:00,1.71,2.8246610537589945,-1.1146610537589945,ridge,test,1.1146610537589945
2017-09-09 20:00:00,1.71,2.708023668141538,-0.998023668141538,ridge,test,0.998023668141538
2017-09-09 20:00:00,1.71,2.515306725907355,-0.805306725907355,ridge,test,0.805306725907355
2017-09-09 21:00:00,1.8,2.8301619633315345,-1.0301619633315344,ridge,test,1.0301619633315344
2017-09-09 21:00:00,1.8,2.8700329906918207,-1.0700329906918207,ridge,test,1.0700329906918207
2017-09-09 21:00:00,1.8,2.410187929331965,-0.6101879293319648,ridge,test,0.6101879293319648
2017-09-09 21:00:00,1.8,2.4640184213375087,-0.6640184213375087,ridge,test,0.6640184213375087
2017-09-09 21:00:00,1.8,2.6343528010029797,-0.8343528010029797,ridge,test,0.8343528010029797
2017-09-09 21:00:00,1.8,2.750884084388972,-0.9508840843889719,ridge,test,0.9508840843889719
2017-09-09 21:00:00,1.8,2.731868426801073,-0.9318684268010731,ridge,test,0.9318684268010731
2017-09-09 21:00:00,1.8,2.5689149490721648,-0.7689149490721647,ridge,test,0.7689149490721647
2017-09-09 21:00:00,1.8,2.84902982675083,-1.0490298267508298,ridge,test,1.0490298267508298
2017-09-09 21:00:00,1.8,2.998724510281322,-1.1987245102813218,ridge,test,1.1987245102813218
2017-09-09 21:00:00,1.8,3.042520667822854,-1.242520667822854,ridge,test,1.242520667822854
2017-09-09 21:00:00,1.8,3.1859486465017524,-1.3859486465017523,ridge,test,1.3859486465017523
2017-09-09 21:00:00,1.8,3.0698582755267236,-1.2698582755267236,ridge,test,1.2698582755267236
2017-09-09 21:00:00,1.8,2.6857831561365932,-0.8857831561365932,ridge,test,0.8857831561365932
2017-09-09 21:00:00,1.8,3.0825637596815234,-1.2825637596815234,ridge,test,1.2825637596815234
2017-09-09 21:00:00,1.8,2.86644510874453,-1.06644510874453,ridge,test,1.06644510874453
2017-09-09 21:00:00,1.8,2.5159235540441145,-0.7159235540441145,ridge,test,0.7159235540441145
2017-09-09 21:00:00,1.8,2.517126087558252,-0.7171260875582519,ridge,test,0.7171260875582519
2017-09-09 21:00:00,1.8,2.744917428308917,-0.9449174283089168,ridge,test,0.9449174283089168
2017-09-09 21:00:00,1.8,3.033558236539375,-1.233558236539375,ridge,test,1.233558236539375
2017-09-09 21:00:00,1.8,2.9953920363490716,-1.1953920363490715,ridge,test,1.1953920363490715
2017-09-09 21:00:00,1.8,2.9187641776222186,-1.1187641776222186,ridge,test,1.1187641776222186
2017-09-09 21:00:00,1.8,3.058011125427708,-1.2580111254277078,ridge,test,1.2580111254277078
2017-09-09 21:00:00,1.8,2.9213394799188888,-1.1213394799188887,ridge,test,1.1213394799188887
2017-09-09 21:00:00,1.8,3.2359852452584534,-1.4359852452584534,ridge,test,1.4359852452584534
2017-09-09 21:00:00,1.8,2.896260608473007,-1.0962606084730069,ridge,test,1.0962606084730069
2017-09-09 21:00:00,1.8,2.9655058984752154,-1.1655058984752154,ridge,test,1.1655058984752154
2017-09-09 21:00:00,1.8,2.9094683447692864,-1.1094683447692864,ridge,test,1.1094683447692864
2017-09-09 21:00:00,1.8,2.9603925614452473,-1.1603925614452473,ridge,test,1.1603925614452473
2017-09-09 21:00:00,1.8,2.8126664717461485,-1.0126664717461484,ridge,test,1.0126664717461484
2017-09-09 21:00:00,1.8,2.4074849463001007,-0.6074849463001006,ridge,test,0.6074849463001006
2017-09-09 21:00:00,1.8,2.600601821504209,-0.8006018215042088,ridge,test,0.8006018215042088
2017-09-09 21:00:00,1.8,2.9089741463373264,-1.1089741463373264,ridge,test,1.1089741463373264
2017-09-09 21:00:00,1.8,3.0570779457767028,-1.2570779457767027,ridge,test,1.2570779457767027
2017-09-09 21:00:00,1.8,2.897548540175903,-1.097548540175903,ridge,test,1.097548540175903
2017-09-09 21:00:00,1.8,2.930648640187586,-1.1306486401875862,ridge,test,1.1306486401875862
2017-09-09 21:00:00,1.8,2.7220189035010627,-0.9220189035010626,ridge,test,0.9220189035010626
2017-09-09 21:00:00,1.8,2.841928346368225,-1.041928346368225,ridge,test,1.041928346368225
2017-09-09 21:00:00,1.8,2.908450196373006,-1.108450196373006,ridge,test,1.108450196373006
2017-09-09 21:00:00,1.8,2.801081669280201,-1.001081669280201,ridge,test,1.001081669280201
2017-09-09 21:00:00,1.8,2.778589325172139,-0.9785893251721391,ridge,test,0.9785893251721391
2017-09-09 21:00:00,1.8,3.1201331644493044,-1.3201331644493044,ridge,test,1.3201331644493044
2017-09-09 21:00:00,1.8,3.6336595562509277,-1.8336595562509277,ridge,test,1.8336595562509277
2017-09-09 21:00:00,1.8,3.5737117142856993,-1.7737117142856993,ridge,test,1.7737117142856993
2017-09-09 21:00:00,1.8,3.1044088304858204,-1.3044088304858203,ridge,test,1.3044088304858203
2017-09-09 21:00:00,1.8,3.096300664520001,-1.296300664520001,ridge,test,1.296300664520001
2017-09-09 21:00:00,1.8,2.738101330732165,-0.9381013307321651,ridge,test,0.9381013307321651
2017-09-09 21:00:00,1.8,3.0520692005866787,-1.2520692005866787,ridge,test,1.2520692005866787
2017-09-09 21:00:00,1.8,2.928979137850353,-1.1289791378503529,ridge,test,1.1289791378503529
2017-09-09 21:00:00,1.8,2.8852724897137234,-1.0852724897137234,ridge,test,1.0852724897137234
2017-09-09 21:00:00,1.8,3.1508273682168078,-1.3508273682168077,ridge,test,1.3508273682168077
2017-09-09 21:00:00,1.8,3.0021677175330104,-1.2021677175330103,ridge,test,1.2021677175330103
2017-09-09 21:00:00,1.8,3.165940282936583,-1.365940282936583,ridge,test,1.365940282936583
2017-09-09 21:00:00,1.8,3.078302714294426,-1.278302714294426,ridge,test,1.278302714294426
2017-09-09 21:00:00,1.8,2.8906246583851343,-1.0906246583851342,ridge,test,1.0906246583851342
2017-09-09 21:00:00,1.8,2.9318493420930536,-1.1318493420930535,ridge,test,1.1318493420930535
2017-09-09 21:00:00,1.8,3.272146175442411,-1.472146175442411,ridge,test,1.472146175442411
2017-09-09 21:00:00,1.8,3.2976947548572495,-1.4976947548572495,ridge,test,1.4976947548572495
2017-09-09 21:00:00,1.8,3.0465560182770437,-1.2465560182770437,ridge,test,1.2465560182770437
2017-09-09 21:00:00,1.8,2.8970073228778186,-1.0970073228778185,ridge,test,1.0970073228778185
2017-09-09 21:00:00,1.8,2.892586960773869,-1.092586960773869,ridge,test,1.092586960773869
2017-09-09 21:00:00,1.8,2.661642993146457,-0.8616429931464571,ridge,test,0.8616429931464571
2017-09-09 21:00:00,1.8,2.759134730724528,-0.9591347307245279,ridge,test,0.9591347307245279
2017-09-09 21:00:00,1.8,3.0674679561668774,-1.2674679561668774,ridge,test,1.2674679561668774
2017-09-09 21:00:00,1.8,2.641960155038643,-0.8419601550386429,ridge,test,0.8419601550386429
2017-09-09 21:00:00,1.8,2.783465456079477,-0.9834654560794769,ridge,test,0.9834654560794769
2017-09-09 21:00:00,1.8,2.858006831272164,-1.058006831272164,ridge,test,1.058006831272164
2017-09-09 21:00:00,1.8,3.212480461729468,-1.4124804617294682,ridge,test,1.4124804617294682
2017-09-09 21:00:00,1.8,3.097132866178783,-1.297132866178783,ridge,test,1.297132866178783
2017-09-09 21:00:00,1.8,3.021621288509073,-1.2216212885090731,ridge,test,1.2216212885090731
2017-09-09 21:00:00,1.8,2.718577644274204,-0.918577644274204,ridge,test,0.918577644274204
2017-09-09 21:00:00,1.8,3.1395228650782263,-1.3395228650782263,ridge,test,1.3395228650782263
2017-09-09 21:00:00,1.8,2.8998093629094015,-1.0998093629094015,ridge,test,1.0998093629094015
2017-09-09 21:00:00,1.8,3.0310458060295273,-1.2310458060295273,ridge,test,1.2310458060295273
2017-09-09 21:00:00,1.8,2.8687693505418417,-1.0687693505418416,ridge,test,1.0687693505418416
2017-09-09 21:00:00,1.8,2.557368682487723,-0.757368682487723,ridge,test,0.757368682487723
2017-09-09 21:00:00,1.8,2.668538513193952,-0.868538513193952,ridge,test,0.868538513193952
2017-09-09 21:00:00,1.8,2.780229317530094,-0.980229317530094,ridge,test,0.980229317530094
2017-09-09 21:00:00,1.8,2.569420022788853,-0.769420022788853,ridge,test,0.769420022788853
2017-09-09 21:00:00,1.8,2.535818346973094,-0.7358183469730941,ridge,test,0.7358183469730941
2017-09-09 21:00:00,1.8,2.7588375070080975,-0.9588375070080974,ridge,test,0.9588375070080974
2017-09-09 21:00:00,1.8,2.902980730471625,-1.1029807304716248,ridge,test,1.1029807304716248
2017-09-09 21:00:00,1.8,2.5034342750414993,-0.7034342750414992,ridge,test,0.7034342750414992
2017-09-09 21:00:00,1.8,2.939653157218001,-1.139653157218001,ridge,test,1.139653157218001
2017-09-09 21:00:00,1.8,3.170078478063428,-1.370078478063428,ridge,test,1.370078478063428
2017-09-09 21:00:00,1.8,3.1035649311701325,-1.3035649311701325,ridge,test,1.3035649311701325
2017-09-09 21:00:00,1.8,2.815944935266426,-1.015944935266426,ridge,test,1.015944935266426
2017-09-09 21:00:00,1.8,2.98225093093061,-1.18225093093061,ridge,test,1.18225093093061
2017-09-09 21:00:00,1.8,3.258453530209013,-1.458453530209013,ridge,test,1.458453530209013
2017-09-09 21:00:00,1.8,2.832653808220477,-1.0326538082204768,ridge,test,1.0326538082204768
2017-09-09 21:00:00,1.8,2.716574615600898,-0.9165746156008978,ridge,test,0.9165746156008978
2017-09-09 21:00:00,1.8,3.10475045383189,-1.30475045383189,ridge,test,1.30475045383189
2017-09-09 21:00:00,1.8,3.026547239749965,-1.226547239749965,ridge,test,1.226547239749965
2017-09-09 21:00:00,1.8,2.7511411039711176,-0.9511411039711175,ridge,test,0.9511411039711175
2017-09-09 21:00:00,1.8,3.031967027539772,-1.231967027539772,ridge,test,1.231967027539772
2017-09-09 21:00:00,1.8,2.70052011246502,-0.90052011246502,ridge,test,0.90052011246502
2017-09-09 21:00:00,1.8,2.6552461894103097,-0.8552461894103096,ridge,test,0.8552461894103096
2017-09-09 21:00:00,1.8,2.52447726578718,-0.7244772657871799,ridge,test,0.7244772657871799
2017-09-09 21:00:00,1.8,2.644766780572816,-0.8447667805728158,ridge,test,0.8447667805728158
2017-09-09 21:00:00,1.8,2.722681414923089,-0.9226814149230889,ridge,test,0.9226814149230889
2017-09-09 21:00:00,1.8,2.7081793392527036,-0.9081793392527036,ridge,test,0.9081793392527036
2017-09-09 21:00:00,1.8,2.6918288441184144,-0.8918288441184143,ridge,test,0.8918288441184143
2017-09-09 21:00:00,1.8,2.565157379557175,-0.7651573795571751,ridge,test,0.7651573795571751
2017-09-09 21:00:00,1.8,2.5622128265214745,-0.7622128265214745,ridge,test,0.7622128265214745
2017-09-09 21:00:00,1.8,2.4418321843912323,-0.6418321843912322,ridge,test,0.6418321843912322
2017-09-09 21:00:00,1.8,2.4616930321473314,-0.6616930321473313,ridge,test,0.6616930321473313
2017-09-09 21:00:00,1.8,2.7684096582824496,-0.9684096582824495,ridge,test,0.9684096582824495
2017-09-09 21:00:00,1.8,2.73118100122209,-0.9311810012220898,ridge,test,0.9311810012220898
2017-09-09 21:00:00,1.8,2.6735644369063047,-0.8735644369063047,ridge,test,0.8735644369063047
2017-09-09 21:00:00,1.8,2.8287172826437037,-1.0287172826437037,ridge,test,1.0287172826437037
2017-09-09 21:00:00,1.8,3.049485775054138,-1.249485775054138,ridge,test,1.249485775054138
2017-09-09 21:00:00,1.8,3.241845670572017,-1.441845670572017,ridge,test,1.441845670572017
2017-09-09 21:00:00,1.8,3.2862038271415965,-1.4862038271415965,ridge,test,1.4862038271415965
2017-09-09 21:00:00,1.8,3.183183988736011,-1.383183988736011,ridge,test,1.383183988736011
2017-09-09 21:00:00,1.8,3.1974570686517443,-1.3974570686517442,ridge,test,1.3974570686517442
2017-09-09 21:00:00,1.8,3.097003121165598,-1.297003121165598,ridge,test,1.297003121165598
2017-09-09 21:00:00,1.8,2.431702046812659,-0.6317020468126591,ridge,test,0.6317020468126591
2017-09-09 21:00:00,1.8,2.349616606903553,-0.5496166069035529,ridge,test,0.5496166069035529
2017-09-09 21:00:00,1.8,2.4277593292753563,-0.6277593292753563,ridge,test,0.6277593292753563
2017-09-09 21:00:00,1.8,2.3722860185846564,-0.5722860185846563,ridge,test,0.5722860185846563
2017-09-09 21:00:00,1.8,2.5486933731876205,-0.7486933731876204,ridge,test,0.7486933731876204
2017-09-09 21:00:00,1.8,2.5197059956382626,-0.7197059956382625,ridge,test,0.7197059956382625
2017-09-09 21:00:00,1.8,2.3865512488339493,-0.5865512488339493,ridge,test,0.5865512488339493
2017-09-09 21:00:00,1.8,2.441195306584069,-0.6411953065840688,ridge,test,0.6411953065840688
2017-09-09 21:00:00,1.8,2.684432054148427,-0.8844320541484267,ridge,test,0.8844320541484267
2017-09-09 21:00:00,1.8,2.8834417555773593,-1.0834417555773592,ridge,test,1.0834417555773592
2017-09-09 21:00:00,1.8,2.9496742989191715,-1.1496742989191715,ridge,test,1.1496742989191715
2017-09-09 21:00:00,1.8,2.797060960800377,-0.9970609608003771,ridge,test,0.9970609608003771
2017-09-09 21:00:00,1.8,2.7132574470216384,-0.9132574470216384,ridge,test,0.9132574470216384
2017-09-09 21:00:00,1.8,2.599452537079074,-0.7994525370790739,ridge,test,0.7994525370790739
2017-09-09 21:00:00,1.8,2.489837471241639,-0.6898374712416391,ridge,test,0.6898374712416391
2017-09-09 21:00:00,1.8,2.4951170888943963,-0.6951170888943963,ridge,test,0.6951170888943963
2017-09-09 21:00:00,1.8,2.5941046075268455,-0.7941046075268454,ridge,test,0.7941046075268454
2017-09-09 21:00:00,1.8,2.4387065141265807,-0.6387065141265806,ridge,test,0.6387065141265806
2017-09-09 21:00:00,1.8,2.8470921555029833,-1.0470921555029833,ridge,test,1.0470921555029833
2017-09-09 21:00:00,1.8,3.079327373373234,-1.2793273733732338,ridge,test,1.2793273733732338
2017-09-09 21:00:00,1.8,3.204437009533594,-1.4044370095335938,ridge,test,1.4044370095335938
2017-09-09 21:00:00,1.8,3.288085491039224,-1.488085491039224,ridge,test,1.488085491039224
2017-09-09 21:00:00,1.8,2.857876514822777,-1.057876514822777,ridge,test,1.057876514822777
2017-09-09 21:00:00,1.8,2.3814235351440343,-0.5814235351440342,ridge,test,0.5814235351440342
2017-09-09 21:00:00,1.8,2.5942468073586826,-0.7942468073586826,ridge,test,0.7942468073586826
2017-09-09 21:00:00,1.8,2.719774680714629,-0.9197746807146288,ridge,test,0.9197746807146288
2017-09-09 21:00:00,1.8,2.607854561158461,-0.8078545611584611,ridge,test,0.8078545611584611
2017-09-09 21:00:00,1.8,2.3612373211118514,-0.5612373211118513,ridge,test,0.5612373211118513
2017-09-09 21:00:00,1.8,2.8914414973643465,-1.0914414973643465,ridge,test,1.0914414973643465
2017-09-09 21:00:00,1.8,2.784320870786246,-0.9843208707862459,ridge,test,0.9843208707862459
2017-09-09 21:00:00,1.8,2.5288961277143747,-0.7288961277143746,ridge,test,0.7288961277143746
2017-09-09 21:00:00,1.8,2.9378880682135122,-1.1378880682135122,ridge,test,1.1378880682135122
2017-09-09 21:00:00,1.8,2.717762004791661,-0.9177620047916608,ridge,test,0.9177620047916608
2017-09-09 21:00:00,1.8,2.4312553815221323,-0.6312553815221322,ridge,test,0.6312553815221322
2017-09-09 21:00:00,1.8,2.486386607662718,-0.6863866076627179,ridge,test,0.6863866076627179
2017-09-09 21:00:00,1.8,2.6180963278168954,-0.8180963278168953,ridge,test,0.8180963278168953
2017-09-09 21:00:00,1.8,2.5946382032119635,-0.7946382032119634,ridge,test,0.7946382032119634
2017-09-09 21:00:00,1.8,2.700313201419303,-0.9003132014193029,ridge,test,0.9003132014193029
2017-09-09 21:00:00,1.8,2.577184914805235,-0.777184914805235,ridge,test,0.777184914805235
2017-09-09 21:00:00,1.8,3.086124693091212,-1.2861246930912118,ridge,test,1.2861246930912118
2017-09-09 21:00:00,1.8,3.353562496312011,-1.5535624963120112,ridge,test,1.5535624963120112
2017-09-09 21:00:00,1.8,3.388648032859904,-1.588648032859904,ridge,test,1.588648032859904
2017-09-09 21:00:00,1.8,2.9469878818003816,-1.1469878818003816,ridge,test,1.1469878818003816
2017-09-09 21:00:00,1.8,3.067623730982246,-1.267623730982246,ridge,test,1.267623730982246
2017-09-09 21:00:00,1.8,3.1608541295924737,-1.3608541295924736,ridge,test,1.3608541295924736
2017-09-09 21:00:00,1.8,3.1238729677888215,-1.3238729677888215,ridge,test,1.3238729677888215
2017-09-09 21:00:00,1.8,3.06210014271665,-1.26210014271665,ridge,test,1.26210014271665
2017-09-09 21:00:00,1.8,2.8376050804364703,-1.0376050804364703,ridge,test,1.0376050804364703
2017-09-09 21:00:00,1.8,2.4340235559559527,-0.6340235559559526,ridge,test,0.6340235559559526
2017-09-09 21:00:00,1.8,2.6496088436915977,-0.8496088436915976,ridge,test,0.8496088436915976
2017-09-09 21:00:00,1.8,2.8244349645115903,-1.0244349645115902,ridge,test,1.0244349645115902
2017-09-09 21:00:00,1.8,3.3069052472082885,-1.5069052472082884,ridge,test,1.5069052472082884
2017-09-09 21:00:00,1.8,3.2858885949272185,-1.4858885949272185,ridge,test,1.4858885949272185
2017-09-09 21:00:00,1.8,3.175839362962571,-1.375839362962571,ridge,test,1.375839362962571
2017-09-09 21:00:00,1.8,3.512350233084834,-1.7123502330848341,ridge,test,1.7123502330848341
2017-09-09 21:00:00,1.8,3.4921173012650475,-1.6921173012650474,ridge,test,1.6921173012650474
2017-09-09 21:00:00,1.8,3.3741581473568187,-1.5741581473568187,ridge,test,1.5741581473568187
2017-09-09 21:00:00,1.8,3.2426804949987,-1.4426804949986998,ridge,test,1.4426804949986998
2017-09-09 21:00:00,1.8,3.1913776665760207,-1.3913776665760207,ridge,test,1.3913776665760207
2017-09-09 21:00:00,1.8,3.241186852401162,-1.441186852401162,ridge,test,1.441186852401162
2017-09-09 21:00:00,1.8,2.8577823703937772,-1.0577823703937772,ridge,test,1.0577823703937772
2017-09-09 21:00:00,1.8,3.0527156267030047,-1.2527156267030046,ridge,test,1.2527156267030046
2017-09-09 21:00:00,1.8,3.232907632461678,-1.432907632461678,ridge,test,1.432907632461678
2017-09-09 21:00:00,1.8,2.4774524629346693,-0.6774524629346692,ridge,test,0.6774524629346692
2017-09-09 22:00:00,1.96,3.513517340057423,-1.553517340057423,ridge,test,1.553517340057423
2017-09-09 22:00:00,1.96,3.364356872020826,-1.4043568720208262,ridge,test,1.4043568720208262
2017-09-09 22:00:00,1.96,2.463611605195261,-0.5036116051952608,ridge,test,0.5036116051952608
2017-09-09 22:00:00,1.96,2.6097013433070932,-0.6497013433070933,ridge,test,0.6497013433070933
2017-09-09 22:00:00,1.96,2.3661614066438714,-0.40616140664387146,ridge,test,0.40616140664387146
2017-09-09 22:00:00,1.96,2.3990402190997533,-0.4390402190997533,ridge,test,0.4390402190997533
2017-09-09 22:00:00,1.96,2.4682568292105014,-0.5082568292105014,ridge,test,0.5082568292105014
2017-09-09 22:00:00,1.96,2.5999524151896884,-0.6399524151896885,ridge,test,0.6399524151896885
2017-09-09 22:00:00,1.96,2.658263613017286,-0.6982636130172861,ridge,test,0.6982636130172861
2017-09-09 22:00:00,1.96,2.525126949946536,-0.5651269499465359,ridge,test,0.5651269499465359
2017-09-09 22:00:00,1.96,2.7110412485513846,-0.7510412485513847,ridge,test,0.7510412485513847
2017-09-09 22:00:00,1.96,2.6489215792606475,-0.6889215792606476,ridge,test,0.6889215792606476
2017-09-09 22:00:00,1.96,2.418220345434508,-0.45822034543450796,ridge,test,0.45822034543450796
2017-09-09 22:00:00,1.96,2.4012523488886446,-0.4412523488886446,ridge,test,0.4412523488886446
2017-09-09 22:00:00,1.96,2.341304083680791,-0.38130408368079083,ridge,test,0.38130408368079083
2017-09-09 22:00:00,1.96,2.6240037452221765,-0.6640037452221765,ridge,test,0.6640037452221765
2017-09-09 22:00:00,1.96,2.6017367998608862,-0.6417367998608863,ridge,test,0.6417367998608863
2017-09-09 22:00:00,1.96,2.623562424909821,-0.6635624249098209,ridge,test,0.6635624249098209
2017-09-09 22:00:00,1.96,2.9667414480815575,-1.0067414480815575,ridge,test,1.0067414480815575
2017-09-09 22:00:00,1.96,2.9279027487340845,-0.9679027487340846,ridge,test,0.9679027487340846
2017-09-09 22:00:00,1.96,2.5204911392544864,-0.5604911392544865,ridge,test,0.5604911392544865
2017-09-09 22:00:00,1.96,2.857926554222317,-0.8979265542223169,ridge,test,0.8979265542223169
2017-09-09 22:00:00,1.96,2.5624136979352024,-0.6024136979352024,ridge,test,0.6024136979352024
2017-09-09 22:00:00,1.96,2.502857296865442,-0.5428572968654422,ridge,test,0.5428572968654422
2017-09-09 22:00:00,1.96,3.0580635854245384,-1.0980635854245384,ridge,test,1.0980635854245384
2017-09-09 22:00:00,1.96,2.927331956087435,-0.9673319560874352,ridge,test,0.9673319560874352
2017-09-09 22:00:00,1.96,2.7329205736326934,-0.7729205736326934,ridge,test,0.7729205736326934
2017-09-09 22:00:00,1.96,2.9396198791908312,-0.9796198791908313,ridge,test,0.9796198791908313
2017-09-09 22:00:00,1.96,2.9617189598047524,-1.0017189598047525,ridge,test,1.0017189598047525
2017-09-09 22:00:00,1.96,2.7006430375341064,-0.7406430375341064,ridge,test,0.7406430375341064
2017-09-09 22:00:00,1.96,2.6721348077565286,-0.7121348077565286,ridge,test,0.7121348077565286
2017-09-09 22:00:00,1.96,2.3685619929502515,-0.40856199295025153,ridge,test,0.40856199295025153
2017-09-09 22:00:00,1.96,2.41132627197409,-0.45132627197409025,ridge,test,0.45132627197409025
2017-09-09 22:00:00,1.96,2.430988838877239,-0.47098883887723897,ridge,test,0.47098883887723897
2017-09-09 22:00:00,1.96,2.4950938786723915,-0.5350938786723916,ridge,test,0.5350938786723916
2017-09-09 22:00:00,1.96,2.621797604653703,-0.6617976046537031,ridge,test,0.6617976046537031
2017-09-09 22:00:00,1.96,2.7878659354876736,-0.8278659354876736,ridge,test,0.8278659354876736
2017-09-09 22:00:00,1.96,2.686017082468228,-0.7260170824682279,ridge,test,0.7260170824682279
2017-09-09 22:00:00,1.96,2.8127245372160568,-0.8527245372160568,ridge,test,0.8527245372160568
2017-09-09 22:00:00,1.96,2.931748120589144,-0.9717481205891438,ridge,test,0.9717481205891438
2017-09-09 22:00:00,1.96,3.1144332590914,-1.1544332590914,ridge,test,1.1544332590914
2017-09-09 22:00:00,1.96,2.8867942537202844,-0.9267942537202845,ridge,test,0.9267942537202845
2017-09-09 22:00:00,1.96,2.538670327116104,-0.5786703271161042,ridge,test,0.5786703271161042
2017-09-09 22:00:00,1.96,2.749980558328745,-0.7899805583287449,ridge,test,0.7899805583287449
2017-09-09 22:00:00,1.96,2.4974837506026066,-0.5374837506026067,ridge,test,0.5374837506026067
2017-09-09 22:00:00,1.96,2.3266943370502284,-0.36669433705022847,ridge,test,0.36669433705022847
2017-09-09 22:00:00,1.96,1.9028730650298509,0.05712693497014909,ridge,test,0.05712693497014909
2017-09-09 22:00:00,1.96,2.127696718310032,-0.1676967183100322,ridge,test,0.1676967183100322
2017-09-09 22:00:00,1.96,2.2738162581357035,-0.3138162581357036,ridge,test,0.3138162581357036
2017-09-09 22:00:00,1.96,2.3691833394960904,-0.4091833394960904,ridge,test,0.4091833394960904
2017-09-09 22:00:00,1.96,2.3692399181279145,-0.4092399181279145,ridge,test,0.4092399181279145
2017-09-09 22:00:00,1.96,2.2178946826445936,-0.2578946826445936,ridge,test,0.2578946826445936
2017-09-09 22:00:00,1.96,2.2815150645650775,-0.3215150645650775,ridge,test,0.3215150645650775
2017-09-09 22:00:00,1.96,2.3546544582665696,-0.39465445826656964,ridge,test,0.39465445826656964
2017-09-09 22:00:00,1.96,2.166193590760219,-0.20619359076021881,ridge,test,0.20619359076021881
2017-09-09 22:00:00,1.96,2.07663438953493,-0.11663438953493,ridge,test,0.11663438953493
2017-09-09 22:00:00,1.96,2.096962420781887,-0.13696242078188714,ridge,test,0.13696242078188714
2017-09-09 22:00:00,1.96,2.1084729954236834,-0.14847299542368342,ridge,test,0.14847299542368342
2017-09-09 22:00:00,1.96,2.3640359293321227,-0.40403592933212273,ridge,test,0.40403592933212273
2017-09-09 22:00:00,1.96,2.606341956895803,-0.6463419568958031,ridge,test,0.6463419568958031
2017-09-09 22:00:00,1.96,2.8251929712716626,-0.8651929712716626,ridge,test,0.8651929712716626
2017-09-09 22:00:00,1.96,2.792106297963322,-0.832106297963322,ridge,test,0.832106297963322
2017-09-09 22:00:00,1.96,2.840089439375301,-0.8800894393753009,ridge,test,0.8800894393753009
2017-09-09 22:00:00,1.96,2.7038712094554036,-0.7438712094554036,ridge,test,0.7438712094554036
2017-09-09 22:00:00,1.96,2.5369978946015586,-0.5769978946015586,ridge,test,0.5769978946015586
2017-09-09 22:00:00,1.96,2.462210749482219,-0.5022107494822192,ridge,test,0.5022107494822192
2017-09-09 22:00:00,1.96,2.4718579910313903,-0.5118579910313903,ridge,test,0.5118579910313903
2017-09-09 22:00:00,1.96,2.2829550940096968,-0.3229550940096968,ridge,test,0.3229550940096968
2017-09-09 22:00:00,1.96,2.5269503161003843,-0.5669503161003844,ridge,test,0.5669503161003844
2017-09-09 22:00:00,1.96,2.7824854943644985,-0.8224854943644986,ridge,test,0.8224854943644986
2017-09-09 22:00:00,1.96,2.809031153060034,-0.8490311530600341,ridge,test,0.8490311530600341
2017-09-09 22:00:00,1.96,2.5816422525915486,-0.6216422525915486,ridge,test,0.6216422525915486
2017-09-09 22:00:00,1.96,2.5007022315549388,-0.5407022315549388,ridge,test,0.5407022315549388
2017-09-09 22:00:00,1.96,2.497956337301874,-0.5379563373018739,ridge,test,0.5379563373018739
2017-09-09 22:00:00,1.96,2.2714088961630203,-0.31140889616302037,ridge,test,0.31140889616302037
2017-09-09 22:00:00,1.96,2.3405095759125136,-0.38050957591251366,ridge,test,0.38050957591251366
2017-09-09 22:00:00,1.96,2.2967749831065225,-0.33677498310652254,ridge,test,0.33677498310652254
2017-09-09 22:00:00,1.96,2.206101812119441,-0.24610181211944093,ridge,test,0.24610181211944093
2017-09-09 22:00:00,1.96,2.419927020675186,-0.459927020675186,ridge,test,0.459927020675186
2017-09-09 22:00:00,1.96,2.3930571134042333,-0.43305711340423336,ridge,test,0.43305711340423336
2017-09-09 22:00:00,1.96,2.6658821039745346,-0.7058821039745347,ridge,test,0.7058821039745347
2017-09-09 22:00:00,1.96,2.8761354374906825,-0.9161354374906825,ridge,test,0.9161354374906825
2017-09-09 22:00:00,1.96,2.578436109279705,-0.6184361092797048,ridge,test,0.6184361092797048
2017-09-09 22:00:00,1.96,2.2838807576529563,-0.3238807576529563,ridge,test,0.3238807576529563
2017-09-09 22:00:00,1.96,2.6148127383848485,-0.6548127383848485,ridge,test,0.6548127383848485
2017-09-09 22:00:00,1.96,2.535838619442324,-0.5758386194423242,ridge,test,0.5758386194423242
2017-09-09 22:00:00,1.96,2.3082619067988555,-0.3482619067988555,ridge,test,0.3482619067988555
2017-09-09 22:00:00,1.96,2.588021604152082,-0.6280216041520821,ridge,test,0.6280216041520821
2017-09-09 22:00:00,1.96,2.746453041699159,-0.7864530416991591,ridge,test,0.7864530416991591
2017-09-09 22:00:00,1.96,2.4903643315807003,-0.5303643315807003,ridge,test,0.5303643315807003
2017-09-09 22:00:00,1.96,2.553007368033469,-0.5930073680334691,ridge,test,0.5930073680334691
2017-09-09 22:00:00,1.96,2.8014899159456967,-0.8414899159456968,ridge,test,0.8414899159456968
2017-09-09 22:00:00,1.96,2.701969132954883,-0.7419691329548832,ridge,test,0.7419691329548832
2017-09-09 22:00:00,1.96,2.7896765316040666,-0.8296765316040666,ridge,test,0.8296765316040666
2017-09-09 22:00:00,1.96,2.662214667575199,-0.7022146675751992,ridge,test,0.7022146675751992
2017-09-09 22:00:00,1.96,2.838502852594063,-0.878502852594063,ridge,test,0.878502852594063
2017-09-09 22:00:00,1.96,2.9984823285974462,-1.0384823285974463,ridge,test,1.0384823285974463
2017-09-09 22:00:00,1.96,2.821960545384733,-0.8619605453847332,ridge,test,0.8619605453847332
2017-09-09 22:00:00,1.96,2.883650182644143,-0.9236501826441432,ridge,test,0.9236501826441432
2017-09-09 22:00:00,1.96,2.8781160417257414,-0.9181160417257415,ridge,test,0.9181160417257415
2017-09-09 22:00:00,1.96,2.9544999122138296,-0.9944999122138296,ridge,test,0.9944999122138296
2017-09-09 22:00:00,1.96,2.8792614008599497,-0.9192614008599498,ridge,test,0.9192614008599498
2017-09-09 22:00:00,1.96,2.8182339395322815,-0.8582339395322816,ridge,test,0.8582339395322816
2017-09-09 22:00:00,1.96,2.8257295726674077,-0.8657295726674077,ridge,test,0.8657295726674077
2017-09-09 22:00:00,1.96,2.77282187419217,-0.8128218741921702,ridge,test,0.8128218741921702
2017-09-09 22:00:00,1.96,2.9510665170769315,-0.9910665170769315,ridge,test,0.9910665170769315
2017-09-09 22:00:00,1.96,2.85323299819895,-0.89323299819895,ridge,test,0.89323299819895
2017-09-09 22:00:00,1.96,2.5438638618459346,-0.5838638618459346,ridge,test,0.5838638618459346
2017-09-09 22:00:00,1.96,2.66373727366759,-0.7037372736675902,ridge,test,0.7037372736675902
2017-09-09 22:00:00,1.96,2.5382889165252664,-0.5782889165252665,ridge,test,0.5782889165252665
2017-09-09 22:00:00,1.96,2.6942768309189935,-0.7342768309189935,ridge,test,0.7342768309189935
2017-09-09 22:00:00,1.96,2.5876074765665598,-0.6276074765665598,ridge,test,0.6276074765665598
2017-09-09 22:00:00,1.96,2.663373294218556,-0.7033732942185562,ridge,test,0.7033732942185562
2017-09-09 22:00:00,1.96,3.236375884433261,-1.276375884433261,ridge,test,1.276375884433261
2017-09-09 22:00:00,1.96,3.148462869815823,-1.1884628698158228,ridge,test,1.1884628698158228
2017-09-09 22:00:00,1.96,2.9116107462410286,-0.9516107462410286,ridge,test,0.9516107462410286
2017-09-09 22:00:00,1.96,2.695499761045325,-0.7354997610453249,ridge,test,0.7354997610453249
2017-09-09 22:00:00,1.96,2.81278402852803,-0.8527840285280299,ridge,test,0.8527840285280299
2017-09-09 22:00:00,1.96,2.6337478864860002,-0.6737478864860003,ridge,test,0.6737478864860003
2017-09-09 22:00:00,1.96,2.638226618215167,-0.678226618215167,ridge,test,0.678226618215167
2017-09-09 22:00:00,1.96,3.0926817290057373,-1.1326817290057374,ridge,test,1.1326817290057374
2017-09-09 22:00:00,1.96,3.527743082435867,-1.5677430824358671,ridge,test,1.5677430824358671
2017-09-09 22:00:00,1.96,3.0094191708254066,-1.0494191708254066,ridge,test,1.0494191708254066
2017-09-09 22:00:00,1.96,2.441350792461047,-0.48135079246104695,ridge,test,0.48135079246104695
2017-09-09 22:00:00,1.96,2.2897901716335936,-0.3297901716335936,ridge,test,0.3297901716335936
2017-09-09 22:00:00,1.96,2.470333266780595,-0.5103332667805951,ridge,test,0.5103332667805951
2017-09-09 22:00:00,1.96,2.510700336386911,-0.5507003363869112,ridge,test,0.5507003363869112
2017-09-09 22:00:00,1.96,2.4236940163285516,-0.4636940163285517,ridge,test,0.4636940163285517
2017-09-09 22:00:00,1.96,2.9161877982533215,-0.9561877982533216,ridge,test,0.9561877982533216
2017-09-09 22:00:00,1.96,3.1009349451872468,-1.1409349451872468,ridge,test,1.1409349451872468
2017-09-09 22:00:00,1.96,2.8788906016600326,-0.9188906016600327,ridge,test,0.9188906016600327
2017-09-09 22:00:00,1.96,2.7763035080283953,-0.8163035080283954,ridge,test,0.8163035080283954
2017-09-09 22:00:00,1.96,2.70191636396448,-0.7419163639644801,ridge,test,0.7419163639644801
2017-09-09 22:00:00,1.96,2.614543310194753,-0.6545433101947529,ridge,test,0.6545433101947529
2017-09-09 22:00:00,1.96,3.233150487556111,-1.2731504875561108,ridge,test,1.2731504875561108
2017-09-09 22:00:00,1.96,3.019799777102784,-1.0597997771027838,ridge,test,1.0597997771027838
2017-09-09 22:00:00,1.96,2.90242697644636,-0.94242697644636,ridge,test,0.94242697644636
2017-09-09 22:00:00,1.96,3.257957075646785,-1.297957075646785,ridge,test,1.297957075646785
2017-09-09 22:00:00,1.96,3.1464622943397833,-1.1864622943397833,ridge,test,1.1864622943397833
2017-09-09 22:00:00,1.96,3.0310990506061595,-1.0710990506061595,ridge,test,1.0710990506061595
2017-09-09 22:00:00,1.96,2.89349284389945,-0.9334928438994501,ridge,test,0.9334928438994501
2017-09-09 22:00:00,1.96,2.8313989082699305,-0.8713989082699305,ridge,test,0.8713989082699305
2017-09-09 22:00:00,1.96,2.827164029425792,-0.8671640294257918,ridge,test,0.8671640294257918
2017-09-09 22:00:00,1.96,2.80595147205751,-0.8459514720575099,ridge,test,0.8459514720575099
2017-09-09 22:00:00,1.96,2.5803864553177607,-0.6203864553177607,ridge,test,0.6203864553177607
2017-09-09 22:00:00,1.96,2.5935573469754014,-0.6335573469754014,ridge,test,0.6335573469754014
2017-09-09 22:00:00,1.96,2.9198011003564446,-0.9598011003564446,ridge,test,0.9598011003564446
2017-09-09 22:00:00,1.96,2.710078494014454,-0.750078494014454,ridge,test,0.750078494014454
2017-09-09 22:00:00,1.96,2.4337351156005194,-0.4737351156005194,ridge,test,0.4737351156005194
2017-09-09 22:00:00,1.96,2.459089376079297,-0.49908937607929715,ridge,test,0.49908937607929715
2017-09-09 22:00:00,1.96,2.4972364101865434,-0.5372364101865434,ridge,test,0.5372364101865434
2017-09-09 22:00:00,1.96,2.4958841386721473,-0.5358841386721473,ridge,test,0.5358841386721473
2017-09-09 22:00:00,1.96,2.5353716820836314,-0.5753716820836314,ridge,test,0.5753716820836314
2017-09-09 22:00:00,1.96,2.5374712737918093,-0.5774712737918093,ridge,test,0.5774712737918093
2017-09-09 22:00:00,1.96,2.3949306992625585,-0.43493069926255856,ridge,test,0.43493069926255856
2017-09-09 22:00:00,1.96,2.4274499030020347,-0.4674499030020347,ridge,test,0.4674499030020347
2017-09-09 22:00:00,1.96,2.3991797781504856,-0.4391797781504856,ridge,test,0.4391797781504856
2017-09-09 22:00:00,1.96,2.766354338097947,-0.8063543380979472,ridge,test,0.8063543380979472
2017-09-09 22:00:00,1.96,2.862867224713715,-0.9028672247137148,ridge,test,0.9028672247137148
2017-09-09 22:00:00,1.96,2.732303996702493,-0.772303996702493,ridge,test,0.772303996702493
2017-09-09 22:00:00,1.96,2.5868352818506324,-0.6268352818506324,ridge,test,0.6268352818506324
2017-09-09 22:00:00,1.96,2.7586114714610295,-0.7986114714610295,ridge,test,0.7986114714610295
2017-09-09 22:00:00,1.96,2.662573766290903,-0.7025737662909028,ridge,test,0.7025737662909028
2017-09-09 22:00:00,1.96,2.4578538163904997,-0.49785381639049975,ridge,test,0.49785381639049975
2017-09-09 22:00:00,1.96,2.921317988598338,-0.9613179885983381,ridge,test,0.9613179885983381
2017-09-09 22:00:00,1.96,2.8670424038489246,-0.9070424038489246,ridge,test,0.9070424038489246
2017-09-09 22:00:00,1.96,2.479399688531894,-0.5193996885318941,ridge,test,0.5193996885318941
2017-09-09 22:00:00,1.96,2.5390061834069337,-0.5790061834069338,ridge,test,0.5790061834069338
2017-09-09 22:00:00,1.96,2.5340740817591656,-0.5740740817591656,ridge,test,0.5740740817591656
2017-09-09 22:00:00,1.96,2.7902536104253923,-0.8302536104253924,ridge,test,0.8302536104253924
2017-09-09 22:00:00,1.96,3.398557020115552,-1.4385570201155522,ridge,test,1.4385570201155522
2017-09-09 22:00:00,1.96,3.3294746825809596,-1.3694746825809596,ridge,test,1.3694746825809596
2017-09-09 22:00:00,1.96,3.4724144716315157,-1.5124144716315158,ridge,test,1.5124144716315158
2017-09-09 22:00:00,1.96,3.543076328895318,-1.5830763288953182,ridge,test,1.5830763288953182
2017-09-09 22:00:00,1.96,3.5404130316518776,-1.5804130316518776,ridge,test,1.5804130316518776
2017-09-09 22:00:00,1.96,2.6378305361055783,-0.6778305361055783,ridge,test,0.6778305361055783
2017-09-09 22:00:00,1.96,2.681215963970988,-0.7212159639709879,ridge,test,0.7212159639709879
2017-09-09 22:00:00,1.96,2.9374794622618463,-0.9774794622618463,ridge,test,0.9774794622618463
2017-09-09 22:00:00,1.96,3.0769226014139215,-1.1169226014139215,ridge,test,1.1169226014139215
2017-09-09 22:00:00,1.96,2.5224491097554673,-0.5624491097554674,ridge,test,0.5624491097554674
2017-09-09 23:00:00,1.71,2.989084636614848,-1.279084636614848,ridge,test,1.279084636614848
2017-09-09 23:00:00,1.71,2.725042156118516,-1.0150421561185161,ridge,test,1.0150421561185161
2017-09-09 23:00:00,1.71,2.337491246857481,-0.6274912468574811,ridge,test,0.6274912468574811
2017-09-09 23:00:00,1.71,2.4520964766549396,-0.7420964766549396,ridge,test,0.7420964766549396
2017-09-09 23:00:00,1.71,2.1950141708216657,-0.48501417082166576,ridge,test,0.48501417082166576
2017-09-09 23:00:00,1.71,1.9850594948311457,-0.2750594948311458,ridge,test,0.2750594948311458
2017-09-09 23:00:00,1.71,2.211722385582547,-0.5017223855825472,ridge,test,0.5017223855825472
2017-09-09 23:00:00,1.71,2.208090287166404,-0.4980902871664039,ridge,test,0.4980902871664039
2017-09-09 23:00:00,1.71,2.179777964043694,-0.4697779640436939,ridge,test,0.4697779640436939
2017-09-09 23:00:00,1.71,2.1507663220719753,-0.4407663220719753,ridge,test,0.4407663220719753
2017-09-09 23:00:00,1.71,2.2574797604089083,-0.5474797604089083,ridge,test,0.5474797604089083
2017-09-09 23:00:00,1.71,2.3534629934031326,-0.6434629934031326,ridge,test,0.6434629934031326
2017-09-09 23:00:00,1.71,2.185649003629864,-0.4756490036298642,ridge,test,0.4756490036298642
2017-09-09 23:00:00,1.71,2.376276138171268,-0.6662761381712681,ridge,test,0.6662761381712681
2017-09-09 23:00:00,1.71,2.3420292882372005,-0.6320292882372005,ridge,test,0.6320292882372005
2017-09-09 23:00:00,1.71,2.283758137113038,-0.573758137113038,ridge,test,0.573758137113038
2017-09-09 23:00:00,1.71,2.157363470079948,-0.44736347007994803,ridge,test,0.44736347007994803
2017-09-09 23:00:00,1.71,2.1523074264226016,-0.4423074264226017,ridge,test,0.4423074264226017
2017-09-09 23:00:00,1.71,2.0911800370563363,-0.3811800370563363,ridge,test,0.3811800370563363
2017-09-09 23:00:00,1.71,2.1926636321587676,-0.4826636321587676,ridge,test,0.4826636321587676
2017-09-09 23:00:00,1.71,2.3285928465881023,-0.6185928465881023,ridge,test,0.6185928465881023
2017-09-09 23:00:00,1.71,2.5805719263436204,-0.8705719263436205,ridge,test,0.8705719263436205
2017-09-09 23:00:00,1.71,2.6176467376641246,-0.9076467376641246,ridge,test,0.9076467376641246
2017-09-09 23:00:00,1.71,2.672588144828588,-0.962588144828588,ridge,test,0.962588144828588
2017-09-09 23:00:00,1.71,2.556520970219331,-0.846520970219331,ridge,test,0.846520970219331
2017-09-09 23:00:00,1.71,2.616393537225449,-0.906393537225449,ridge,test,0.906393537225449
2017-09-09 23:00:00,1.71,2.6067974877891125,-0.8967974877891125,ridge,test,0.8967974877891125
2017-09-09 23:00:00,1.71,2.623791971458968,-0.9137919714589682,ridge,test,0.9137919714589682
2017-09-09 23:00:00,1.71,2.4204810812180617,-0.7104810812180617,ridge,test,0.7104810812180617
2017-09-09 23:00:00,1.71,2.2416959752805043,-0.5316959752805044,ridge,test,0.5316959752805044
2017-09-09 23:00:00,1.71,2.226888854132504,-0.5168888541325041,ridge,test,0.5168888541325041
2017-09-09 23:00:00,1.71,2.2374180778395494,-0.5274180778395494,ridge,test,0.5274180778395494
2017-09-09 23:00:00,1.71,2.3989327666470937,-0.6889327666470937,ridge,test,0.6889327666470937
2017-09-09 23:00:00,1.71,2.2966299760445006,-0.5866299760445006,ridge,test,0.5866299760445006
2017-09-09 23:00:00,1.71,2.1698937991647047,-0.45989379916470474,ridge,test,0.45989379916470474
2017-09-09 23:00:00,1.71,2.363792357794229,-0.6537923577942291,ridge,test,0.6537923577942291
2017-09-09 23:00:00,1.71,2.128612817156287,-0.41861281715628706,ridge,test,0.41861281715628706
2017-09-09 23:00:00,1.71,2.2542350961517976,-0.5442350961517977,ridge,test,0.5442350961517977
2017-09-09 23:00:00,1.71,2.3900868424424178,-0.6800868424424178,ridge,test,0.6800868424424178
2017-09-09 23:00:00,1.71,2.514848619208804,-0.804848619208804,ridge,test,0.804848619208804
2017-09-09 23:00:00,1.71,2.5895815231112542,-0.8795815231112543,ridge,test,0.8795815231112543
2017-09-09 23:00:00,1.71,2.389802379062605,-0.6798023790626049,ridge,test,0.6798023790626049
2017-09-09 23:00:00,1.71,2.431508011071923,-0.721508011071923,ridge,test,0.721508011071923
2017-09-09 23:00:00,1.71,2.5653066572016128,-0.8553066572016128,ridge,test,0.8553066572016128
2017-09-09 23:00:00,1.71,2.63851180710298,-0.9285118071029799,ridge,test,0.9285118071029799
2017-09-09 23:00:00,1.71,2.633136539130554,-0.9231365391305539,ridge,test,0.9231365391305539
2017-09-09 23:00:00,1.71,2.265680558928323,-0.5556805589283229,ridge,test,0.5556805589283229
2017-09-09 23:00:00,1.71,2.26464183834394,-0.5546418383439402,ridge,test,0.5546418383439402
2017-09-09 23:00:00,1.71,2.501162970842597,-0.7911629708425969,ridge,test,0.7911629708425969
2017-09-09 23:00:00,1.71,2.411882991867382,-0.7018829918673819,ridge,test,0.7018829918673819
2017-09-09 23:00:00,1.71,2.5575909881606758,-0.8475909881606758,ridge,test,0.8475909881606758
2017-09-09 23:00:00,1.71,2.6067082450125474,-0.8967082450125474,ridge,test,0.8967082450125474
2017-09-09 23:00:00,1.71,2.436233263415457,-0.7262332634154571,ridge,test,0.7262332634154571
2017-09-09 23:00:00,1.71,2.603159844465775,-0.8931598444657749,ridge,test,0.8931598444657749
2017-09-09 23:00:00,1.71,2.5371919544672776,-0.8271919544672777,ridge,test,0.8271919544672777
2017-09-09 23:00:00,1.71,2.637444584386116,-0.9274445843861159,ridge,test,0.9274445843861159
2017-09-09 23:00:00,1.71,2.66955771564239,-0.95955771564239,ridge,test,0.95955771564239
2017-09-09 23:00:00,1.71,2.4202634773341107,-0.7102634773341108,ridge,test,0.7102634773341108
2017-09-09 23:00:00,1.71,2.2372075057685183,-0.5272075057685184,ridge,test,0.5272075057685184
2017-09-09 23:00:00,1.71,2.1331193165178153,-0.4231193165178153,ridge,test,0.4231193165178153
2017-09-09 23:00:00,1.71,2.185343011351859,-0.4753430113518591,ridge,test,0.4753430113518591
2017-09-09 23:00:00,1.71,2.1157546654097357,-0.4057546654097357,ridge,test,0.4057546654097357
2017-09-09 23:00:00,1.71,2.0823820647916103,-0.3723820647916103,ridge,test,0.3723820647916103
2017-09-09 23:00:00,1.71,2.7372298086265303,-1.0272298086265303,ridge,test,1.0272298086265303
2017-09-09 23:00:00,1.71,2.7648134612315465,-1.0548134612315465,ridge,test,1.0548134612315465
2017-09-09 23:00:00,1.71,2.4321925094211014,-0.7221925094211015,ridge,test,0.7221925094211015
2017-09-09 23:00:00,1.71,2.5834052378424266,-0.8734052378424266,ridge,test,0.8734052378424266
2017-09-09 23:00:00,1.71,2.568967286673194,-0.8589672866731939,ridge,test,0.8589672866731939
2017-09-09 23:00:00,1.71,2.6789610770821186,-0.9689610770821186,ridge,test,0.9689610770821186
2017-09-09 23:00:00,1.71,2.891238516921125,-1.181238516921125,ridge,test,1.181238516921125
2017-09-09 23:00:00,1.71,2.46264205937694,-0.7526420593769401,ridge,test,0.7526420593769401
2017-09-09 23:00:00,1.71,2.2705087954142718,-0.5605087954142718,ridge,test,0.5605087954142718
2017-09-09 23:00:00,1.71,2.2102399963786596,-0.5002399963786597,ridge,test,0.5002399963786597
2017-09-09 23:00:00,1.71,2.3055706534469858,-0.5955706534469858,ridge,test,0.5955706534469858
2017-09-09 23:00:00,1.71,2.271772855076739,-0.5617728550767391,ridge,test,0.5617728550767391
2017-09-09 23:00:00,1.71,2.314926058112346,-0.6049260581123459,ridge,test,0.6049260581123459
2017-09-09 23:00:00,1.71,2.30223353586321,-0.59223353586321,ridge,test,0.59223353586321
2017-09-09 23:00:00,1.71,2.3347469915081795,-0.6247469915081796,ridge,test,0.6247469915081796
2017-09-09 23:00:00,1.71,2.3916807068929247,-0.6816807068929247,ridge,test,0.6816807068929247
2017-09-09 23:00:00,1.71,2.2910382696154374,-0.5810382696154375,ridge,test,0.5810382696154375
2017-09-09 23:00:00,1.71,2.1555174149596388,-0.4455174149596388,ridge,test,0.4455174149596388
2017-09-09 23:00:00,1.71,2.079645216005293,-0.369645216005293,ridge,test,0.369645216005293
2017-09-09 23:00:00,1.71,2.2093487332800854,-0.49934873328008544,ridge,test,0.49934873328008544
2017-09-09 23:00:00,1.71,2.2495389616651904,-0.5395389616651904,ridge,test,0.5395389616651904
2017-09-09 23:00:00,1.71,2.6033973756828717,-0.8933973756828717,ridge,test,0.8933973756828717
2017-09-09 23:00:00,1.71,2.7960787998274705,-1.0860787998274706,ridge,test,1.0860787998274706
2017-09-09 23:00:00,1.71,2.59873013251006,-0.8887301325100601,ridge,test,0.8887301325100601
2017-09-09 23:00:00,1.71,2.754619102101155,-1.044619102101155,ridge,test,1.044619102101155
2017-09-09 23:00:00,1.71,2.572502686567063,-0.8625026865670629,ridge,test,0.8625026865670629
2017-09-09 23:00:00,1.71,2.70784562801459,-0.99784562801459,ridge,test,0.99784562801459
2017-09-09 23:00:00,1.71,2.277098905416116,-0.567098905416116,ridge,test,0.567098905416116
2017-09-09 23:00:00,1.71,2.4379191295932707,-0.7279191295932708,ridge,test,0.7279191295932708
2017-09-09 23:00:00,1.71,2.38768590154131,-0.6776859015413099,ridge,test,0.6776859015413099
2017-09-09 23:00:00,1.71,2.3206756813116716,-0.6106756813116716,ridge,test,0.6106756813116716
2017-09-09 23:00:00,1.71,2.499508831250517,-0.789508831250517,ridge,test,0.789508831250517
2017-09-09 23:00:00,1.71,2.4525986890916243,-0.7425986890916243,ridge,test,0.7425986890916243
2017-09-09 23:00:00,1.71,2.6051796004888508,-0.8951796004888508,ridge,test,0.8951796004888508
2017-09-09 23:00:00,1.71,2.564546108673632,-0.8545461086736319,ridge,test,0.8545461086736319
2017-09-09 23:00:00,1.71,2.1868011112002277,-0.4768011112002277,ridge,test,0.4768011112002277
2017-09-09 23:00:00,1.71,2.5396692675640713,-0.8296692675640713,ridge,test,0.8296692675640713
2017-09-09 23:00:00,1.71,2.593229009541959,-0.8832290095419588,ridge,test,0.8832290095419588
2017-09-09 23:00:00,1.71,2.3611624300164857,-0.6511624300164858,ridge,test,0.6511624300164858
2017-09-09 23:00:00,1.71,2.285714564965044,-0.5757145649650441,ridge,test,0.5757145649650441
2017-09-09 23:00:00,1.71,2.557186210169695,-0.8471862101696952,ridge,test,0.8471862101696952
2017-09-09 23:00:00,1.71,2.5654707337226266,-0.8554707337226266,ridge,test,0.8554707337226266
2017-09-09 23:00:00,1.71,2.3449420929428677,-0.6349420929428677,ridge,test,0.6349420929428677
2017-09-09 23:00:00,1.71,2.372954672208874,-0.6629546722088739,ridge,test,0.6629546722088739
2017-09-09 23:00:00,1.71,2.4908471262045446,-0.7808471262045447,ridge,test,0.7808471262045447
2017-09-09 23:00:00,1.71,2.237510971866528,-0.5275109718665281,ridge,test,0.5275109718665281
2017-09-09 23:00:00,1.71,2.3609080965454035,-0.6509080965454035,ridge,test,0.6509080965454035
2017-09-09 23:00:00,1.71,2.2633915562236133,-0.5533915562236134,ridge,test,0.5533915562236134
2017-09-09 23:00:00,1.71,2.275704167901541,-0.5657041679015409,ridge,test,0.5657041679015409
2017-09-09 23:00:00,1.71,2.4900027363322383,-0.7800027363322384,ridge,test,0.7800027363322384
2017-09-09 23:00:00,1.71,2.618652139099473,-0.9086521390994728,ridge,test,0.9086521390994728
2017-09-09 23:00:00,1.71,2.5724771382082827,-0.8624771382082828,ridge,test,0.8624771382082828
2017-09-09 23:00:00,1.71,2.375391069635653,-0.6653910696356529,ridge,test,0.6653910696356529
2017-09-09 23:00:00,1.71,2.3228126752347786,-0.6128126752347787,ridge,test,0.6128126752347787
2017-09-09 23:00:00,1.71,2.3856105638549256,-0.6756105638549257,ridge,test,0.6756105638549257
2017-09-09 23:00:00,1.71,2.419547704581454,-0.7095477045814542,ridge,test,0.7095477045814542
2017-09-09 23:00:00,1.71,2.3116570563640977,-0.6016570563640977,ridge,test,0.6016570563640977
2017-09-09 23:00:00,1.71,2.1580277176563545,-0.4480277176563545,ridge,test,0.4480277176563545
2017-09-09 23:00:00,1.71,2.3357689360442127,-0.6257689360442127,ridge,test,0.6257689360442127
2017-09-09 23:00:00,1.71,2.6444254616929745,-0.9344254616929746,ridge,test,0.9344254616929746
2017-09-09 23:00:00,1.71,2.3633470624456465,-0.6533470624456466,ridge,test,0.6533470624456466
2017-09-09 23:00:00,1.71,2.227955282477637,-0.517955282477637,ridge,test,0.517955282477637
2017-09-09 23:00:00,1.71,2.5894092309871373,-0.8794092309871373,ridge,test,0.8794092309871373
2017-09-09 23:00:00,1.71,2.4186954958245646,-0.7086954958245646,ridge,test,0.7086954958245646
2017-09-09 23:00:00,1.71,2.4353665904123263,-0.7253665904123263,ridge,test,0.7253665904123263
2017-09-09 23:00:00,1.71,2.320986156334006,-0.6109861563340062,ridge,test,0.6109861563340062
2017-09-09 23:00:00,1.71,2.177135636779364,-0.4671356367793642,ridge,test,0.4671356367793642
2017-09-09 23:00:00,1.71,2.2566420669264393,-0.5466420669264394,ridge,test,0.5466420669264394
2017-09-09 23:00:00,1.71,2.299646327917075,-0.5896463279170749,ridge,test,0.5896463279170749
2017-09-09 23:00:00,1.71,2.3612922761690056,-0.6512922761690056,ridge,test,0.6512922761690056
2017-09-09 23:00:00,1.71,2.3593578796510273,-0.6493578796510273,ridge,test,0.6493578796510273
2017-09-09 23:00:00,1.71,2.3598813951137623,-0.6498813951137623,ridge,test,0.6498813951137623
2017-09-09 23:00:00,1.71,2.418550076161848,-0.7085500761618482,ridge,test,0.7085500761618482
2017-09-09 23:00:00,1.71,2.56391496904052,-0.8539149690405199,ridge,test,0.8539149690405199
2017-09-09 23:00:00,1.71,2.671710999180168,-0.961710999180168,ridge,test,0.961710999180168
2017-09-09 23:00:00,1.71,2.61655079566875,-0.9065507956687502,ridge,test,0.9065507956687502
2017-09-09 23:00:00,1.71,2.5862018889540024,-0.8762018889540024,ridge,test,0.8762018889540024
2017-09-09 23:00:00,1.71,2.557757167000972,-0.8477571670009723,ridge,test,0.8477571670009723
2017-09-09 23:00:00,1.71,2.5733787926662557,-0.8633787926662557,ridge,test,0.8633787926662557
2017-09-09 23:00:00,1.71,2.5253893890859236,-0.8153893890859236,ridge,test,0.8153893890859236
2017-09-09 23:00:00,1.71,2.4879665439018597,-0.7779665439018597,ridge,test,0.7779665439018597
2017-09-09 23:00:00,1.71,2.671359102886256,-0.9613591028862563,ridge,test,0.9613591028862563
2017-09-09 23:00:00,1.71,2.5857914054753284,-0.8757914054753284,ridge,test,0.8757914054753284
2017-09-09 23:00:00,1.71,2.461573184796068,-0.7515731847960678,ridge,test,0.7515731847960678
2017-09-09 23:00:00,1.71,2.5147400030537526,-0.8047400030537526,ridge,test,0.8047400030537526
2017-09-09 23:00:00,1.71,2.2372410080564147,-0.5272410080564147,ridge,test,0.5272410080564147
2017-09-09 23:00:00,1.71,2.332687108368265,-0.622687108368265,ridge,test,0.622687108368265
2017-09-09 23:00:00,1.71,2.3239550708203964,-0.6139550708203965,ridge,test,0.6139550708203965
2017-09-09 23:00:00,1.71,2.502290685157213,-0.7922906851572131,ridge,test,0.7922906851572131
2017-09-09 23:00:00,1.71,2.4719663043354907,-0.7619663043354907,ridge,test,0.7619663043354907
2017-09-09 23:00:00,1.71,2.3892831913226154,-0.6792831913226154,ridge,test,0.6792831913226154
2017-09-09 23:00:00,1.71,2.288731500494659,-0.5787315004946589,ridge,test,0.5787315004946589
2017-09-09 23:00:00,1.71,2.7701902746710743,-1.0601902746710743,ridge,test,1.0601902746710743
2017-09-09 23:00:00,1.71,2.638973069059302,-0.9289730690593019,ridge,test,0.9289730690593019
2017-09-09 23:00:00,1.71,2.54345149018002,-0.8334514901800198,ridge,test,0.8334514901800198
2017-09-09 23:00:00,1.71,2.635988437130917,-0.925988437130917,ridge,test,0.925988437130917
2017-09-09 23:00:00,1.71,2.5447865957331084,-0.8347865957331084,ridge,test,0.8347865957331084
2017-09-09 23:00:00,1.71,2.456694367641433,-0.746694367641433,ridge,test,0.746694367641433
2017-09-09 23:00:00,1.71,2.4698686916174615,-0.7598686916174615,ridge,test,0.7598686916174615
2017-09-09 23:00:00,1.71,2.377250345468709,-0.6672503454687089,ridge,test,0.6672503454687089
2017-09-09 23:00:00,1.71,2.486773069110646,-0.776773069110646,ridge,test,0.776773069110646
2017-09-09 23:00:00,1.71,2.553682965395119,-0.8436829653951192,ridge,test,0.8436829653951192
2017-09-09 23:00:00,1.71,2.722646069929415,-1.0126460699294149,ridge,test,1.0126460699294149
2017-09-09 23:00:00,1.71,2.727851687398982,-1.017851687398982,ridge,test,1.017851687398982
2017-09-09 23:00:00,1.71,2.5220834282596734,-0.8120834282596734,ridge,test,0.8120834282596734
2017-09-09 23:00:00,1.71,2.627177792557701,-0.9171777925577009,ridge,test,0.9171777925577009
2017-09-09 23:00:00,1.71,2.5500053116332144,-0.8400053116332145,ridge,test,0.8400053116332145
2017-09-09 23:00:00,1.71,2.402335272768717,-0.6923352727687169,ridge,test,0.6923352727687169
2017-09-09 23:00:00,1.71,2.463113304097524,-0.753113304097524,ridge,test,0.753113304097524
2017-09-09 23:00:00,1.71,2.431041834886755,-0.7210418348867549,ridge,test,0.7210418348867549
2017-09-09 23:00:00,1.71,2.322505887823735,-0.612505887823735,ridge,test,0.612505887823735
2017-09-09 23:00:00,1.71,2.3710342380220153,-0.6610342380220153,ridge,test,0.6610342380220153
2017-09-09 23:00:00,1.71,2.4370825588077247,-0.7270825588077248,ridge,test,0.7270825588077248
2017-09-09 23:00:00,1.71,2.555814690988152,-0.8458146909881519,ridge,test,0.8458146909881519
2017-09-09 23:00:00,1.71,2.4579008023623796,-0.7479008023623797,ridge,test,0.7479008023623797
2017-09-09 23:00:00,1.71,2.142691881017853,-0.43269188101785305,ridge,test,0.43269188101785305
2017-09-09 23:00:00,1.71,2.1197645978154913,-0.40976459781549135,ridge,test,0.40976459781549135
2017-09-09 15:00:00,2.46,2.640314825404019,-0.180314825404019,random_forest,valid,0.180314825404019
2017-09-09 15:00:00,2.46,2.640314825404019,-0.180314825404019,random_forest,valid,0.180314825404019
2017-09-09 15:00:00,2.46,2.622191186710873,-0.16219118671087296,random_forest,valid,0.16219118671087296
2017-09-09 15:00:00,2.46,2.640314825404019,-0.180314825404019,random_forest,valid,0.180314825404019
2017-09-09 15:00:00,2.46,2.622191186710873,-0.16219118671087296,random_forest,valid,0.16219118671087296
2017-09-09 15:00:00,2.46,2.590482548070367,-0.13048254807036708,random_forest,valid,0.13048254807036708
2017-09-09 15:00:00,2.46,2.590482548070367,-0.13048254807036708,random_forest,valid,0.13048254807036708
2017-09-09 15:00:00,2.46,2.640314825404019,-0.180314825404019,random_forest,valid,0.180314825404019
2017-09-09 15:00:00,2.46,2.622191186710873,-0.16219118671087296,random_forest,valid,0.16219118671087296
2017-09-09 15:00:00,2.46,2.622191186710873,-0.16219118671087296,random_forest,valid,0.16219118671087296
2017-09-09 15:00:00,2.46,2.622191186710873,-0.16219118671087296,random_forest,valid,0.16219118671087296
2017-09-09 15:00:00,2.46,2.622191186710873,-0.16219118671087296,random_forest,valid,0.16219118671087296
2017-09-09 15:00:00,2.46,2.622191186710873,-0.16219118671087296,random_forest,valid,0.16219118671087296
2017-09-09 15:00:00,2.46,2.6224355555891643,-0.16243555558916434,random_forest,valid,0.16243555558916434
2017-09-09 15:00:00,2.46,2.6224355555891643,-0.16243555558916434,random_forest,valid,0.16243555558916434
2017-09-09 15:00:00,2.46,2.689301337086813,-0.2293013370868131,random_forest,valid,0.2293013370868131
2017-09-09 15:00:00,2.46,2.6224355555891643,-0.16243555558916434,random_forest,valid,0.16243555558916434
2017-09-09 15:00:00,2.46,2.591490471103757,-0.13149047110375722,random_forest,valid,0.13149047110375722
2017-09-09 15:00:00,2.46,2.591490471103757,-0.13149047110375722,random_forest,valid,0.13149047110375722
2017-09-09 15:00:00,2.46,2.7074249757799587,-0.2474249757799587,random_forest,valid,0.2474249757799587
2017-09-09 15:00:00,2.46,2.591490471103757,-0.13149047110375722,random_forest,valid,0.13149047110375722
2017-09-09 15:00:00,2.46,2.591490471103757,-0.13149047110375722,random_forest,valid,0.13149047110375722
2017-09-09 15:00:00,2.46,2.591490471103757,-0.13149047110375722,random_forest,valid,0.13149047110375722
2017-09-09 15:00:00,2.46,2.591490471103757,-0.13149047110375722,random_forest,valid,0.13149047110375722
2017-09-09 15:00:00,2.46,2.7074249757799587,-0.2474249757799587,random_forest,valid,0.2474249757799587
2017-09-09 15:00:00,2.46,2.591490471103757,-0.13149047110375722,random_forest,valid,0.13149047110375722
2017-09-09 15:00:00,2.46,2.591490471103757,-0.13149047110375722,random_forest,valid,0.13149047110375722
2017-09-09 15:00:00,2.46,2.591490471103757,-0.13149047110375722,random_forest,valid,0.13149047110375722
2017-09-09 15:00:00,2.46,2.591490471103757,-0.13149047110375722,random_forest,valid,0.13149047110375722
2017-09-09 15:00:00,2.46,2.591490471103757,-0.13149047110375722,random_forest,valid,0.13149047110375722
2017-09-09 15:00:00,2.46,2.591490471103757,-0.13149047110375722,random_forest,valid,0.13149047110375722
2017-09-09 15:00:00,2.46,2.6224355555891643,-0.16243555558916434,random_forest,valid,0.16243555558916434
2017-09-09 15:00:00,2.46,2.591490471103757,-0.13149047110375722,random_forest,valid,0.13149047110375722
2017-09-09 15:00:00,2.46,2.591490471103757,-0.13149047110375722,random_forest,valid,0.13149047110375722
2017-09-09 15:00:00,2.46,2.591490471103757,-0.13149047110375722,random_forest,valid,0.13149047110375722
2017-09-09 15:00:00,2.46,2.591490471103757,-0.13149047110375722,random_forest,valid,0.13149047110375722
2017-09-09 15:00:00,2.46,2.6224355555891643,-0.16243555558916434,random_forest,valid,0.16243555558916434
2017-09-09 15:00:00,2.46,2.591490471103757,-0.13149047110375722,random_forest,valid,0.13149047110375722
2017-09-09 15:00:00,2.46,2.6224355555891643,-0.16243555558916434,random_forest,valid,0.16243555558916434
2017-09-09 15:00:00,2.46,2.591490471103757,-0.13149047110375722,random_forest,valid,0.13149047110375722
2017-09-09 15:00:00,2.46,2.591490471103757,-0.13149047110375722,random_forest,valid,0.13149047110375722
2017-09-09 15:00:00,2.46,2.6224355555891643,-0.16243555558916434,random_forest,valid,0.16243555558916434
2017-09-09 15:00:00,2.46,2.591490471103757,-0.13149047110375722,random_forest,valid,0.13149047110375722
2017-09-09 15:00:00,2.46,2.591490471103757,-0.13149047110375722,random_forest,valid,0.13149047110375722
2017-09-09 15:00:00,2.46,2.591490471103757,-0.13149047110375722,random_forest,valid,0.13149047110375722
2017-09-09 15:00:00,2.46,2.591490471103757,-0.13149047110375722,random_forest,valid,0.13149047110375722
2017-09-09 15:00:00,2.46,2.591490471103757,-0.13149047110375722,random_forest,valid,0.13149047110375722
2017-09-09 15:00:00,2.46,2.591490471103757,-0.13149047110375722,random_forest,valid,0.13149047110375722
2017-09-09 15:00:00,2.46,2.591490471103757,-0.13149047110375722,random_forest,valid,0.13149047110375722
2017-09-09 15:00:00,2.46,2.591490471103757,-0.13149047110375722,random_forest,valid,0.13149047110375722
2017-09-09 15:00:00,2.46,2.631114127017736,-0.1711141270177361,random_forest,valid,0.1711141270177361
2017-09-09 15:00:00,2.46,2.7074249757799587,-0.2474249757799587,random_forest,valid,0.2474249757799587
2017-09-09 15:00:00,2.46,2.689301337086813,-0.2293013370868131,random_forest,valid,0.2293013370868131
2017-09-09 15:00:00,2.46,2.689301337086813,-0.2293013370868131,random_forest,valid,0.2293013370868131
2017-09-09 15:00:00,2.46,2.622191186710873,-0.16219118671087296,random_forest,valid,0.16219118671087296
2017-09-09 15:00:00,2.46,2.689301337086813,-0.2293013370868131,random_forest,valid,0.2293013370868131
2017-09-09 15:00:00,2.46,2.591490471103757,-0.13149047110375722,random_forest,valid,0.13149047110375722
2017-09-09 15:00:00,2.46,2.591490471103757,-0.13149047110375722,random_forest,valid,0.13149047110375722
2017-09-09 15:00:00,2.46,2.591490471103757,-0.13149047110375722,random_forest,valid,0.13149047110375722
2017-09-09 15:00:00,2.46,2.591490471103757,-0.13149047110375722,random_forest,valid,0.13149047110375722
2017-09-09 16:00:00,2.36,2.591490471103757,-0.2314904711037573,random_forest,valid,0.2314904711037573
2017-09-09 16:00:00,2.36,2.591490471103757,-0.2314904711037573,random_forest,valid,0.2314904711037573
2017-09-09 16:00:00,2.36,2.591490471103757,-0.2314904711037573,random_forest,valid,0.2314904711037573
2017-09-09 16:00:00,2.36,2.590482548070367,-0.23048254807036717,random_forest,valid,0.23048254807036717
2017-09-09 16:00:00,2.36,2.622191186710873,-0.26219118671087305,random_forest,valid,0.26219118671087305
2017-09-09 16:00:00,2.36,2.591490471103757,-0.2314904711037573,random_forest,valid,0.2314904711037573
2017-09-09 16:00:00,2.36,2.591490471103757,-0.2314904711037573,random_forest,valid,0.2314904711037573
2017-09-09 16:00:00,2.36,2.591490471103757,-0.2314904711037573,random_forest,valid,0.2314904711037573
2017-09-09 16:00:00,2.36,2.591490471103757,-0.2314904711037573,random_forest,valid,0.2314904711037573
2017-09-09 16:00:00,2.36,2.6224355555891643,-0.2624355555891644,random_forest,valid,0.2624355555891644
2017-09-09 16:00:00,2.36,2.6224355555891643,-0.2624355555891644,random_forest,valid,0.2624355555891644
2017-09-09 16:00:00,2.36,2.689301337086813,-0.3293013370868132,random_forest,valid,0.3293013370868132
2017-09-09 16:00:00,2.36,2.591490471103757,-0.2314904711037573,random_forest,valid,0.2314904711037573
2017-09-09 16:00:00,2.36,2.591490471103757,-0.2314904711037573,random_forest,valid,0.2314904711037573
2017-09-09 16:00:00,2.36,2.591490471103757,-0.2314904711037573,random_forest,valid,0.2314904711037573
2017-09-09 16:00:00,2.36,2.591490471103757,-0.2314904711037573,random_forest,valid,0.2314904711037573
2017-09-09 16:00:00,2.36,2.591490471103757,-0.2314904711037573,random_forest,valid,0.2314904711037573
2017-09-09 16:00:00,2.36,2.591490471103757,-0.2314904711037573,random_forest,valid,0.2314904711037573
2017-09-09 16:00:00,2.36,2.591490471103757,-0.2314904711037573,random_forest,valid,0.2314904711037573
2017-09-09 16:00:00,2.36,2.591490471103757,-0.2314904711037573,random_forest,valid,0.2314904711037573
2017-09-09 16:00:00,2.36,2.631114127017736,-0.2711141270177362,random_forest,valid,0.2711141270177362
2017-09-09 16:00:00,2.36,2.631114127017736,-0.2711141270177362,random_forest,valid,0.2711141270177362
2017-09-09 16:00:00,2.36,2.631114127017736,-0.2711141270177362,random_forest,valid,0.2711141270177362
2017-09-09 16:00:00,2.36,2.6865799728654487,-0.3265799728654488,random_forest,valid,0.3265799728654488
2017-09-09 16:00:00,2.36,2.631114127017736,-0.2711141270177362,random_forest,valid,0.2711141270177362
2017-09-09 16:00:00,2.36,2.591490471103757,-0.2314904711037573,random_forest,valid,0.2314904711037573
2017-09-09 16:00:00,2.36,2.64695631695147,-0.28695631695146995,random_forest,valid,0.28695631695146995
2017-09-09 16:00:00,2.36,2.677901401436878,-0.31790140143687795,random_forest,valid,0.31790140143687795
2017-09-09 16:00:00,2.36,2.612815588474649,-0.252815588474649,random_forest,valid,0.252815588474649
2017-09-09 16:00:00,2.36,2.64695631695147,-0.28695631695146995,random_forest,valid,0.28695631695146995
2017-09-09 16:00:00,2.36,2.64695631695147,-0.28695631695146995,random_forest,valid,0.28695631695146995
2017-09-09 16:00:00,2.36,2.6865799728654487,-0.3265799728654488,random_forest,valid,0.3265799728654488
2017-09-09 16:00:00,2.36,2.6865799728654487,-0.3265799728654488,random_forest,valid,0.3265799728654488
2017-09-09 16:00:00,2.36,2.6865799728654487,-0.3265799728654488,random_forest,valid,0.3265799728654488
2017-09-09 16:00:00,2.36,2.591490471103757,-0.2314904711037573,random_forest,valid,0.2314904711037573
2017-09-09 16:00:00,2.36,2.64695631695147,-0.28695631695146995,random_forest,valid,0.28695631695146995
2017-09-09 16:00:00,2.36,2.64695631695147,-0.28695631695146995,random_forest,valid,0.28695631695146995
2017-09-09 16:00:00,2.36,2.64695631695147,-0.28695631695146995,random_forest,valid,0.28695631695146995
2017-09-09 16:00:00,2.36,2.64695631695147,-0.28695631695146995,random_forest,valid,0.28695631695146995
2017-09-09 16:00:00,2.36,2.591490471103757,-0.2314904711037573,random_forest,valid,0.2314904711037573
2017-09-09 16:00:00,2.36,2.534185538368331,-0.17418553836833128,random_forest,valid,0.17418553836833128
2017-09-09 16:00:00,2.36,2.0820000000000003,0.2779999999999996,random_forest,valid,0.2779999999999996
2017-09-09 16:00:00,2.36,2.2510000000000003,0.10899999999999954,random_forest,valid,0.10899999999999954
2017-09-09 16:00:00,2.36,2.631114127017736,-0.2711141270177362,random_forest,valid,0.2711141270177362
2017-09-09 16:00:00,2.36,2.631114127017736,-0.2711141270177362,random_forest,valid,0.2711141270177362
2017-09-09 16:00:00,2.36,2.64695631695147,-0.28695631695146995,random_forest,valid,0.28695631695146995
2017-09-09 16:00:00,2.36,2.591490471103757,-0.2314904711037573,random_forest,valid,0.2314904711037573
2017-09-09 16:00:00,2.36,2.591490471103757,-0.2314904711037573,random_forest,valid,0.2314904711037573
2017-09-09 16:00:00,2.36,2.591490471103757,-0.2314904711037573,random_forest,valid,0.2314904711037573
2017-09-09 16:00:00,2.36,2.591490471103757,-0.2314904711037573,random_forest,valid,0.2314904711037573
2017-09-09 16:00:00,2.36,2.591490471103757,-0.2314904711037573,random_forest,valid,0.2314904711037573
2017-09-09 16:00:00,2.36,2.591490471103757,-0.2314904711037573,random_forest,valid,0.2314904711037573
2017-09-09 16:00:00,2.36,2.590482548070367,-0.23048254807036717,random_forest,valid,0.23048254807036717
2017-09-09 16:00:00,2.36,2.591490471103757,-0.2314904711037573,random_forest,valid,0.2314904711037573
2017-09-09 16:00:00,2.36,2.622191186710873,-0.26219118671087305,random_forest,valid,0.26219118671087305
2017-09-09 16:00:00,2.36,2.6246004582340516,-0.26460045823405176,random_forest,valid,0.26460045823405176
2017-09-09 16:00:00,2.36,2.6246004582340516,-0.26460045823405176,random_forest,valid,0.26460045823405176
2017-09-09 16:00:00,2.36,2.591490471103757,-0.2314904711037573,random_forest,valid,0.2314904711037573
2017-09-09 16:00:00,2.36,2.591490471103757,-0.2314904711037573,random_forest,valid,0.2314904711037573
2017-09-09 16:00:00,2.36,2.591490471103757,-0.2314904711037573,random_forest,valid,0.2314904711037573
2017-09-09 16:00:00,2.36,2.591490471103757,-0.2314904711037573,random_forest,valid,0.2314904711037573
2017-09-09 16:00:00,2.36,2.622191186710873,-0.26219118671087305,random_forest,valid,0.26219118671087305
2017-09-09 16:00:00,2.36,2.591490471103757,-0.2314904711037573,random_forest,valid,0.2314904711037573
2017-09-09 16:00:00,2.36,2.591490471103757,-0.2314904711037573,random_forest,valid,0.2314904711037573
2017-09-09 16:00:00,2.36,2.631114127017736,-0.2711141270177362,random_forest,valid,0.2711141270177362
2017-09-09 16:00:00,2.36,2.631114127017736,-0.2711141270177362,random_forest,valid,0.2711141270177362
2017-09-09 16:00:00,2.36,2.6224355555891643,-0.2624355555891644,random_forest,valid,0.2624355555891644
2017-09-09 16:00:00,2.36,2.6459483939180806,-0.2859483939180807,random_forest,valid,0.2859483939180807
2017-09-09 16:00:00,2.36,2.622191186710873,-0.26219118671087305,random_forest,valid,0.26219118671087305
2017-09-09 16:00:00,2.36,2.640314825404019,-0.2803148254040191,random_forest,valid,0.2803148254040191
2017-09-09 16:00:00,2.36,2.7074249757799587,-0.3474249757799588,random_forest,valid,0.3474249757799588
2017-09-09 16:00:00,2.36,2.591490471103757,-0.2314904711037573,random_forest,valid,0.2314904711037573
2017-09-09 16:00:00,2.36,2.591490471103757,-0.2314904711037573,random_forest,valid,0.2314904711037573
2017-09-09 16:00:00,2.36,2.591490471103757,-0.2314904711037573,random_forest,valid,0.2314904711037573
2017-09-09 16:00:00,2.36,2.591490471103757,-0.2314904711037573,random_forest,valid,0.2314904711037573
2017-09-09 16:00:00,2.36,2.591490471103757,-0.2314904711037573,random_forest,valid,0.2314904711037573
2017-09-09 16:00:00,2.36,2.622191186710873,-0.26219118671087305,random_forest,valid,0.26219118671087305
2017-09-09 16:00:00,2.36,2.640314825404019,-0.2803148254040191,random_forest,valid,0.2803148254040191
2017-09-09 16:00:00,2.36,2.640314825404019,-0.2803148254040191,random_forest,valid,0.2803148254040191
2017-09-09 16:00:00,2.36,2.640314825404019,-0.2803148254040191,random_forest,valid,0.2803148254040191
2017-09-09 16:00:00,2.36,2.590482548070367,-0.23048254807036717,random_forest,valid,0.23048254807036717
2017-09-09 16:00:00,2.36,2.591490471103757,-0.2314904711037573,random_forest,valid,0.2314904711037573
2017-09-09 16:00:00,2.36,2.591490471103757,-0.2314904711037573,random_forest,valid,0.2314904711037573
2017-09-09 16:00:00,2.36,2.591490471103757,-0.2314904711037573,random_forest,valid,0.2314904711037573
2017-09-09 16:00:00,2.36,2.591490471103757,-0.2314904711037573,random_forest,valid,0.2314904711037573
2017-09-09 16:00:00,2.36,2.591490471103757,-0.2314904711037573,random_forest,valid,0.2314904711037573
2017-09-09 16:00:00,2.36,2.591490471103757,-0.2314904711037573,random_forest,valid,0.2314904711037573
2017-09-09 16:00:00,2.36,2.591490471103757,-0.2314904711037573,random_forest,valid,0.2314904711037573
2017-09-09 16:00:00,2.36,2.591490471103757,-0.2314904711037573,random_forest,valid,0.2314904711037573
2017-09-09 16:00:00,2.36,2.6565534657528493,-0.29655346575284947,random_forest,valid,0.29655346575284947
2017-09-09 16:00:00,2.36,2.631114127017736,-0.2711141270177362,random_forest,valid,0.2711141270177362
2017-09-09 16:00:00,2.36,2.591490471103757,-0.2314904711037573,random_forest,valid,0.2314904711037573
2017-09-09 16:00:00,2.36,2.6865799728654487,-0.3265799728654488,random_forest,valid,0.3265799728654488
2017-09-09 16:00:00,2.36,2.6865799728654487,-0.3265799728654488,random_forest,valid,0.3265799728654488
2017-09-09 16:00:00,2.36,2.622191186710873,-0.26219118671087305,random_forest,valid,0.26219118671087305
2017-09-09 16:00:00,2.36,2.591490471103757,-0.2314904711037573,random_forest,valid,0.2314904711037573
2017-09-09 16:00:00,2.36,2.534185538368331,-0.17418553836833128,random_forest,valid,0.17418553836833128
2017-09-09 16:00:00,2.36,2.591490471103757,-0.2314904711037573,random_forest,valid,0.2314904711037573
2017-09-09 16:00:00,2.36,2.591490471103757,-0.2314904711037573,random_forest,valid,0.2314904711037573
2017-09-09 16:00:00,2.36,2.591490471103757,-0.2314904711037573,random_forest,valid,0.2314904711037573
2017-09-09 16:00:00,2.36,2.591490471103757,-0.2314904711037573,random_forest,valid,0.2314904711037573
2017-09-09 16:00:00,2.36,2.591490471103757,-0.2314904711037573,random_forest,valid,0.2314904711037573
2017-09-09 16:00:00,2.36,2.591490471103757,-0.2314904711037573,random_forest,valid,0.2314904711037573
2017-09-09 16:00:00,2.36,2.590482548070367,-0.23048254807036717,random_forest,valid,0.23048254807036717
2017-09-09 16:00:00,2.36,2.590482548070367,-0.23048254807036717,random_forest,valid,0.23048254807036717
2017-09-09 16:00:00,2.36,2.622191186710873,-0.26219118671087305,random_forest,valid,0.26219118671087305
2017-09-09 16:00:00,2.36,2.640314825404019,-0.2803148254040191,random_forest,valid,0.2803148254040191
2017-09-09 16:00:00,2.36,2.622191186710873,-0.26219118671087305,random_forest,valid,0.26219118671087305
2017-09-09 16:00:00,2.36,2.591490471103757,-0.2314904711037573,random_forest,valid,0.2314904711037573
2017-09-09 16:00:00,2.36,2.591490471103757,-0.2314904711037573,random_forest,valid,0.2314904711037573
2017-09-09 16:00:00,2.36,2.591490471103757,-0.2314904711037573,random_forest,valid,0.2314904711037573
2017-09-09 16:00:00,2.36,2.591490471103757,-0.2314904711037573,random_forest,valid,0.2314904711037573
2017-09-09 16:00:00,2.36,2.591490471103757,-0.2314904711037573,random_forest,valid,0.2314904711037573
2017-09-09 16:00:00,2.36,2.0170000000000003,0.3429999999999995,random_forest,valid,0.3429999999999995
2017-09-09 16:00:00,2.36,2.5651306228537387,-0.20513062285373884,random_forest,valid,0.20513062285373884
2017-09-09 16:00:00,2.36,2.689301337086813,-0.3293013370868132,random_forest,valid,0.3293013370868132
2017-09-09 16:00:00,2.36,2.591490471103757,-0.2314904711037573,random_forest,valid,0.2314904711037573
2017-09-09 16:00:00,2.36,2.591490471103757,-0.2314904711037573,random_forest,valid,0.2314904711037573
2017-09-09 16:00:00,2.36,2.590482548070367,-0.23048254807036717,random_forest,valid,0.23048254807036717
2017-09-09 16:00:00,2.36,2.591490471103757,-0.2314904711037573,random_forest,valid,0.2314904711037573
2017-09-09 16:00:00,2.36,2.591490471103757,-0.2314904711037573,random_forest,valid,0.2314904711037573
2017-09-09 16:00:00,2.36,2.591490471103757,-0.2314904711037573,random_forest,valid,0.2314904711037573
2017-09-09 16:00:00,2.36,2.591490471103757,-0.2314904711037573,random_forest,valid,0.2314904711037573
2017-09-09 16:00:00,2.36,2.590482548070367,-0.23048254807036717,random_forest,valid,0.23048254807036717
2017-09-09 16:00:00,2.36,2.591490471103757,-0.2314904711037573,random_forest,valid,0.2314904711037573
2017-09-09 16:00:00,2.36,2.591490471103757,-0.2314904711037573,random_forest,valid,0.2314904711037573
2017-09-09 16:00:00,2.36,2.591490471103757,-0.2314904711037573,random_forest,valid,0.2314904711037573
2017-09-09 16:00:00,2.36,2.591490471103757,-0.2314904711037573,random_forest,valid,0.2314904711037573
2017-09-09 16:00:00,2.36,2.590482548070367,-0.23048254807036717,random_forest,valid,0.23048254807036717
2017-09-09 16:00:00,2.36,1.971,0.3889999999999998,random_forest,valid,0.3889999999999998
2017-09-09 16:00:00,2.36,2.072,0.2879999999999998,random_forest,valid,0.2879999999999998
2017-09-09 16:00:00,2.36,2.590482548070367,-0.23048254807036717,random_forest,valid,0.23048254807036717
2017-09-09 16:00:00,2.36,2.590482548070367,-0.23048254807036717,random_forest,valid,0.23048254807036717
2017-09-09 16:00:00,2.36,2.591490471103757,-0.2314904711037573,random_forest,valid,0.2314904711037573
2017-09-09 16:00:00,2.36,2.591490471103757,-0.2314904711037573,random_forest,valid,0.2314904711037573
2017-09-09 16:00:00,2.36,2.591490471103757,-0.2314904711037573,random_forest,valid,0.2314904711037573
2017-09-09 16:00:00,2.36,2.591490471103757,-0.2314904711037573,random_forest,valid,0.2314904711037573
2017-09-09 16:00:00,2.36,2.591490471103757,-0.2314904711037573,random_forest,valid,0.2314904711037573
2017-09-09 16:00:00,2.36,2.6224355555891643,-0.2624355555891644,random_forest,valid,0.2624355555891644
2017-09-09 16:00:00,2.36,2.591490471103757,-0.2314904711037573,random_forest,valid,0.2314904711037573
2017-09-09 16:00:00,2.36,2.612815588474649,-0.252815588474649,random_forest,valid,0.252815588474649
2017-09-09 16:00:00,2.36,2.591490471103757,-0.2314904711037573,random_forest,valid,0.2314904711037573
2017-09-09 16:00:00,2.36,2.591490471103757,-0.2314904711037573,random_forest,valid,0.2314904711037573
2017-09-09 16:00:00,2.36,2.591490471103757,-0.2314904711037573,random_forest,valid,0.2314904711037573
2017-09-09 16:00:00,2.36,2.591490471103757,-0.2314904711037573,random_forest,valid,0.2314904711037573
2017-09-09 16:00:00,2.36,2.534185538368331,-0.17418553836833128,random_forest,valid,0.17418553836833128
2017-09-09 16:00:00,2.36,2.534185538368331,-0.17418553836833128,random_forest,valid,0.17418553836833128
2017-09-09 16:00:00,2.36,2.591490471103757,-0.2314904711037573,random_forest,valid,0.2314904711037573
2017-09-09 16:00:00,2.36,2.591490471103757,-0.2314904711037573,random_forest,valid,0.2314904711037573
2017-09-09 16:00:00,2.36,2.591490471103757,-0.2314904711037573,random_forest,valid,0.2314904711037573
2017-09-09 16:00:00,2.36,2.591490471103757,-0.2314904711037573,random_forest,valid,0.2314904711037573
2017-09-09 16:00:00,2.36,2.591490471103757,-0.2314904711037573,random_forest,valid,0.2314904711037573
2017-09-09 16:00:00,2.36,2.591490471103757,-0.2314904711037573,random_forest,valid,0.2314904711037573
2017-09-09 16:00:00,2.36,2.591490471103757,-0.2314904711037573,random_forest,valid,0.2314904711037573
2017-09-09 16:00:00,2.36,2.591490471103757,-0.2314904711037573,random_forest,valid,0.2314904711037573
2017-09-09 16:00:00,2.36,2.591490471103757,-0.2314904711037573,random_forest,valid,0.2314904711037573
2017-09-09 16:00:00,2.36,2.591490471103757,-0.2314904711037573,random_forest,valid,0.2314904711037573
2017-09-09 16:00:00,2.36,2.612815588474649,-0.252815588474649,random_forest,valid,0.252815588474649
2017-09-09 16:00:00,2.36,2.631114127017736,-0.2711141270177362,random_forest,valid,0.2711141270177362
2017-09-09 16:00:00,2.36,2.631114127017736,-0.2711141270177362,random_forest,valid,0.2711141270177362
2017-09-09 16:00:00,2.36,2.631114127017736,-0.2711141270177362,random_forest,valid,0.2711141270177362
2017-09-09 16:00:00,2.36,2.689301337086813,-0.3293013370868132,random_forest,valid,0.3293013370868132
2017-09-09 16:00:00,2.36,2.6565534657528493,-0.29655346575284947,random_forest,valid,0.29655346575284947
2017-09-09 16:00:00,2.36,2.640314825404019,-0.2803148254040191,random_forest,valid,0.2803148254040191
2017-09-09 16:00:00,2.36,2.591490471103757,-0.2314904711037573,random_forest,valid,0.2314904711037573
2017-09-09 16:00:00,2.36,2.591490471103757,-0.2314904711037573,random_forest,valid,0.2314904711037573
2017-09-09 16:00:00,2.36,2.591490471103757,-0.2314904711037573,random_forest,valid,0.2314904711037573
2017-09-09 16:00:00,2.36,2.591490471103757,-0.2314904711037573,random_forest,valid,0.2314904711037573
2017-09-09 16:00:00,2.36,2.640314825404019,-0.2803148254040191,random_forest,valid,0.2803148254040191
2017-09-09 16:00:00,2.36,2.640314825404019,-0.2803148254040191,random_forest,valid,0.2803148254040191
2017-09-09 16:00:00,2.36,2.7074249757799587,-0.3474249757799588,random_forest,valid,0.3474249757799588
2017-09-09 16:00:00,2.36,2.7074249757799587,-0.3474249757799588,random_forest,valid,0.3474249757799588
2017-09-09 16:00:00,2.36,2.622191186710873,-0.26219118671087305,random_forest,valid,0.26219118671087305
2017-09-09 16:00:00,2.36,2.591490471103757,-0.2314904711037573,random_forest,valid,0.2314904711037573
2017-09-09 16:00:00,2.36,2.591490471103757,-0.2314904711037573,random_forest,valid,0.2314904711037573
2017-09-09 16:00:00,2.36,2.591490471103757,-0.2314904711037573,random_forest,valid,0.2314904711037573
2017-09-09 16:00:00,2.36,2.5648862539754473,-0.20488625397544746,random_forest,valid,0.20488625397544746
2017-09-09 16:00:00,2.36,2.534185538368331,-0.17418553836833128,random_forest,valid,0.17418553836833128
2017-09-09 16:00:00,2.36,2.029,0.33099999999999996,random_forest,valid,0.33099999999999996
2017-09-09 16:00:00,2.36,2.6224355555891643,-0.2624355555891644,random_forest,valid,0.2624355555891644
2017-09-09 17:00:00,2.74,2.6224355555891643,0.11756444441083591,random_forest,valid,0.11756444441083591
2017-09-09 17:00:00,2.74,2.6224355555891643,0.11756444441083591,random_forest,valid,0.11756444441083591
2017-09-09 17:00:00,2.74,2.011,0.7290000000000001,random_forest,valid,0.7290000000000001
2017-09-09 17:00:00,2.74,2.2820000000000005,0.45799999999999974,random_forest,valid,0.45799999999999974
2017-09-09 17:00:00,2.74,1.9580000000000002,0.782,random_forest,valid,0.782
2017-09-09 17:00:00,2.74,2.0650000000000004,0.6749999999999998,random_forest,valid,0.6749999999999998
2017-09-09 17:00:00,2.74,2.534185538368331,0.20581446163166905,random_forest,valid,0.20581446163166905
2017-09-09 17:00:00,2.74,2.534185538368331,0.20581446163166905,random_forest,valid,0.20581446163166905
2017-09-09 17:00:00,2.74,2.591490471103757,0.14850952889624303,random_forest,valid,0.14850952889624303
2017-09-09 17:00:00,2.74,2.591490471103757,0.14850952889624303,random_forest,valid,0.14850952889624303
2017-09-09 17:00:00,2.74,2.591490471103757,0.14850952889624303,random_forest,valid,0.14850952889624303
2017-09-09 17:00:00,2.74,2.591490471103757,0.14850952889624303,random_forest,valid,0.14850952889624303
2017-09-09 17:00:00,2.74,2.591490471103757,0.14850952889624303,random_forest,valid,0.14850952889624303
2017-09-09 17:00:00,2.74,2.591490471103757,0.14850952889624303,random_forest,valid,0.14850952889624303
2017-09-09 17:00:00,2.74,2.591490471103757,0.14850952889624303,random_forest,valid,0.14850952889624303
2017-09-09 17:00:00,2.74,2.591490471103757,0.14850952889624303,random_forest,valid,0.14850952889624303
2017-09-09 17:00:00,2.74,2.591490471103757,0.14850952889624303,random_forest,valid,0.14850952889624303
2017-09-09 17:00:00,2.74,2.591490471103757,0.14850952889624303,random_forest,valid,0.14850952889624303
2017-09-09 17:00:00,2.74,2.591490471103757,0.14850952889624303,random_forest,valid,0.14850952889624303
2017-09-09 17:00:00,2.74,2.591490471103757,0.14850952889624303,random_forest,valid,0.14850952889624303
2017-09-09 17:00:00,2.74,2.591490471103757,0.14850952889624303,random_forest,valid,0.14850952889624303
2017-09-09 17:00:00,2.74,2.591490471103757,0.14850952889624303,random_forest,valid,0.14850952889624303
2017-09-09 17:00:00,2.74,2.591490471103757,0.14850952889624303,random_forest,valid,0.14850952889624303
2017-09-09 17:00:00,2.74,2.591490471103757,0.14850952889624303,random_forest,valid,0.14850952889624303
2017-09-09 17:00:00,2.74,2.591490471103757,0.14850952889624303,random_forest,valid,0.14850952889624303
2017-09-09 17:00:00,2.74,2.591490471103757,0.14850952889624303,random_forest,valid,0.14850952889624303
2017-09-09 17:00:00,2.74,2.591490471103757,0.14850952889624303,random_forest,valid,0.14850952889624303
2017-09-09 17:00:00,2.74,2.591490471103757,0.14850952889624303,random_forest,valid,0.14850952889624303
2017-09-09 17:00:00,2.74,2.591490471103757,0.14850952889624303,random_forest,valid,0.14850952889624303
2017-09-09 17:00:00,2.74,2.591490471103757,0.14850952889624303,random_forest,valid,0.14850952889624303
2017-09-09 17:00:00,2.74,2.591490471103757,0.14850952889624303,random_forest,valid,0.14850952889624303
2017-09-09 17:00:00,2.74,2.591490471103757,0.14850952889624303,random_forest,valid,0.14850952889624303
2017-09-09 17:00:00,2.74,2.591490471103757,0.14850952889624303,random_forest,valid,0.14850952889624303
2017-09-09 17:00:00,2.74,2.591490471103757,0.14850952889624303,random_forest,valid,0.14850952889624303
2017-09-09 17:00:00,2.74,2.591490471103757,0.14850952889624303,random_forest,valid,0.14850952889624303
2017-09-09 17:00:00,2.74,2.591490471103757,0.14850952889624303,random_forest,valid,0.14850952889624303
2017-09-09 17:00:00,2.74,2.591490471103757,0.14850952889624303,random_forest,valid,0.14850952889624303
2017-09-09 17:00:00,2.74,2.591490471103757,0.14850952889624303,random_forest,valid,0.14850952889624303
2017-09-09 17:00:00,2.74,2.591490471103757,0.14850952889624303,random_forest,valid,0.14850952889624303
2017-09-09 17:00:00,2.74,2.591490471103757,0.14850952889624303,random_forest,valid,0.14850952889624303
2017-09-09 17:00:00,2.74,2.590482548070367,0.14951745192963317,random_forest,valid,0.14951745192963317
2017-09-09 17:00:00,2.74,2.591490471103757,0.14850952889624303,random_forest,valid,0.14850952889624303
2017-09-09 17:00:00,2.74,2.591490471103757,0.14850952889624303,random_forest,valid,0.14850952889624303
2017-09-09 17:00:00,2.74,2.591490471103757,0.14850952889624303,random_forest,valid,0.14850952889624303
2017-09-09 17:00:00,2.74,2.513013026622383,0.2269869733776173,random_forest,valid,0.2269869733776173
2017-09-09 17:00:00,2.74,2.5635402559092904,0.17645974409070986,random_forest,valid,0.17645974409070986
2017-09-09 17:00:00,2.74,2.513013026622383,0.2269869733776173,random_forest,valid,0.2269869733776173
2017-09-09 17:00:00,2.74,2.4906236108582798,0.24937638914172044,random_forest,valid,0.24937638914172044
2017-09-09 17:00:00,2.74,2.4860707344613053,0.2539292655386949,random_forest,valid,0.2539292655386949
2017-09-09 17:00:00,2.74,2.4906236108582798,0.24937638914172044,random_forest,valid,0.24937638914172044
2017-09-09 17:00:00,2.74,2.4860707344613053,0.2539292655386949,random_forest,valid,0.2539292655386949
2017-09-09 17:00:00,2.74,2.4860707344613053,0.2539292655386949,random_forest,valid,0.2539292655386949
2017-09-09 17:00:00,2.74,2.4860707344613053,0.2539292655386949,random_forest,valid,0.2539292655386949
2017-09-09 17:00:00,2.74,2.4860707344613053,0.2539292655386949,random_forest,valid,0.2539292655386949
2017-09-09 17:00:00,2.74,2.4860707344613053,0.2539292655386949,random_forest,valid,0.2539292655386949
2017-09-09 17:00:00,2.74,2.4860707344613053,0.2539292655386949,random_forest,valid,0.2539292655386949
2017-09-09 17:00:00,2.74,2.5087472495514254,0.23125275044857485,random_forest,valid,0.23125275044857485
2017-09-09 17:00:00,2.74,2.5041943731544514,0.23580562684554884,random_forest,valid,0.23580562684554884
2017-09-09 17:00:00,2.74,2.4860707344613053,0.2539292655386949,random_forest,valid,0.2539292655386949
2017-09-09 17:00:00,2.74,2.4860707344613053,0.2539292655386949,random_forest,valid,0.2539292655386949
2017-09-09 17:00:00,2.74,2.4860707344613053,0.2539292655386949,random_forest,valid,0.2539292655386949
2017-09-09 17:00:00,2.74,2.4860707344613053,0.2539292655386949,random_forest,valid,0.2539292655386949
2017-09-09 17:00:00,2.74,2.4860707344613053,0.2539292655386949,random_forest,valid,0.2539292655386949
2017-09-09 17:00:00,2.74,2.4860707344613053,0.2539292655386949,random_forest,valid,0.2539292655386949
2017-09-09 17:00:00,2.74,2.5645481789426796,0.1754518210573206,random_forest,valid,0.1754518210573206
2017-09-09 17:00:00,2.74,2.513013026622383,0.2269869733776173,random_forest,valid,0.2269869733776173
2017-09-09 17:00:00,2.74,2.5645481789426796,0.1754518210573206,random_forest,valid,0.1754518210573206
2017-09-09 17:00:00,2.74,2.513013026622383,0.2269869733776173,random_forest,valid,0.2269869733776173
2017-09-09 17:00:00,2.74,2.4860707344613053,0.2539292655386949,random_forest,valid,0.2539292655386949
2017-09-09 17:00:00,2.74,2.5858732963135713,0.1541267036864289,random_forest,valid,0.1541267036864289
2017-09-09 17:00:00,2.74,2.591490471103757,0.14850952889624303,random_forest,valid,0.14850952889624303
2017-09-09 17:00:00,2.74,2.6246004582340516,0.11539954176594858,random_forest,valid,0.11539954176594858
2017-09-09 17:00:00,2.74,2.591490471103757,0.14850952889624303,random_forest,valid,0.14850952889624303
2017-09-09 17:00:00,2.74,2.591490471103757,0.14850952889624303,random_forest,valid,0.14850952889624303
2017-09-09 17:00:00,2.74,2.591490471103757,0.14850952889624303,random_forest,valid,0.14850952889624303
2017-09-09 17:00:00,2.74,2.591490471103757,0.14850952889624303,random_forest,valid,0.14850952889624303
2017-09-09 17:00:00,2.74,2.640314825404019,0.09968517459598125,random_forest,valid,0.09968517459598125
2017-09-09 17:00:00,2.74,2.513650483565248,0.2263495164347522,random_forest,valid,0.2263495164347522
2017-09-09 17:00:00,2.74,2.4860707344613053,0.2539292655386949,random_forest,valid,0.2539292655386949
2017-09-09 17:00:00,2.74,2.4860707344613053,0.2539292655386949,random_forest,valid,0.2539292655386949
2017-09-09 17:00:00,2.74,2.4860707344613053,0.2539292655386949,random_forest,valid,0.2539292655386949
2017-09-09 17:00:00,2.74,2.4906236108582798,0.24937638914172044,random_forest,valid,0.24937638914172044
2017-09-09 17:00:00,2.74,2.4860707344613053,0.2539292655386949,random_forest,valid,0.2539292655386949
2017-09-09 17:00:00,2.74,2.4860707344613053,0.2539292655386949,random_forest,valid,0.2539292655386949
2017-09-09 17:00:00,2.74,2.4860707344613053,0.2539292655386949,random_forest,valid,0.2539292655386949
2017-09-09 17:00:00,2.74,2.4906236108582798,0.24937638914172044,random_forest,valid,0.24937638914172044
2017-09-09 17:00:00,2.74,2.5786067605601297,0.1613932394398705,random_forest,valid,0.1613932394398705
2017-09-09 17:00:00,2.74,2.5087472495514254,0.23125275044857485,random_forest,valid,0.23125275044857485
2017-09-09 17:00:00,2.74,2.4860707344613053,0.2539292655386949,random_forest,valid,0.2539292655386949
2017-09-09 17:00:00,2.74,2.5645481789426796,0.1754518210573206,random_forest,valid,0.1754518210573206
2017-09-09 17:00:00,2.74,2.591490471103757,0.14850952889624303,random_forest,valid,0.14850952889624303
2017-09-09 17:00:00,2.74,2.591490471103757,0.14850952889624303,random_forest,valid,0.14850952889624303
2017-09-09 17:00:00,2.74,2.591490471103757,0.14850952889624303,random_forest,valid,0.14850952889624303
2017-09-09 17:00:00,2.74,2.591490471103757,0.14850952889624303,random_forest,valid,0.14850952889624303
2017-09-09 17:00:00,2.74,2.591490471103757,0.14850952889624303,random_forest,valid,0.14850952889624303
2017-09-09 17:00:00,2.74,2.591490471103757,0.14850952889624303,random_forest,valid,0.14850952889624303
2017-09-09 17:00:00,2.74,2.591490471103757,0.14850952889624303,random_forest,valid,0.14850952889624303
2017-09-09 17:00:00,2.74,2.591490471103757,0.14850952889624303,random_forest,valid,0.14850952889624303
2017-09-09 17:00:00,2.74,2.590482548070367,0.14951745192963317,random_forest,valid,0.14951745192963317
2017-09-09 17:00:00,2.74,2.591490471103757,0.14850952889624303,random_forest,valid,0.14850952889624303
2017-09-09 17:00:00,2.74,2.591490471103757,0.14850952889624303,random_forest,valid,0.14850952889624303
2017-09-09 17:00:00,2.74,2.591490471103757,0.14850952889624303,random_forest,valid,0.14850952889624303
2017-09-09 17:00:00,2.74,2.6224355555891643,0.11756444441083591,random_forest,valid,0.11756444441083591
2017-09-09 17:00:00,2.74,2.591490471103757,0.14850952889624303,random_forest,valid,0.14850952889624303
2017-09-09 17:00:00,2.74,2.591490471103757,0.14850952889624303,random_forest,valid,0.14850952889624303
2017-09-09 17:00:00,2.74,2.591490471103757,0.14850952889624303,random_forest,valid,0.14850952889624303
2017-09-09 17:00:00,2.74,2.591490471103757,0.14850952889624303,random_forest,valid,0.14850952889624303
2017-09-09 17:00:00,2.74,2.591490471103757,0.14850952889624303,random_forest,valid,0.14850952889624303
2017-09-09 17:00:00,2.74,2.591490471103757,0.14850952889624303,random_forest,valid,0.14850952889624303
2017-09-09 17:00:00,2.74,2.591490471103757,0.14850952889624303,random_forest,valid,0.14850952889624303
2017-09-09 17:00:00,2.74,2.591490471103757,0.14850952889624303,random_forest,valid,0.14850952889624303
2017-09-09 17:00:00,2.74,2.6224355555891643,0.11756444441083591,random_forest,valid,0.11756444441083591
2017-09-09 17:00:00,2.74,2.6224355555891643,0.11756444441083591,random_forest,valid,0.11756444441083591
2017-09-09 17:00:00,2.74,1.8690000000000002,0.871,random_forest,valid,0.871
2017-09-09 17:00:00,2.74,2.591490471103757,0.14850952889624303,random_forest,valid,0.14850952889624303
2017-09-09 17:00:00,2.74,2.591490471103757,0.14850952889624303,random_forest,valid,0.14850952889624303
2017-09-09 17:00:00,2.74,2.591490471103757,0.14850952889624303,random_forest,valid,0.14850952889624303
2017-09-09 17:00:00,2.74,2.591490471103757,0.14850952889624303,random_forest,valid,0.14850952889624303
2017-09-09 17:00:00,2.74,2.591490471103757,0.14850952889624303,random_forest,valid,0.14850952889624303
2017-09-09 17:00:00,2.74,2.591490471103757,0.14850952889624303,random_forest,valid,0.14850952889624303
2017-09-09 17:00:00,2.74,2.591490471103757,0.14850952889624303,random_forest,valid,0.14850952889624303
2017-09-09 17:00:00,2.74,2.591490471103757,0.14850952889624303,random_forest,valid,0.14850952889624303
2017-09-09 17:00:00,2.74,2.591490471103757,0.14850952889624303,random_forest,valid,0.14850952889624303
2017-09-09 17:00:00,2.74,2.591490471103757,0.14850952889624303,random_forest,valid,0.14850952889624303
2017-09-09 17:00:00,2.74,2.591490471103757,0.14850952889624303,random_forest,valid,0.14850952889624303
2017-09-09 17:00:00,2.74,2.591490471103757,0.14850952889624303,random_forest,valid,0.14850952889624303
2017-09-09 17:00:00,2.74,2.591490471103757,0.14850952889624303,random_forest,valid,0.14850952889624303
2017-09-09 17:00:00,2.74,1.8920000000000001,0.8480000000000001,random_forest,valid,0.8480000000000001
2017-09-09 17:00:00,2.74,2.086,0.6540000000000004,random_forest,valid,0.6540000000000004
2017-09-09 17:00:00,2.74,1.75,0.9900000000000002,random_forest,valid,0.9900000000000002
2017-09-09 17:00:00,2.74,1.9760000000000002,0.764,random_forest,valid,0.764
2017-09-09 17:00:00,2.74,1.887,0.8530000000000002,random_forest,valid,0.8530000000000002
2017-09-09 17:00:00,2.74,2.534185538368331,0.20581446163166905,random_forest,valid,0.20581446163166905
2017-09-09 17:00:00,2.74,2.591490471103757,0.14850952889624303,random_forest,valid,0.14850952889624303
2017-09-09 17:00:00,2.74,2.591490471103757,0.14850952889624303,random_forest,valid,0.14850952889624303
2017-09-09 17:00:00,2.74,2.591490471103757,0.14850952889624303,random_forest,valid,0.14850952889624303
2017-09-09 17:00:00,2.74,2.591490471103757,0.14850952889624303,random_forest,valid,0.14850952889624303
2017-09-09 17:00:00,2.74,2.631114127017736,0.10888587298226415,random_forest,valid,0.10888587298226415
2017-09-09 17:00:00,2.74,2.631114127017736,0.10888587298226415,random_forest,valid,0.10888587298226415
2017-09-09 17:00:00,2.74,2.591490471103757,0.14850952889624303,random_forest,valid,0.14850952889624303
2017-09-09 17:00:00,2.74,2.591490471103757,0.14850952889624303,random_forest,valid,0.14850952889624303
2017-09-09 17:00:00,2.74,2.591490471103757,0.14850952889624303,random_forest,valid,0.14850952889624303
2017-09-09 17:00:00,2.74,2.591490471103757,0.14850952889624303,random_forest,valid,0.14850952889624303
2017-09-09 17:00:00,2.74,2.591490471103757,0.14850952889624303,random_forest,valid,0.14850952889624303
2017-09-09 17:00:00,2.74,2.591490471103757,0.14850952889624303,random_forest,valid,0.14850952889624303
2017-09-09 17:00:00,2.74,2.591490471103757,0.14850952889624303,random_forest,valid,0.14850952889624303
2017-09-09 17:00:00,2.74,2.591490471103757,0.14850952889624303,random_forest,valid,0.14850952889624303
2017-09-09 17:00:00,2.74,2.591490471103757,0.14850952889624303,random_forest,valid,0.14850952889624303
2017-09-09 17:00:00,2.74,2.591490471103757,0.14850952889624303,random_forest,valid,0.14850952889624303
2017-09-09 17:00:00,2.74,2.591490471103757,0.14850952889624303,random_forest,valid,0.14850952889624303
2017-09-09 17:00:00,2.74,2.534185538368331,0.20581446163166905,random_forest,valid,0.20581446163166905
2017-09-09 17:00:00,2.74,2.591490471103757,0.14850952889624303,random_forest,valid,0.14850952889624303
2017-09-09 17:00:00,2.74,2.591490471103757,0.14850952889624303,random_forest,valid,0.14850952889624303
2017-09-09 17:00:00,2.74,2.590482548070367,0.14951745192963317,random_forest,valid,0.14951745192963317
2017-09-09 17:00:00,2.74,2.591490471103757,0.14850952889624303,random_forest,valid,0.14850952889624303
2017-09-09 17:00:00,2.74,2.591490471103757,0.14850952889624303,random_forest,valid,0.14850952889624303
2017-09-09 17:00:00,2.74,2.591490471103757,0.14850952889624303,random_forest,valid,0.14850952889624303
2017-09-09 17:00:00,2.74,2.591490471103757,0.14850952889624303,random_forest,valid,0.14850952889624303
2017-09-09 17:00:00,2.74,2.591490471103757,0.14850952889624303,random_forest,valid,0.14850952889624303
2017-09-09 17:00:00,2.74,2.591490471103757,0.14850952889624303,random_forest,valid,0.14850952889624303
2017-09-09 17:00:00,2.74,2.6224355555891643,0.11756444441083591,random_forest,valid,0.11756444441083591
2017-09-09 17:00:00,2.74,2.689301337086813,0.05069866291318714,random_forest,valid,0.05069866291318714
2017-09-09 17:00:00,2.74,2.6224355555891643,0.11756444441083591,random_forest,valid,0.11756444441083591
2017-09-09 17:00:00,2.74,2.591490471103757,0.14850952889624303,random_forest,valid,0.14850952889624303
2017-09-09 17:00:00,2.74,2.590482548070367,0.14951745192963317,random_forest,valid,0.14951745192963317
2017-09-09 17:00:00,2.74,2.591490471103757,0.14850952889624303,random_forest,valid,0.14850952889624303
2017-09-09 17:00:00,2.74,2.591490471103757,0.14850952889624303,random_forest,valid,0.14850952889624303
2017-09-09 17:00:00,2.74,2.591490471103757,0.14850952889624303,random_forest,valid,0.14850952889624303
2017-09-09 17:00:00,2.74,2.591490471103757,0.14850952889624303,random_forest,valid,0.14850952889624303
2017-09-09 17:00:00,2.74,2.591490471103757,0.14850952889624303,random_forest,valid,0.14850952889624303
2017-09-09 17:00:00,2.74,2.591490471103757,0.14850952889624303,random_forest,valid,0.14850952889624303
2017-09-09 17:00:00,2.74,2.591490471103757,0.14850952889624303,random_forest,valid,0.14850952889624303
2017-09-09 17:00:00,2.74,2.591490471103757,0.14850952889624303,random_forest,valid,0.14850952889624303
2017-09-09 17:00:00,2.74,2.591490471103757,0.14850952889624303,random_forest,valid,0.14850952889624303
2017-09-09 17:00:00,2.74,2.622191186710873,0.11780881328912729,random_forest,valid,0.11780881328912729
2017-09-09 17:00:00,2.74,2.590482548070367,0.14951745192963317,random_forest,valid,0.14951745192963317
2017-09-09 17:00:00,2.74,2.591490471103757,0.14850952889624303,random_forest,valid,0.14850952889624303
2017-09-09 17:00:00,2.74,2.591490471103757,0.14850952889624303,random_forest,valid,0.14850952889624303
2017-09-09 17:00:00,2.74,2.591490471103757,0.14850952889624303,random_forest,valid,0.14850952889624303
2017-09-09 17:00:00,2.74,2.591490471103757,0.14850952889624303,random_forest,valid,0.14850952889624303
2017-09-09 18:00:00,1.83,2.513013026622383,-0.6830130266223828,random_forest,valid,0.6830130266223828
2017-09-09 18:00:00,1.83,2.4860707344613053,-0.6560707344613053,random_forest,valid,0.6560707344613053
2017-09-09 18:00:00,1.83,2.4906236108582798,-0.6606236108582797,random_forest,valid,0.6606236108582797
2017-09-09 18:00:00,1.83,2.4860707344613053,-0.6560707344613053,random_forest,valid,0.6560707344613053
2017-09-09 18:00:00,1.83,2.4906236108582798,-0.6606236108582797,random_forest,valid,0.6606236108582797
2017-09-09 18:00:00,1.83,2.4860707344613053,-0.6560707344613053,random_forest,valid,0.6560707344613053
2017-09-09 18:00:00,1.83,2.4860707344613053,-0.6560707344613053,random_forest,valid,0.6560707344613053
2017-09-09 18:00:00,1.83,2.4860707344613053,-0.6560707344613053,random_forest,valid,0.6560707344613053
2017-09-09 18:00:00,1.83,2.4906236108582798,-0.6606236108582797,random_forest,valid,0.6606236108582797
2017-09-09 18:00:00,1.83,2.4860707344613053,-0.6560707344613053,random_forest,valid,0.6560707344613053
2017-09-09 18:00:00,1.83,2.4860707344613053,-0.6560707344613053,random_forest,valid,0.6560707344613053
2017-09-09 18:00:00,1.83,2.4860707344613053,-0.6560707344613053,random_forest,valid,0.6560707344613053
2017-09-09 18:00:00,1.83,2.4860707344613053,-0.6560707344613053,random_forest,valid,0.6560707344613053
2017-09-09 18:00:00,1.83,2.4860707344613053,-0.6560707344613053,random_forest,valid,0.6560707344613053
2017-09-09 18:00:00,1.83,2.4860707344613053,-0.6560707344613053,random_forest,valid,0.6560707344613053
2017-09-09 18:00:00,1.83,2.4860707344613053,-0.6560707344613053,random_forest,valid,0.6560707344613053
2017-09-09 18:00:00,1.83,2.4860707344613053,-0.6560707344613053,random_forest,valid,0.6560707344613053
2017-09-09 18:00:00,1.83,2.4860707344613053,-0.6560707344613053,random_forest,valid,0.6560707344613053
2017-09-09 18:00:00,1.83,2.4860707344613053,-0.6560707344613053,random_forest,valid,0.6560707344613053
2017-09-09 18:00:00,1.83,2.4906236108582798,-0.6606236108582797,random_forest,valid,0.6606236108582797
2017-09-09 18:00:00,1.83,2.5041943731544514,-0.6741943731544513,random_forest,valid,0.6741943731544513
2017-09-09 18:00:00,1.83,2.4860707344613053,-0.6560707344613053,random_forest,valid,0.6560707344613053
2017-09-09 18:00:00,1.83,2.4906236108582798,-0.6606236108582797,random_forest,valid,0.6606236108582797
2017-09-09 18:00:00,1.83,2.4860707344613053,-0.6560707344613053,random_forest,valid,0.6560707344613053
2017-09-09 18:00:00,1.83,2.4860707344613053,-0.6560707344613053,random_forest,valid,0.6560707344613053
2017-09-09 18:00:00,1.83,2.5041943731544514,-0.6741943731544513,random_forest,valid,0.6741943731544513
2017-09-09 18:00:00,1.83,2.4860707344613053,-0.6560707344613053,random_forest,valid,0.6560707344613053
2017-09-09 18:00:00,1.83,2.4860707344613053,-0.6560707344613053,random_forest,valid,0.6560707344613053
2017-09-09 18:00:00,1.83,2.4906236108582798,-0.6606236108582797,random_forest,valid,0.6606236108582797
2017-09-09 18:00:00,1.83,2.4860707344613053,-0.6560707344613053,random_forest,valid,0.6560707344613053
2017-09-09 18:00:00,1.83,2.4860707344613053,-0.6560707344613053,random_forest,valid,0.6560707344613053
2017-09-09 18:00:00,1.83,2.4860707344613053,-0.6560707344613053,random_forest,valid,0.6560707344613053
2017-09-09 18:00:00,1.83,2.5041943731544514,-0.6741943731544513,random_forest,valid,0.6741943731544513
2017-09-09 18:00:00,1.83,2.4860707344613053,-0.6560707344613053,random_forest,valid,0.6560707344613053
2017-09-09 18:00:00,1.83,2.4860707344613053,-0.6560707344613053,random_forest,valid,0.6560707344613053
2017-09-09 18:00:00,1.83,2.5786067605601297,-0.7486067605601296,random_forest,valid,0.7486067605601296
2017-09-09 18:00:00,1.83,2.5786067605601297,-0.7486067605601296,random_forest,valid,0.7486067605601296
2017-09-09 18:00:00,1.83,2.5786067605601297,-0.7486067605601296,random_forest,valid,0.7486067605601296
2017-09-09 18:00:00,1.83,2.05,-0.21999999999999975,random_forest,valid,0.21999999999999975
2017-09-09 18:00:00,1.83,2.05,-0.21999999999999975,random_forest,valid,0.21999999999999975
2017-09-09 18:00:00,1.83,2.1390000000000002,-0.30900000000000016,random_forest,valid,0.30900000000000016
2017-09-09 18:00:00,1.83,2.3649999999999998,-0.5349999999999997,random_forest,valid,0.5349999999999997
2017-09-09 18:00:00,1.83,2.5786067605601297,-0.7486067605601296,random_forest,valid,0.7486067605601296
2017-09-09 18:00:00,1.83,2.4860707344613053,-0.6560707344613053,random_forest,valid,0.6560707344613053
2017-09-09 18:00:00,1.83,2.6041718348566585,-0.7741718348566584,random_forest,valid,0.7741718348566584
2017-09-09 18:00:00,1.83,2.588232882381459,-0.758232882381459,random_forest,valid,0.758232882381459
2017-09-09 18:00:00,1.83,2.4860707344613053,-0.6560707344613053,random_forest,valid,0.6560707344613053
2017-09-09 18:00:00,1.83,2.513650483565248,-0.6836504835652479,random_forest,valid,0.6836504835652479
2017-09-09 18:00:00,1.83,2.5645481789426796,-0.7345481789426795,random_forest,valid,0.7345481789426795
2017-09-09 18:00:00,1.83,2.5645481789426796,-0.7345481789426795,random_forest,valid,0.7345481789426795
2017-09-09 18:00:00,1.83,2.591490471103757,-0.7614904711037571,random_forest,valid,0.7614904711037571
2017-09-09 18:00:00,1.83,2.591490471103757,-0.7614904711037571,random_forest,valid,0.7614904711037571
2017-09-09 18:00:00,1.83,2.622191186710873,-0.7921911867108729,random_forest,valid,0.7921911867108729
2017-09-09 18:00:00,1.83,2.591490471103757,-0.7614904711037571,random_forest,valid,0.7614904711037571
2017-09-09 18:00:00,1.83,2.591490471103757,-0.7614904711037571,random_forest,valid,0.7614904711037571
2017-09-09 18:00:00,1.83,2.534185538368331,-0.7041855383683311,random_forest,valid,0.7041855383683311
2017-09-09 18:00:00,1.83,2.0700000000000003,-0.2400000000000002,random_forest,valid,0.2400000000000002
2017-09-09 18:00:00,1.83,2.534185538368331,-0.7041855383683311,random_forest,valid,0.7041855383683311
2017-09-09 18:00:00,1.83,2.591490471103757,-0.7614904711037571,random_forest,valid,0.7614904711037571
2017-09-09 18:00:00,1.83,2.591490471103757,-0.7614904711037571,random_forest,valid,0.7614904711037571
2017-09-09 18:00:00,1.83,2.591490471103757,-0.7614904711037571,random_forest,valid,0.7614904711037571
2017-09-09 18:00:00,1.83,2.591490471103757,-0.7614904711037571,random_forest,valid,0.7614904711037571
2017-09-09 18:00:00,1.83,2.590482548070367,-0.760482548070367,random_forest,valid,0.760482548070367
2017-09-09 18:00:00,1.83,2.631114127017736,-0.801114127017736,random_forest,valid,0.801114127017736
2017-09-09 18:00:00,1.83,2.588232882381459,-0.758232882381459,random_forest,valid,0.758232882381459
2017-09-09 18:00:00,1.83,2.4860707344613053,-0.6560707344613053,random_forest,valid,0.6560707344613053
2017-09-09 18:00:00,1.83,2.4860707344613053,-0.6560707344613053,random_forest,valid,0.6560707344613053
2017-09-09 18:00:00,1.83,2.4860707344613053,-0.6560707344613053,random_forest,valid,0.6560707344613053
2017-09-09 18:00:00,1.83,2.4860707344613053,-0.6560707344613053,random_forest,valid,0.6560707344613053
2017-09-09 18:00:00,1.83,2.4906236108582798,-0.6606236108582797,random_forest,valid,0.6606236108582797
2017-09-09 18:00:00,1.83,2.4860707344613053,-0.6560707344613053,random_forest,valid,0.6560707344613053
2017-09-09 18:00:00,1.83,2.4860707344613053,-0.6560707344613053,random_forest,valid,0.6560707344613053
2017-09-09 18:00:00,1.83,2.4860707344613053,-0.6560707344613053,random_forest,valid,0.6560707344613053
2017-09-09 18:00:00,1.83,2.5041943731544514,-0.6741943731544513,random_forest,valid,0.6741943731544513
2017-09-09 18:00:00,1.83,2.4906236108582798,-0.6606236108582797,random_forest,valid,0.6606236108582797
2017-09-09 18:00:00,1.83,2.4860707344613053,-0.6560707344613053,random_forest,valid,0.6560707344613053
2017-09-09 18:00:00,1.83,2.4860707344613053,-0.6560707344613053,random_forest,valid,0.6560707344613053
2017-09-09 18:00:00,1.83,2.4860707344613053,-0.6560707344613053,random_forest,valid,0.6560707344613053
2017-09-09 18:00:00,1.83,2.4860707344613053,-0.6560707344613053,random_forest,valid,0.6560707344613053
2017-09-09 18:00:00,1.83,2.5041943731544514,-0.6741943731544513,random_forest,valid,0.6741943731544513
2017-09-09 18:00:00,1.83,2.4860707344613053,-0.6560707344613053,random_forest,valid,0.6560707344613053
2017-09-09 18:00:00,1.83,2.4860707344613053,-0.6560707344613053,random_forest,valid,0.6560707344613053
2017-09-09 18:00:00,1.83,2.4860707344613053,-0.6560707344613053,random_forest,valid,0.6560707344613053
2017-09-09 18:00:00,1.83,2.5041943731544514,-0.6741943731544513,random_forest,valid,0.6741943731544513
2017-09-09 18:00:00,1.83,2.4860707344613053,-0.6560707344613053,random_forest,valid,0.6560707344613053
2017-09-09 18:00:00,1.83,2.4860707344613053,-0.6560707344613053,random_forest,valid,0.6560707344613053
2017-09-09 18:00:00,1.83,2.4860707344613053,-0.6560707344613053,random_forest,valid,0.6560707344613053
2017-09-09 18:00:00,1.83,2.4860707344613053,-0.6560707344613053,random_forest,valid,0.6560707344613053
2017-09-09 18:00:00,1.83,2.4860707344613053,-0.6560707344613053,random_forest,valid,0.6560707344613053
2017-09-09 18:00:00,1.83,2.4860707344613053,-0.6560707344613053,random_forest,valid,0.6560707344613053
2017-09-09 18:00:00,1.83,2.4860707344613053,-0.6560707344613053,random_forest,valid,0.6560707344613053
2017-09-09 18:00:00,1.83,2.4860707344613053,-0.6560707344613053,random_forest,valid,0.6560707344613053
2017-09-09 18:00:00,1.83,2.4860707344613053,-0.6560707344613053,random_forest,valid,0.6560707344613053
2017-09-09 18:00:00,1.83,2.5612905902203815,-0.7312905902203815,random_forest,valid,0.7312905902203815
2017-09-09 18:00:00,1.83,2.4860707344613053,-0.6560707344613053,random_forest,valid,0.6560707344613053
2017-09-09 18:00:00,1.83,2.4860707344613053,-0.6560707344613053,random_forest,valid,0.6560707344613053
2017-09-09 18:00:00,1.83,2.4860707344613053,-0.6560707344613053,random_forest,valid,0.6560707344613053
2017-09-09 18:00:00,1.83,2.4860707344613053,-0.6560707344613053,random_forest,valid,0.6560707344613053
2017-09-09 18:00:00,1.83,2.4860707344613053,-0.6560707344613053,random_forest,valid,0.6560707344613053
2017-09-09 18:00:00,1.83,2.4860707344613053,-0.6560707344613053,random_forest,valid,0.6560707344613053
2017-09-09 18:00:00,1.83,2.4860707344613053,-0.6560707344613053,random_forest,valid,0.6560707344613053
2017-09-09 18:00:00,1.83,2.4860707344613053,-0.6560707344613053,random_forest,valid,0.6560707344613053
2017-09-09 18:00:00,1.83,2.4860707344613053,-0.6560707344613053,random_forest,valid,0.6560707344613053
2017-09-09 18:00:00,1.83,2.4860707344613053,-0.6560707344613053,random_forest,valid,0.6560707344613053
2017-09-09 18:00:00,1.83,2.4906236108582798,-0.6606236108582797,random_forest,valid,0.6606236108582797
2017-09-09 18:00:00,1.83,2.4860707344613053,-0.6560707344613053,random_forest,valid,0.6560707344613053
2017-09-09 18:00:00,1.83,2.4860707344613053,-0.6560707344613053,random_forest,valid,0.6560707344613053
2017-09-09 18:00:00,1.83,2.4860707344613053,-0.6560707344613053,random_forest,valid,0.6560707344613053
2017-09-09 18:00:00,1.83,2.4860707344613053,-0.6560707344613053,random_forest,valid,0.6560707344613053
2017-09-09 18:00:00,1.83,2.4860707344613053,-0.6560707344613053,random_forest,valid,0.6560707344613053
2017-09-09 18:00:00,1.83,2.4906236108582798,-0.6606236108582797,random_forest,valid,0.6606236108582797
2017-09-09 18:00:00,1.83,2.5740538841631553,-0.7440538841631552,random_forest,valid,0.7440538841631552
2017-09-09 18:00:00,1.83,2.4906236108582798,-0.6606236108582797,random_forest,valid,0.6606236108582797
2017-09-09 18:00:00,1.83,2.4906236108582798,-0.6606236108582797,random_forest,valid,0.6606236108582797
2017-09-09 18:00:00,1.83,2.4860707344613053,-0.6560707344613053,random_forest,valid,0.6560707344613053
2017-09-09 18:00:00,1.83,2.4860707344613053,-0.6560707344613053,random_forest,valid,0.6560707344613053
2017-09-09 18:00:00,1.83,2.4860707344613053,-0.6560707344613053,random_forest,valid,0.6560707344613053
2017-09-09 18:00:00,1.83,2.4860707344613053,-0.6560707344613053,random_forest,valid,0.6560707344613053
2017-09-09 18:00:00,1.83,2.4860707344613053,-0.6560707344613053,random_forest,valid,0.6560707344613053
2017-09-09 18:00:00,1.83,2.4860707344613053,-0.6560707344613053,random_forest,valid,0.6560707344613053
2017-09-09 18:00:00,1.83,2.4860707344613053,-0.6560707344613053,random_forest,valid,0.6560707344613053
2017-09-09 18:00:00,1.83,2.4860707344613053,-0.6560707344613053,random_forest,valid,0.6560707344613053
2017-09-09 18:00:00,1.83,2.4860707344613053,-0.6560707344613053,random_forest,valid,0.6560707344613053
2017-09-09 18:00:00,1.83,2.4860707344613053,-0.6560707344613053,random_forest,valid,0.6560707344613053
2017-09-09 18:00:00,1.83,2.4860707344613053,-0.6560707344613053,random_forest,valid,0.6560707344613053
2017-09-09 18:00:00,1.83,2.4860707344613053,-0.6560707344613053,random_forest,valid,0.6560707344613053
2017-09-09 18:00:00,1.83,2.4860707344613053,-0.6560707344613053,random_forest,valid,0.6560707344613053
2017-09-09 18:00:00,1.83,2.4860707344613053,-0.6560707344613053,random_forest,valid,0.6560707344613053
2017-09-09 18:00:00,1.83,2.4860707344613053,-0.6560707344613053,random_forest,valid,0.6560707344613053
2017-09-09 18:00:00,1.83,2.4860707344613053,-0.6560707344613053,random_forest,valid,0.6560707344613053
2017-09-09 18:00:00,1.83,2.4860707344613053,-0.6560707344613053,random_forest,valid,0.6560707344613053
2017-09-09 18:00:00,1.83,2.4860707344613053,-0.6560707344613053,random_forest,valid,0.6560707344613053
2017-09-09 18:00:00,1.83,2.4860707344613053,-0.6560707344613053,random_forest,valid,0.6560707344613053
2017-09-09 18:00:00,1.83,2.4860707344613053,-0.6560707344613053,random_forest,valid,0.6560707344613053
2017-09-09 18:00:00,1.83,2.4860707344613053,-0.6560707344613053,random_forest,valid,0.6560707344613053
2017-09-09 18:00:00,1.83,2.4860707344613053,-0.6560707344613053,random_forest,valid,0.6560707344613053
2017-09-09 18:00:00,1.83,2.4860707344613053,-0.6560707344613053,random_forest,valid,0.6560707344613053
2017-09-09 18:00:00,1.83,2.4860707344613053,-0.6560707344613053,random_forest,valid,0.6560707344613053
2017-09-09 18:00:00,1.83,2.4860707344613053,-0.6560707344613053,random_forest,valid,0.6560707344613053
2017-09-09 18:00:00,1.83,2.4860707344613053,-0.6560707344613053,random_forest,valid,0.6560707344613053
2017-09-09 18:00:00,1.83,2.4860707344613053,-0.6560707344613053,random_forest,valid,0.6560707344613053
2017-09-09 18:00:00,1.83,2.4860707344613053,-0.6560707344613053,random_forest,valid,0.6560707344613053
2017-09-09 18:00:00,1.83,2.4906236108582798,-0.6606236108582797,random_forest,valid,0.6606236108582797
2017-09-09 18:00:00,1.83,2.4860707344613053,-0.6560707344613053,random_forest,valid,0.6560707344613053
2017-09-09 18:00:00,1.83,2.4860707344613053,-0.6560707344613053,random_forest,valid,0.6560707344613053
2017-09-09 18:00:00,1.83,2.4860707344613053,-0.6560707344613053,random_forest,valid,0.6560707344613053
2017-09-09 18:00:00,1.83,2.4860707344613053,-0.6560707344613053,random_forest,valid,0.6560707344613053
2017-09-09 18:00:00,1.83,2.4860707344613053,-0.6560707344613053,random_forest,valid,0.6560707344613053
2017-09-09 18:00:00,1.83,2.4860707344613053,-0.6560707344613053,random_forest,valid,0.6560707344613053
2017-09-09 18:00:00,1.83,2.4860707344613053,-0.6560707344613053,random_forest,valid,0.6560707344613053
2017-09-09 18:00:00,1.83,2.5041943731544514,-0.6741943731544513,random_forest,valid,0.6741943731544513
2017-09-09 18:00:00,1.83,2.5041943731544514,-0.6741943731544513,random_forest,valid,0.6741943731544513
2017-09-09 18:00:00,1.83,2.4860707344613053,-0.6560707344613053,random_forest,valid,0.6560707344613053
2017-09-09 18:00:00,1.83,2.4860707344613053,-0.6560707344613053,random_forest,valid,0.6560707344613053
2017-09-09 18:00:00,1.83,2.5041943731544514,-0.6741943731544513,random_forest,valid,0.6741943731544513
2017-09-09 18:00:00,1.83,2.4860707344613053,-0.6560707344613053,random_forest,valid,0.6560707344613053
2017-09-09 18:00:00,1.83,2.4860707344613053,-0.6560707344613053,random_forest,valid,0.6560707344613053
2017-09-09 18:00:00,1.83,2.4860707344613053,-0.6560707344613053,random_forest,valid,0.6560707344613053
2017-09-09 18:00:00,1.83,2.4299689412123606,-0.5999689412123606,random_forest,valid,0.5999689412123606
2017-09-09 18:00:00,1.83,2.5786067605601297,-0.7486067605601296,random_forest,valid,0.7486067605601296
2017-09-09 18:00:00,1.83,2.5786067605601297,-0.7486067605601296,random_forest,valid,0.7486067605601296
2017-09-09 18:00:00,1.83,2.4860707344613053,-0.6560707344613053,random_forest,valid,0.6560707344613053
2017-09-09 18:00:00,1.83,2.4860707344613053,-0.6560707344613053,random_forest,valid,0.6560707344613053
2017-09-09 18:00:00,1.83,2.4860707344613053,-0.6560707344613053,random_forest,valid,0.6560707344613053
2017-09-09 18:00:00,1.83,2.4860707344613053,-0.6560707344613053,random_forest,valid,0.6560707344613053
2017-09-09 18:00:00,1.83,2.4860707344613053,-0.6560707344613053,random_forest,valid,0.6560707344613053
2017-09-09 18:00:00,1.83,2.4860707344613053,-0.6560707344613053,random_forest,valid,0.6560707344613053
2017-09-09 18:00:00,1.83,2.4860707344613053,-0.6560707344613053,random_forest,valid,0.6560707344613053
2017-09-09 18:00:00,1.83,2.4860707344613053,-0.6560707344613053,random_forest,valid,0.6560707344613053
2017-09-09 18:00:00,1.83,2.4860707344613053,-0.6560707344613053,random_forest,valid,0.6560707344613053
2017-09-09 18:00:00,1.83,2.4906236108582798,-0.6606236108582797,random_forest,valid,0.6606236108582797
2017-09-09 18:00:00,1.83,2.4860707344613053,-0.6560707344613053,random_forest,valid,0.6560707344613053
2017-09-09 18:00:00,1.83,2.4906236108582798,-0.6606236108582797,random_forest,valid,0.6606236108582797
2017-09-09 18:00:00,1.83,2.5786067605601297,-0.7486067605601296,random_forest,valid,0.7486067605601296
2017-09-09 18:00:00,1.83,2.282,-0.45199999999999996,random_forest,valid,0.45199999999999996
2017-09-09 18:00:00,1.83,2.4906236108582798,-0.6606236108582797,random_forest,valid,0.6606236108582797
2017-09-09 18:00:00,1.83,2.4860707344613053,-0.6560707344613053,random_forest,valid,0.6560707344613053
2017-09-09 18:00:00,1.83,2.4860707344613053,-0.6560707344613053,random_forest,valid,0.6560707344613053
2017-09-09 18:00:00,1.83,2.4860707344613053,-0.6560707344613053,random_forest,valid,0.6560707344613053
2017-09-09 18:00:00,1.83,2.4860707344613053,-0.6560707344613053,random_forest,valid,0.6560707344613053
2017-09-09 19:00:00,1.65,2.62549695222755,-0.9754969522275503,random_forest,valid,0.9754969522275503
2017-09-09 19:00:00,1.65,2.6865799728654487,-1.0365799728654488,random_forest,valid,1.0365799728654488
2017-09-09 19:00:00,1.65,2.6865799728654487,-1.0365799728654488,random_forest,valid,1.0365799728654488
2017-09-09 19:00:00,1.65,2.631114127017736,-0.9811141270177361,random_forest,valid,0.9811141270177361
2017-09-09 19:00:00,1.65,2.591490471103757,-0.9414904711037573,random_forest,valid,0.9414904711037573
2017-09-09 19:00:00,1.65,2.591490471103757,-0.9414904711037573,random_forest,valid,0.9414904711037573
2017-09-09 19:00:00,1.65,2.591490471103757,-0.9414904711037573,random_forest,valid,0.9414904711037573
2017-09-09 19:00:00,1.65,2.591490471103757,-0.9414904711037573,random_forest,valid,0.9414904711037573
2017-09-09 19:00:00,1.65,2.631114127017736,-0.9811141270177361,random_forest,valid,0.9811141270177361
2017-09-09 19:00:00,1.65,2.631114127017736,-0.9811141270177361,random_forest,valid,0.9811141270177361
2017-09-09 19:00:00,1.65,2.631114127017736,-0.9811141270177361,random_forest,valid,0.9811141270177361
2017-09-09 19:00:00,1.65,2.631114127017736,-0.9811141270177361,random_forest,valid,0.9811141270177361
2017-09-09 19:00:00,1.65,2.591490471103757,-0.9414904711037573,random_forest,valid,0.9414904711037573
2017-09-09 19:00:00,1.65,2.591490471103757,-0.9414904711037573,random_forest,valid,0.9414904711037573
2017-09-09 19:00:00,1.65,2.591490471103757,-0.9414904711037573,random_forest,valid,0.9414904711037573
2017-09-09 19:00:00,1.65,2.6865799728654487,-1.0365799728654488,random_forest,valid,1.0365799728654488
2017-09-09 19:00:00,1.65,2.64695631695147,-0.9969563169514699,random_forest,valid,0.9969563169514699
2017-09-09 19:00:00,1.65,2.591490471103757,-0.9414904711037573,random_forest,valid,0.9414904711037573
2017-09-09 19:00:00,1.65,2.631114127017736,-0.9811141270177361,random_forest,valid,0.9811141270177361
2017-09-09 19:00:00,1.65,2.631114127017736,-0.9811141270177361,random_forest,valid,0.9811141270177361
2017-09-09 19:00:00,1.65,2.631114127017736,-0.9811141270177361,random_forest,valid,0.9811141270177361
2017-09-09 19:00:00,1.65,2.631114127017736,-0.9811141270177361,random_forest,valid,0.9811141270177361
2017-09-09 19:00:00,1.65,2.631114127017736,-0.9811141270177361,random_forest,valid,0.9811141270177361
2017-09-09 19:00:00,1.65,2.631114127017736,-0.9811141270177361,random_forest,valid,0.9811141270177361
2017-09-09 19:00:00,1.65,2.6865799728654487,-1.0365799728654488,random_forest,valid,1.0365799728654488
2017-09-09 19:00:00,1.65,2.591490471103757,-0.9414904711037573,random_forest,valid,0.9414904711037573
2017-09-09 19:00:00,1.65,2.64695631695147,-0.9969563169514699,random_forest,valid,0.9969563169514699
2017-09-09 19:00:00,1.65,2.64695631695147,-0.9969563169514699,random_forest,valid,0.9969563169514699
2017-09-09 19:00:00,1.65,2.6865799728654487,-1.0365799728654488,random_forest,valid,1.0365799728654488
2017-09-09 19:00:00,1.65,2.6865799728654487,-1.0365799728654488,random_forest,valid,1.0365799728654488
2017-09-09 19:00:00,1.65,2.64695631695147,-0.9969563169514699,random_forest,valid,0.9969563169514699
2017-09-09 19:00:00,1.65,2.6865799728654487,-1.0365799728654488,random_forest,valid,1.0365799728654488
2017-09-09 19:00:00,1.65,2.6524392443886278,-1.0024392443886279,random_forest,valid,1.0024392443886279
2017-09-09 19:00:00,1.65,2.631114127017736,-0.9811141270177361,random_forest,valid,0.9811141270177361
2017-09-09 19:00:00,1.65,2.591490471103757,-0.9414904711037573,random_forest,valid,0.9414904711037573
2017-09-09 19:00:00,1.65,2.591490471103757,-0.9414904711037573,random_forest,valid,0.9414904711037573
2017-09-09 19:00:00,1.65,2.591490471103757,-0.9414904711037573,random_forest,valid,0.9414904711037573
2017-09-09 19:00:00,1.65,2.631114127017736,-0.9811141270177361,random_forest,valid,0.9811141270177361
2017-09-09 19:00:00,1.65,2.631114127017736,-0.9811141270177361,random_forest,valid,0.9811141270177361
2017-09-09 19:00:00,1.65,2.631114127017736,-0.9811141270177361,random_forest,valid,0.9811141270177361
2017-09-09 19:00:00,1.65,2.591490471103757,-0.9414904711037573,random_forest,valid,0.9414904711037573
2017-09-09 19:00:00,1.65,2.64695631695147,-0.9969563169514699,random_forest,valid,0.9969563169514699
2017-09-09 19:00:00,1.65,2.6865799728654487,-1.0365799728654488,random_forest,valid,1.0365799728654488
2017-09-09 19:00:00,1.65,2.6865799728654487,-1.0365799728654488,random_forest,valid,1.0365799728654488
2017-09-09 19:00:00,1.65,2.6865799728654487,-1.0365799728654488,random_forest,valid,1.0365799728654488
2017-09-09 19:00:00,1.65,2.631114127017736,-0.9811141270177361,random_forest,valid,0.9811141270177361
2017-09-09 19:00:00,1.65,2.591490471103757,-0.9414904711037573,random_forest,valid,0.9414904711037573
2017-09-09 19:00:00,1.65,2.591490471103757,-0.9414904711037573,random_forest,valid,0.9414904711037573
2017-09-09 19:00:00,1.65,2.591490471103757,-0.9414904711037573,random_forest,valid,0.9414904711037573
2017-09-09 19:00:00,1.65,2.534185538368331,-0.8841855383683312,random_forest,valid,0.8841855383683312
2017-09-09 19:00:00,1.65,2.534185538368331,-0.8841855383683312,random_forest,valid,0.8841855383683312
2017-09-09 19:00:00,1.65,2.591490471103757,-0.9414904711037573,random_forest,valid,0.9414904711037573
2017-09-09 19:00:00,1.65,2.591490471103757,-0.9414904711037573,random_forest,valid,0.9414904711037573
2017-09-09 19:00:00,1.65,2.591490471103757,-0.9414904711037573,random_forest,valid,0.9414904711037573
2017-09-09 19:00:00,1.65,2.631114127017736,-0.9811141270177361,random_forest,valid,0.9811141270177361
2017-09-09 19:00:00,1.65,2.631114127017736,-0.9811141270177361,random_forest,valid,0.9811141270177361
2017-09-09 19:00:00,1.65,2.591490471103757,-0.9414904711037573,random_forest,valid,0.9414904711037573
2017-09-09 19:00:00,1.65,2.64695631695147,-0.9969563169514699,random_forest,valid,0.9969563169514699
2017-09-09 19:00:00,1.65,2.64695631695147,-0.9969563169514699,random_forest,valid,0.9969563169514699
2017-09-09 19:00:00,1.65,2.6865799728654487,-1.0365799728654488,random_forest,valid,1.0365799728654488
2017-09-09 19:00:00,1.65,2.6865799728654487,-1.0365799728654488,random_forest,valid,1.0365799728654488
2017-09-09 19:00:00,1.65,2.64695631695147,-0.9969563169514699,random_forest,valid,0.9969563169514699
2017-09-09 19:00:00,1.65,2.6865799728654487,-1.0365799728654488,random_forest,valid,1.0365799728654488
2017-09-09 19:00:00,1.65,2.6865799728654487,-1.0365799728654488,random_forest,valid,1.0365799728654488
2017-09-09 19:00:00,1.65,2.591490471103757,-0.9414904711037573,random_forest,valid,0.9414904711037573
2017-09-09 19:00:00,1.65,2.5738091942823105,-0.9238091942823106,random_forest,valid,0.9238091942823106
2017-09-09 19:00:00,1.65,2.5738091942823105,-0.9238091942823106,random_forest,valid,0.9238091942823106
2017-09-09 19:00:00,1.65,2.5738091942823105,-0.9238091942823106,random_forest,valid,0.9238091942823106
2017-09-09 19:00:00,1.65,2.631114127017736,-0.9811141270177361,random_forest,valid,0.9811141270177361
2017-09-09 19:00:00,1.65,2.631114127017736,-0.9811141270177361,random_forest,valid,0.9811141270177361
2017-09-09 19:00:00,1.65,2.64695631695147,-0.9969563169514699,random_forest,valid,0.9969563169514699
2017-09-09 19:00:00,1.65,2.631114127017736,-0.9811141270177361,random_forest,valid,0.9811141270177361
2017-09-09 19:00:00,1.65,2.631114127017736,-0.9811141270177361,random_forest,valid,0.9811141270177361
2017-09-09 19:00:00,1.65,2.591490471103757,-0.9414904711037573,random_forest,valid,0.9414904711037573
2017-09-09 19:00:00,1.65,2.591490471103757,-0.9414904711037573,random_forest,valid,0.9414904711037573
2017-09-09 19:00:00,1.65,2.64695631695147,-0.9969563169514699,random_forest,valid,0.9969563169514699
2017-09-09 19:00:00,1.65,2.6865799728654487,-1.0365799728654488,random_forest,valid,1.0365799728654488
2017-09-09 19:00:00,1.65,2.64695631695147,-0.9969563169514699,random_forest,valid,0.9969563169514699
2017-09-09 19:00:00,1.65,2.591490471103757,-0.9414904711037573,random_forest,valid,0.9414904711037573
2017-09-09 19:00:00,1.65,2.591490471103757,-0.9414904711037573,random_forest,valid,0.9414904711037573
2017-09-09 19:00:00,1.65,2.056,-0.40600000000000014,random_forest,valid,0.40600000000000014
2017-09-09 19:00:00,1.65,2.056,-0.40600000000000014,random_forest,valid,0.40600000000000014
2017-09-09 19:00:00,1.65,2.534185538368331,-0.8841855383683312,random_forest,valid,0.8841855383683312
2017-09-09 19:00:00,1.65,2.534185538368331,-0.8841855383683312,random_forest,valid,0.8841855383683312
2017-09-09 19:00:00,1.65,2.534185538368331,-0.8841855383683312,random_forest,valid,0.8841855383683312
2017-09-09 19:00:00,1.65,1.875,-0.2250000000000001,random_forest,valid,0.2250000000000001
2017-09-09 19:00:00,1.65,1.9940000000000002,-0.3440000000000003,random_forest,valid,0.3440000000000003
2017-09-09 19:00:00,1.65,2.092,-0.44200000000000017,random_forest,valid,0.44200000000000017
2017-09-09 19:00:00,1.65,2.282,-0.6320000000000001,random_forest,valid,0.6320000000000001
2017-09-09 19:00:00,1.65,1.8690000000000002,-0.2190000000000003,random_forest,valid,0.2190000000000003
2017-09-09 19:00:00,1.65,2.5555106557392238,-0.9055106557392238,random_forest,valid,0.9055106557392238
2017-09-09 19:00:00,1.65,2.591490471103757,-0.9414904711037573,random_forest,valid,0.9414904711037573
2017-09-09 19:00:00,1.65,2.591490471103757,-0.9414904711037573,random_forest,valid,0.9414904711037573
2017-09-09 19:00:00,1.65,2.591490471103757,-0.9414904711037573,random_forest,valid,0.9414904711037573
2017-09-09 19:00:00,1.65,2.631114127017736,-0.9811141270177361,random_forest,valid,0.9811141270177361
2017-09-09 19:00:00,1.65,2.631114127017736,-0.9811141270177361,random_forest,valid,0.9811141270177361
2017-09-09 19:00:00,1.65,2.591490471103757,-0.9414904711037573,random_forest,valid,0.9414904711037573
2017-09-09 19:00:00,1.65,2.631114127017736,-0.9811141270177361,random_forest,valid,0.9811141270177361
2017-09-09 19:00:00,1.65,2.631114127017736,-0.9811141270177361,random_forest,valid,0.9811141270177361
2017-09-09 19:00:00,1.65,2.591490471103757,-0.9414904711037573,random_forest,valid,0.9414904711037573
2017-09-09 19:00:00,1.65,2.591490471103757,-0.9414904711037573,random_forest,valid,0.9414904711037573
2017-09-09 19:00:00,1.65,2.640314825404019,-0.990314825404019,random_forest,valid,0.990314825404019
2017-09-09 19:00:00,1.65,2.5648862539754473,-0.9148862539754474,random_forest,valid,0.9148862539754474
2017-09-09 19:00:00,1.65,2.5648862539754473,-0.9148862539754474,random_forest,valid,0.9148862539754474
2017-09-09 19:00:00,1.65,2.5648862539754473,-0.9148862539754474,random_forest,valid,0.9148862539754474
2017-09-09 19:00:00,1.65,2.5331776153349415,-0.8831776153349415,random_forest,valid,0.8831776153349415
2017-09-09 19:00:00,1.65,2.590482548070367,-0.9404825480703671,random_forest,valid,0.9404825480703671
2017-09-09 19:00:00,1.65,2.631114127017736,-0.9811141270177361,random_forest,valid,0.9811141270177361
2017-09-09 19:00:00,1.65,2.591490471103757,-0.9414904711037573,random_forest,valid,0.9414904711037573
2017-09-09 19:00:00,1.65,2.591490471103757,-0.9414904711037573,random_forest,valid,0.9414904711037573
2017-09-09 19:00:00,1.65,2.631114127017736,-0.9811141270177361,random_forest,valid,0.9811141270177361
2017-09-09 19:00:00,1.65,2.631114127017736,-0.9811141270177361,random_forest,valid,0.9811141270177361
2017-09-09 19:00:00,1.65,2.631114127017736,-0.9811141270177361,random_forest,valid,0.9811141270177361
2017-09-09 19:00:00,1.65,2.631114127017736,-0.9811141270177361,random_forest,valid,0.9811141270177361
2017-09-09 19:00:00,1.65,2.631114127017736,-0.9811141270177361,random_forest,valid,0.9811141270177361
2017-09-09 19:00:00,1.65,2.631114127017736,-0.9811141270177361,random_forest,valid,0.9811141270177361
2017-09-09 19:00:00,1.65,2.591490471103757,-0.9414904711037573,random_forest,valid,0.9414904711037573
2017-09-09 19:00:00,1.65,2.631114127017736,-0.9811141270177361,random_forest,valid,0.9811141270177361
2017-09-09 19:00:00,1.65,2.631114127017736,-0.9811141270177361,random_forest,valid,0.9811141270177361
2017-09-09 19:00:00,1.65,2.591490471103757,-0.9414904711037573,random_forest,valid,0.9414904711037573
2017-09-09 19:00:00,1.65,2.631114127017736,-0.9811141270177361,random_forest,valid,0.9811141270177361
2017-09-09 19:00:00,1.65,2.631114127017736,-0.9811141270177361,random_forest,valid,0.9811141270177361
2017-09-09 19:00:00,1.65,2.631114127017736,-0.9811141270177361,random_forest,valid,0.9811141270177361
2017-09-09 19:00:00,1.65,2.622191186710873,-0.972191186710873,random_forest,valid,0.972191186710873
2017-09-09 19:00:00,1.65,2.590482548070367,-0.9404825480703671,random_forest,valid,0.9404825480703671
2017-09-09 19:00:00,1.65,2.590482548070367,-0.9404825480703671,random_forest,valid,0.9404825480703671
2017-09-09 19:00:00,1.65,2.590482548070367,-0.9404825480703671,random_forest,valid,0.9404825480703671
2017-09-09 19:00:00,1.65,2.591490471103757,-0.9414904711037573,random_forest,valid,0.9414904711037573
2017-09-09 19:00:00,1.65,2.631114127017736,-0.9811141270177361,random_forest,valid,0.9811141270177361
2017-09-09 19:00:00,1.65,2.631114127017736,-0.9811141270177361,random_forest,valid,0.9811141270177361
2017-09-09 19:00:00,1.65,2.590482548070367,-0.9404825480703671,random_forest,valid,0.9404825480703671
2017-09-09 19:00:00,1.65,2.591490471103757,-0.9414904711037573,random_forest,valid,0.9414904711037573
2017-09-09 19:00:00,1.65,2.591490471103757,-0.9414904711037573,random_forest,valid,0.9414904711037573
2017-09-09 19:00:00,1.65,2.591490471103757,-0.9414904711037573,random_forest,valid,0.9414904711037573
2017-09-09 19:00:00,1.65,2.631114127017736,-0.9811141270177361,random_forest,valid,0.9811141270177361
2017-09-09 19:00:00,1.65,2.631114127017736,-0.9811141270177361,random_forest,valid,0.9811141270177361
2017-09-09 19:00:00,1.65,2.631114127017736,-0.9811141270177361,random_forest,valid,0.9811141270177361
2017-09-09 19:00:00,1.65,2.591490471103757,-0.9414904711037573,random_forest,valid,0.9414904711037573
2017-09-09 19:00:00,1.65,2.591490471103757,-0.9414904711037573,random_forest,valid,0.9414904711037573
2017-09-09 19:00:00,1.65,1.875,-0.2250000000000001,random_forest,valid,0.2250000000000001
2017-09-09 19:00:00,1.65,2.0650000000000004,-0.4150000000000005,random_forest,valid,0.4150000000000005
2017-09-09 19:00:00,1.65,2.534185538368331,-0.8841855383683312,random_forest,valid,0.8841855383683312
2017-09-09 19:00:00,1.65,2.6524392443886278,-1.0024392443886279,random_forest,valid,1.0024392443886279
2017-09-09 19:00:00,1.65,2.6524392443886278,-1.0024392443886279,random_forest,valid,1.0024392443886279
2017-09-09 19:00:00,1.65,2.64695631695147,-0.9969563169514699,random_forest,valid,0.9969563169514699
2017-09-09 19:00:00,1.65,2.591490471103757,-0.9414904711037573,random_forest,valid,0.9414904711037573
2017-09-09 19:00:00,1.65,2.591490471103757,-0.9414904711037573,random_forest,valid,0.9414904711037573
2017-09-09 19:00:00,1.65,2.591490471103757,-0.9414904711037573,random_forest,valid,0.9414904711037573
2017-09-09 19:00:00,1.65,2.591490471103757,-0.9414904711037573,random_forest,valid,0.9414904711037573
2017-09-09 19:00:00,1.65,2.591490471103757,-0.9414904711037573,random_forest,valid,0.9414904711037573
2017-09-09 19:00:00,1.65,2.591490471103757,-0.9414904711037573,random_forest,test,0.9414904711037573
2017-09-09 19:00:00,1.65,2.534185538368331,-0.8841855383683312,random_forest,test,0.8841855383683312
2017-09-09 19:00:00,1.65,2.534185538368331,-0.8841855383683312,random_forest,test,0.8841855383683312
2017-09-09 19:00:00,1.65,2.591490471103757,-0.9414904711037573,random_forest,test,0.9414904711037573
2017-09-09 19:00:00,1.65,2.591490471103757,-0.9414904711037573,random_forest,test,0.9414904711037573
2017-09-09 19:00:00,1.65,2.591490471103757,-0.9414904711037573,random_forest,test,0.9414904711037573
2017-09-09 19:00:00,1.65,2.591490471103757,-0.9414904711037573,random_forest,test,0.9414904711037573
2017-09-09 19:00:00,1.65,2.591490471103757,-0.9414904711037573,random_forest,test,0.9414904711037573
2017-09-09 19:00:00,1.65,2.591490471103757,-0.9414904711037573,random_forest,test,0.9414904711037573
2017-09-09 19:00:00,1.65,2.591490471103757,-0.9414904711037573,random_forest,test,0.9414904711037573
2017-09-09 19:00:00,1.65,2.591490471103757,-0.9414904711037573,random_forest,test,0.9414904711037573
2017-09-09 19:00:00,1.65,2.591490471103757,-0.9414904711037573,random_forest,test,0.9414904711037573
2017-09-09 19:00:00,1.65,2.591490471103757,-0.9414904711037573,random_forest,test,0.9414904711037573
2017-09-09 19:00:00,1.65,2.591490471103757,-0.9414904711037573,random_forest,test,0.9414904711037573
2017-09-09 19:00:00,1.65,2.591490471103757,-0.9414904711037573,random_forest,test,0.9414904711037573
2017-09-09 19:00:00,1.65,2.591490471103757,-0.9414904711037573,random_forest,test,0.9414904711037573
2017-09-09 19:00:00,1.65,2.591490471103757,-0.9414904711037573,random_forest,test,0.9414904711037573
2017-09-09 19:00:00,1.65,2.631114127017736,-0.9811141270177361,random_forest,test,0.9811141270177361
2017-09-09 19:00:00,1.65,2.631114127017736,-0.9811141270177361,random_forest,test,0.9811141270177361
2017-09-09 19:00:00,1.65,2.631114127017736,-0.9811141270177361,random_forest,test,0.9811141270177361
2017-09-09 19:00:00,1.65,2.631114127017736,-0.9811141270177361,random_forest,test,0.9811141270177361
2017-09-09 19:00:00,1.65,2.631114127017736,-0.9811141270177361,random_forest,test,0.9811141270177361
2017-09-09 19:00:00,1.65,2.631114127017736,-0.9811141270177361,random_forest,test,0.9811141270177361
2017-09-09 19:00:00,1.65,2.6865799728654487,-1.0365799728654488,random_forest,test,1.0365799728654488
2017-09-09 19:00:00,1.65,2.6865799728654487,-1.0365799728654488,random_forest,test,1.0365799728654488
2017-09-09 19:00:00,1.65,2.631114127017736,-0.9811141270177361,random_forest,test,0.9811141270177361
2017-09-09 19:00:00,1.65,2.631114127017736,-0.9811141270177361,random_forest,test,0.9811141270177361
2017-09-09 19:00:00,1.65,2.631114127017736,-0.9811141270177361,random_forest,test,0.9811141270177361
2017-09-09 19:00:00,1.65,2.591490471103757,-0.9414904711037573,random_forest,test,0.9414904711037573
2017-09-09 19:00:00,1.65,2.591490471103757,-0.9414904711037573,random_forest,test,0.9414904711037573
2017-09-09 20:00:00,1.71,2.513013026622383,-0.8030130266223829,random_forest,test,0.8030130266223829
2017-09-09 20:00:00,1.71,2.4860707344613053,-0.7760707344613054,random_forest,test,0.7760707344613054
2017-09-09 20:00:00,1.71,2.4860707344613053,-0.7760707344613054,random_forest,test,0.7760707344613054
2017-09-09 20:00:00,1.71,2.4860707344613053,-0.7760707344613054,random_forest,test,0.7760707344613054
2017-09-09 20:00:00,1.71,2.4860707344613053,-0.7760707344613054,random_forest,test,0.7760707344613054
2017-09-09 20:00:00,1.71,2.4860707344613053,-0.7760707344613054,random_forest,test,0.7760707344613054
2017-09-09 20:00:00,1.71,2.4860707344613053,-0.7760707344613054,random_forest,test,0.7760707344613054
2017-09-09 20:00:00,1.71,2.4860707344613053,-0.7760707344613054,random_forest,test,0.7760707344613054
2017-09-09 20:00:00,1.71,2.4860707344613053,-0.7760707344613054,random_forest,test,0.7760707344613054
2017-09-09 20:00:00,1.71,2.4860707344613053,-0.7760707344613054,random_forest,test,0.7760707344613054
2017-09-09 20:00:00,1.71,2.4860707344613053,-0.7760707344613054,random_forest,test,0.7760707344613054
2017-09-09 20:00:00,1.71,2.3458752237615057,-0.6358752237615057,random_forest,test,0.6358752237615057
2017-09-09 20:00:00,1.71,2.4860707344613053,-0.7760707344613054,random_forest,test,0.7760707344613054
2017-09-09 20:00:00,1.71,2.4860707344613053,-0.7760707344613054,random_forest,test,0.7760707344613054
2017-09-09 20:00:00,1.71,2.4860707344613053,-0.7760707344613054,random_forest,test,0.7760707344613054
2017-09-09 20:00:00,1.71,2.4860707344613053,-0.7760707344613054,random_forest,test,0.7760707344613054
2017-09-09 20:00:00,1.71,2.4860707344613053,-0.7760707344613054,random_forest,test,0.7760707344613054
2017-09-09 20:00:00,1.71,2.4860707344613053,-0.7760707344613054,random_forest,test,0.7760707344613054
2017-09-09 20:00:00,1.71,2.4860707344613053,-0.7760707344613054,random_forest,test,0.7760707344613054
2017-09-09 20:00:00,1.71,2.4860707344613053,-0.7760707344613054,random_forest,test,0.7760707344613054
2017-09-09 20:00:00,1.71,2.4860707344613053,-0.7760707344613054,random_forest,test,0.7760707344613054
2017-09-09 20:00:00,1.71,2.4860707344613053,-0.7760707344613054,random_forest,test,0.7760707344613054
2017-09-09 20:00:00,1.71,2.4860707344613053,-0.7760707344613054,random_forest,test,0.7760707344613054
2017-09-09 20:00:00,1.71,2.4860707344613053,-0.7760707344613054,random_forest,test,0.7760707344613054
2017-09-09 20:00:00,1.71,2.4860707344613053,-0.7760707344613054,random_forest,test,0.7760707344613054
2017-09-09 20:00:00,1.71,2.4860707344613053,-0.7760707344613054,random_forest,test,0.7760707344613054
2017-09-09 20:00:00,1.71,2.4860707344613053,-0.7760707344613054,random_forest,test,0.7760707344613054
2017-09-09 20:00:00,1.71,2.4860707344613053,-0.7760707344613054,random_forest,test,0.7760707344613054
2017-09-09 20:00:00,1.71,2.4860707344613053,-0.7760707344613054,random_forest,test,0.7760707344613054
2017-09-09 20:00:00,1.71,2.4860707344613053,-0.7760707344613054,random_forest,test,0.7760707344613054
2017-09-09 20:00:00,1.71,2.4860707344613053,-0.7760707344613054,random_forest,test,0.7760707344613054
2017-09-09 20:00:00,1.71,2.4860707344613053,-0.7760707344613054,random_forest,test,0.7760707344613054
2017-09-09 20:00:00,1.71,2.4860707344613053,-0.7760707344613054,random_forest,test,0.7760707344613054
2017-09-09 20:00:00,1.71,2.4860707344613053,-0.7760707344613054,random_forest,test,0.7760707344613054
2017-09-09 20:00:00,1.71,2.4860707344613053,-0.7760707344613054,random_forest,test,0.7760707344613054
2017-09-09 20:00:00,1.71,2.3458752237615057,-0.6358752237615057,random_forest,test,0.6358752237615057
2017-09-09 20:00:00,1.71,2.3458752237615057,-0.6358752237615057,random_forest,test,0.6358752237615057
2017-09-09 20:00:00,1.71,2.4860707344613053,-0.7760707344613054,random_forest,test,0.7760707344613054
2017-09-09 20:00:00,1.71,2.4860707344613053,-0.7760707344613054,random_forest,test,0.7760707344613054
2017-09-09 20:00:00,1.71,2.4860707344613053,-0.7760707344613054,random_forest,test,0.7760707344613054
2017-09-09 20:00:00,1.71,2.4860707344613053,-0.7760707344613054,random_forest,test,0.7760707344613054
2017-09-09 20:00:00,1.71,2.4860707344613053,-0.7760707344613054,random_forest,test,0.7760707344613054
2017-09-09 20:00:00,1.71,2.4860707344613053,-0.7760707344613054,random_forest,test,0.7760707344613054
2017-09-09 20:00:00,1.71,2.4860707344613053,-0.7760707344613054,random_forest,test,0.7760707344613054
2017-09-09 20:00:00,1.71,2.4428686717397716,-0.7328686717397717,random_forest,test,0.7328686717397717
2017-09-09 20:00:00,1.71,2.4006403850867586,-0.6906403850867586,random_forest,test,0.6906403850867586
2017-09-09 20:00:00,1.71,2.329354685725785,-0.619354685725785,random_forest,test,0.619354685725785
2017-09-09 20:00:00,1.71,2.130537719250866,-0.4205377192508659,random_forest,test,0.4205377192508659
2017-09-09 20:00:00,1.71,2.130537719250866,-0.4205377192508659,random_forest,test,0.4205377192508659
2017-09-09 20:00:00,1.71,2.130537719250866,-0.4205377192508659,random_forest,test,0.4205377192508659
2017-09-09 20:00:00,1.71,2.130537719250866,-0.4205377192508659,random_forest,test,0.4205377192508659
2017-09-09 20:00:00,1.71,2.130537719250866,-0.4205377192508659,random_forest,test,0.4205377192508659
2017-09-09 20:00:00,1.71,2.130537719250866,-0.4205377192508659,random_forest,test,0.4205377192508659
2017-09-09 20:00:00,1.71,2.130537719250866,-0.4205377192508659,random_forest,test,0.4205377192508659
2017-09-09 20:00:00,1.71,2.130537719250866,-0.4205377192508659,random_forest,test,0.4205377192508659
2017-09-09 20:00:00,1.71,2.130537719250866,-0.4205377192508659,random_forest,test,0.4205377192508659
2017-09-09 20:00:00,1.71,2.130537719250866,-0.4205377192508659,random_forest,test,0.4205377192508659
2017-09-09 20:00:00,1.71,2.130537719250866,-0.4205377192508659,random_forest,test,0.4205377192508659
2017-09-09 20:00:00,1.71,2.130537719250866,-0.4205377192508659,random_forest,test,0.4205377192508659
2017-09-09 20:00:00,1.71,2.130537719250866,-0.4205377192508659,random_forest,test,0.4205377192508659
2017-09-09 20:00:00,1.71,2.130537719250866,-0.4205377192508659,random_forest,test,0.4205377192508659
2017-09-09 20:00:00,1.71,2.130537719250866,-0.4205377192508659,random_forest,test,0.4205377192508659
2017-09-09 20:00:00,1.71,2.130537719250866,-0.4205377192508659,random_forest,test,0.4205377192508659
2017-09-09 20:00:00,1.71,2.130537719250866,-0.4205377192508659,random_forest,test,0.4205377192508659
2017-09-09 20:00:00,1.71,2.2872537679863862,-0.5772537679863863,random_forest,test,0.5772537679863863
2017-09-09 20:00:00,1.71,2.329354685725785,-0.619354685725785,random_forest,test,0.619354685725785
2017-09-09 20:00:00,1.71,2.2872537679863862,-0.5772537679863863,random_forest,test,0.5772537679863863
2017-09-09 20:00:00,1.71,2.4428686717397716,-0.7328686717397717,random_forest,test,0.7328686717397717
2017-09-09 20:00:00,1.71,2.357438322365225,-0.6474383223652249,random_forest,test,0.6474383223652249
2017-09-09 20:00:00,1.71,2.4006403850867586,-0.6906403850867586,random_forest,test,0.6906403850867586
2017-09-09 20:00:00,1.71,2.4860707344613053,-0.7760707344613054,random_forest,test,0.7760707344613054
2017-09-09 20:00:00,1.71,2.4860707344613053,-0.7760707344613054,random_forest,test,0.7760707344613054
2017-09-09 20:00:00,1.71,2.3458752237615057,-0.6358752237615057,random_forest,test,0.6358752237615057
2017-09-09 20:00:00,1.71,2.4860707344613053,-0.7760707344613054,random_forest,test,0.7760707344613054
2017-09-09 20:00:00,1.71,2.3458752237615057,-0.6358752237615057,random_forest,test,0.6358752237615057
2017-09-09 20:00:00,1.71,2.5740538841631553,-0.8640538841631553,random_forest,test,0.8640538841631553
2017-09-09 20:00:00,1.71,2.3458752237615057,-0.6358752237615057,random_forest,test,0.6358752237615057
2017-09-09 20:00:00,1.71,2.4860707344613053,-0.7760707344613054,random_forest,test,0.7760707344613054
2017-09-09 20:00:00,1.71,2.3458752237615057,-0.6358752237615057,random_forest,test,0.6358752237615057
2017-09-09 20:00:00,1.71,2.4860707344613053,-0.7760707344613054,random_forest,test,0.7760707344613054
2017-09-09 20:00:00,1.71,2.4860707344613053,-0.7760707344613054,random_forest,test,0.7760707344613054
2017-09-09 20:00:00,1.71,2.4860707344613053,-0.7760707344613054,random_forest,test,0.7760707344613054
2017-09-09 20:00:00,1.71,2.3458752237615057,-0.6358752237615057,random_forest,test,0.6358752237615057
2017-09-09 20:00:00,1.71,2.530851821441622,-0.820851821441622,random_forest,test,0.820851821441622
2017-09-09 20:00:00,1.71,2.208513986013986,-0.498513986013986,random_forest,test,0.498513986013986
2017-09-09 20:00:00,1.71,2.047,-0.3370000000000002,random_forest,test,0.3370000000000002
2017-09-09 20:00:00,1.71,2.2172428116654253,-0.5072428116654253,random_forest,test,0.5072428116654253
2017-09-09 20:00:00,1.71,2.357438322365225,-0.6474383223652249,random_forest,test,0.6474383223652249
2017-09-09 20:00:00,1.71,2.2172428116654253,-0.5072428116654253,random_forest,test,0.5072428116654253
2017-09-09 20:00:00,1.71,2.4006403850867586,-0.6906403850867586,random_forest,test,0.6906403850867586
2017-09-09 20:00:00,1.71,2.4860707344613053,-0.7760707344613054,random_forest,test,0.7760707344613054
2017-09-09 20:00:00,1.71,2.4860707344613053,-0.7760707344613054,random_forest,test,0.7760707344613054
2017-09-09 20:00:00,1.71,2.493881199580578,-0.7838811995805779,random_forest,test,0.7838811995805779
2017-09-09 20:00:00,1.71,2.591490471103757,-0.8814904711037572,random_forest,test,0.8814904711037572
2017-09-09 20:00:00,1.71,2.591490471103757,-0.8814904711037572,random_forest,test,0.8814904711037572
2017-09-09 20:00:00,1.71,2.631114127017736,-0.9211141270177361,random_forest,test,0.9211141270177361
2017-09-09 20:00:00,1.71,2.631114127017736,-0.9211141270177361,random_forest,test,0.9211141270177361
2017-09-09 20:00:00,1.71,2.631114127017736,-0.9211141270177361,random_forest,test,0.9211141270177361
2017-09-09 20:00:00,1.71,2.591490471103757,-0.8814904711037572,random_forest,test,0.8814904711037572
2017-09-09 20:00:00,1.71,2.591490471103757,-0.8814904711037572,random_forest,test,0.8814904711037572
2017-09-09 20:00:00,1.71,2.631114127017736,-0.9211141270177361,random_forest,test,0.9211141270177361
2017-09-09 20:00:00,1.71,2.631114127017736,-0.9211141270177361,random_forest,test,0.9211141270177361
2017-09-09 20:00:00,1.71,2.631114127017736,-0.9211141270177361,random_forest,test,0.9211141270177361
2017-09-09 20:00:00,1.71,2.6865799728654487,-0.9765799728654487,random_forest,test,0.9765799728654487
2017-09-09 20:00:00,1.71,2.591490471103757,-0.8814904711037572,random_forest,test,0.8814904711037572
2017-09-09 20:00:00,1.71,2.6865799728654487,-0.9765799728654487,random_forest,test,0.9765799728654487
2017-09-09 20:00:00,1.71,2.6865799728654487,-0.9765799728654487,random_forest,test,0.9765799728654487
2017-09-09 20:00:00,1.71,2.64695631695147,-0.9369563169514699,random_forest,test,0.9369563169514699
2017-09-09 20:00:00,1.71,2.64695631695147,-0.9369563169514699,random_forest,test,0.9369563169514699
2017-09-09 20:00:00,1.71,2.591490471103757,-0.8814904711037572,random_forest,test,0.8814904711037572
2017-09-09 20:00:00,1.71,2.591490471103757,-0.8814904711037572,random_forest,test,0.8814904711037572
2017-09-09 20:00:00,1.71,2.631114127017736,-0.9211141270177361,random_forest,test,0.9211141270177361
2017-09-09 20:00:00,1.71,2.631114127017736,-0.9211141270177361,random_forest,test,0.9211141270177361
2017-09-09 20:00:00,1.71,2.612815588474649,-0.9028155884746489,random_forest,test,0.9028155884746489
2017-09-09 20:00:00,1.71,2.6865799728654487,-0.9765799728654487,random_forest,test,0.9765799728654487
2017-09-09 20:00:00,1.71,2.6865799728654487,-0.9765799728654487,random_forest,test,0.9765799728654487
2017-09-09 20:00:00,1.71,2.6865799728654487,-0.9765799728654487,random_forest,test,0.9765799728654487
2017-09-09 20:00:00,1.71,2.591490471103757,-0.8814904711037572,random_forest,test,0.8814904711037572
2017-09-09 20:00:00,1.71,2.591490471103757,-0.8814904711037572,random_forest,test,0.8814904711037572
2017-09-09 20:00:00,1.71,2.591490471103757,-0.8814904711037572,random_forest,test,0.8814904711037572
2017-09-09 20:00:00,1.71,2.591490471103757,-0.8814904711037572,random_forest,test,0.8814904711037572
2017-09-09 20:00:00,1.71,2.591490471103757,-0.8814904711037572,random_forest,test,0.8814904711037572
2017-09-09 20:00:00,1.71,2.6524392443886278,-0.9424392443886278,random_forest,test,0.9424392443886278
2017-09-09 20:00:00,1.71,2.6865799728654487,-0.9765799728654487,random_forest,test,0.9765799728654487
2017-09-09 20:00:00,1.71,2.64695631695147,-0.9369563169514699,random_forest,test,0.9369563169514699
2017-09-09 20:00:00,1.71,2.591490471103757,-0.8814904711037572,random_forest,test,0.8814904711037572
2017-09-09 20:00:00,1.71,2.591490471103757,-0.8814904711037572,random_forest,test,0.8814904711037572
2017-09-09 20:00:00,1.71,2.591490471103757,-0.8814904711037572,random_forest,test,0.8814904711037572
2017-09-09 20:00:00,1.71,2.591490471103757,-0.8814904711037572,random_forest,test,0.8814904711037572
2017-09-09 20:00:00,1.71,2.591490471103757,-0.8814904711037572,random_forest,test,0.8814904711037572
2017-09-09 20:00:00,1.71,2.631114127017736,-0.9211141270177361,random_forest,test,0.9211141270177361
2017-09-09 20:00:00,1.71,2.631114127017736,-0.9211141270177361,random_forest,test,0.9211141270177361
2017-09-09 20:00:00,1.71,2.631114127017736,-0.9211141270177361,random_forest,test,0.9211141270177361
2017-09-09 20:00:00,1.71,2.631114127017736,-0.9211141270177361,random_forest,test,0.9211141270177361
2017-09-09 20:00:00,1.71,2.6865799728654487,-0.9765799728654487,random_forest,test,0.9765799728654487
2017-09-09 20:00:00,1.71,2.64695631695147,-0.9369563169514699,random_forest,test,0.9369563169514699
2017-09-09 20:00:00,1.71,2.591490471103757,-0.8814904711037572,random_forest,test,0.8814904711037572
2017-09-09 20:00:00,1.71,2.631114127017736,-0.9211141270177361,random_forest,test,0.9211141270177361
2017-09-09 20:00:00,1.71,2.631114127017736,-0.9211141270177361,random_forest,test,0.9211141270177361
2017-09-09 20:00:00,1.71,2.591490471103757,-0.8814904711037572,random_forest,test,0.8814904711037572
2017-09-09 20:00:00,1.71,2.591490471103757,-0.8814904711037572,random_forest,test,0.8814904711037572
2017-09-09 20:00:00,1.71,2.631114127017736,-0.9211141270177361,random_forest,test,0.9211141270177361
2017-09-09 20:00:00,1.71,2.591490471103757,-0.8814904711037572,random_forest,test,0.8814904711037572
2017-09-09 20:00:00,1.71,2.5645481789426796,-0.8545481789426796,random_forest,test,0.8545481789426796
2017-09-09 20:00:00,1.71,2.513650483565248,-0.803650483565248,random_forest,test,0.803650483565248
2017-09-09 20:00:00,1.71,2.3734549728654484,-0.6634549728654484,random_forest,test,0.6634549728654484
2017-09-09 20:00:00,1.71,2.513650483565248,-0.803650483565248,random_forest,test,0.803650483565248
2017-09-09 20:00:00,1.71,2.4860707344613053,-0.7760707344613054,random_forest,test,0.7760707344613054
2017-09-09 20:00:00,1.71,2.4860707344613053,-0.7760707344613054,random_forest,test,0.7760707344613054
2017-09-09 20:00:00,1.71,2.4860707344613053,-0.7760707344613054,random_forest,test,0.7760707344613054
2017-09-09 20:00:00,1.71,2.4860707344613053,-0.7760707344613054,random_forest,test,0.7760707344613054
2017-09-09 20:00:00,1.71,2.4860707344613053,-0.7760707344613054,random_forest,test,0.7760707344613054
2017-09-09 20:00:00,1.71,2.4860707344613053,-0.7760707344613054,random_forest,test,0.7760707344613054
2017-09-09 20:00:00,1.71,2.4860707344613053,-0.7760707344613054,random_forest,test,0.7760707344613054
2017-09-09 20:00:00,1.71,2.4860707344613053,-0.7760707344613054,random_forest,test,0.7760707344613054
2017-09-09 20:00:00,1.71,2.5645481789426796,-0.8545481789426796,random_forest,test,0.8545481789426796
2017-09-09 20:00:00,1.71,2.631114127017736,-0.9211141270177361,random_forest,test,0.9211141270177361
2017-09-09 20:00:00,1.71,2.631114127017736,-0.9211141270177361,random_forest,test,0.9211141270177361
2017-09-09 20:00:00,1.71,2.568405793684402,-0.8584057936844021,random_forest,test,0.8584057936844021
2017-09-09 20:00:00,1.71,2.62549695222755,-0.9154969522275502,random_forest,test,0.9154969522275502
2017-09-09 20:00:00,1.71,2.6865799728654487,-0.9765799728654487,random_forest,test,0.9765799728654487
2017-09-09 20:00:00,1.71,2.631114127017736,-0.9211141270177361,random_forest,test,0.9211141270177361
2017-09-09 20:00:00,1.71,2.631114127017736,-0.9211141270177361,random_forest,test,0.9211141270177361
2017-09-09 20:00:00,1.71,2.6524392443886278,-0.9424392443886278,random_forest,test,0.9424392443886278
2017-09-09 20:00:00,1.71,2.631114127017736,-0.9211141270177361,random_forest,test,0.9211141270177361
2017-09-09 20:00:00,1.71,2.612815588474649,-0.9028155884746489,random_forest,test,0.9028155884746489
2017-09-09 20:00:00,1.71,2.64695631695147,-0.9369563169514699,random_forest,test,0.9369563169514699
2017-09-09 20:00:00,1.71,2.64695631695147,-0.9369563169514699,random_forest,test,0.9369563169514699
2017-09-09 20:00:00,1.71,2.64695631695147,-0.9369563169514699,random_forest,test,0.9369563169514699
2017-09-09 20:00:00,1.71,2.629275040130023,-0.9192750401300231,random_forest,test,0.9192750401300231
2017-09-09 20:00:00,1.71,2.6865799728654487,-0.9765799728654487,random_forest,test,0.9765799728654487
2017-09-09 20:00:00,1.71,2.631114127017736,-0.9211141270177361,random_forest,test,0.9211141270177361
2017-09-09 20:00:00,1.71,2.6865799728654487,-0.9765799728654487,random_forest,test,0.9765799728654487
2017-09-09 20:00:00,1.71,2.631114127017736,-0.9211141270177361,random_forest,test,0.9211141270177361
2017-09-09 20:00:00,1.71,2.631114127017736,-0.9211141270177361,random_forest,test,0.9211141270177361
2017-09-09 20:00:00,1.71,2.591490471103757,-0.8814904711037572,random_forest,test,0.8814904711037572
2017-09-09 20:00:00,1.71,2.591490471103757,-0.8814904711037572,random_forest,test,0.8814904711037572
2017-09-09 20:00:00,1.71,2.591490471103757,-0.8814904711037572,random_forest,test,0.8814904711037572
2017-09-09 20:00:00,1.71,2.591490471103757,-0.8814904711037572,random_forest,test,0.8814904711037572
2017-09-09 20:00:00,1.71,2.631114127017736,-0.9211141270177361,random_forest,test,0.9211141270177361
2017-09-09 21:00:00,1.8,2.5427853980084705,-0.7427853980084704,random_forest,test,0.7427853980084704
2017-09-09 21:00:00,1.8,1.9824181579181555,-0.1824181579181554,random_forest,test,0.1824181579181554
2017-09-09 21:00:00,1.8,2.112,-0.31200000000000006,random_forest,test,0.31200000000000006
2017-09-09 21:00:00,1.8,2.125,-0.32499999999999996,random_forest,test,0.32499999999999996
2017-09-09 21:00:00,1.8,2.0700000000000003,-0.27000000000000024,random_forest,test,0.27000000000000024
2017-09-09 21:00:00,1.8,1.7169999999999994,0.08300000000000063,random_forest,test,0.08300000000000063
2017-09-09 21:00:00,1.8,1.7550242309810389,0.044975769018961165,random_forest,test,0.044975769018961165
2017-09-09 21:00:00,1.8,1.7550242309810389,0.044975769018961165,random_forest,test,0.044975769018961165
2017-09-09 21:00:00,1.8,1.7643049327354248,0.035695067264575275,random_forest,test,0.035695067264575275
2017-09-09 21:00:00,1.8,1.7550242309810389,0.044975769018961165,random_forest,test,0.044975769018961165
2017-09-09 21:00:00,1.8,1.7550242309810389,0.044975769018961165,random_forest,test,0.044975769018961165
2017-09-09 21:00:00,1.8,1.7550242309810389,0.044975769018961165,random_forest,test,0.044975769018961165
2017-09-09 21:00:00,1.8,1.7550242309810389,0.044975769018961165,random_forest,test,0.044975769018961165
2017-09-09 21:00:00,1.8,1.7550242309810389,0.044975769018961165,random_forest,test,0.044975769018961165
2017-09-09 21:00:00,1.8,1.7550242309810389,0.044975769018961165,random_forest,test,0.044975769018961165
2017-09-09 21:00:00,1.8,1.7550242309810389,0.044975769018961165,random_forest,test,0.044975769018961165
2017-09-09 21:00:00,1.8,1.7550242309810389,0.044975769018961165,random_forest,test,0.044975769018961165
2017-09-09 21:00:00,1.8,1.7550242309810389,0.044975769018961165,random_forest,test,0.044975769018961165
2017-09-09 21:00:00,1.8,1.7550242309810389,0.044975769018961165,random_forest,test,0.044975769018961165
2017-09-09 21:00:00,1.8,1.7550242309810389,0.044975769018961165,random_forest,test,0.044975769018961165
2017-09-09 21:00:00,1.8,1.7550242309810389,0.044975769018961165,random_forest,test,0.044975769018961165
2017-09-09 21:00:00,1.8,1.7550242309810389,0.044975769018961165,random_forest,test,0.044975769018961165
2017-09-09 21:00:00,1.8,1.7550242309810389,0.044975769018961165,random_forest,test,0.044975769018961165
2017-09-09 21:00:00,1.8,1.7550242309810389,0.044975769018961165,random_forest,test,0.044975769018961165
2017-09-09 21:00:00,1.8,1.7550242309810389,0.044975769018961165,random_forest,test,0.044975769018961165
2017-09-09 21:00:00,1.8,1.7550242309810389,0.044975769018961165,random_forest,test,0.044975769018961165
2017-09-09 21:00:00,1.8,1.7550242309810389,0.044975769018961165,random_forest,test,0.044975769018961165
2017-09-09 21:00:00,1.8,1.7550242309810389,0.044975769018961165,random_forest,test,0.044975769018961165
2017-09-09 21:00:00,1.8,1.7550242309810389,0.044975769018961165,random_forest,test,0.044975769018961165
2017-09-09 21:00:00,1.8,1.7550242309810389,0.044975769018961165,random_forest,test,0.044975769018961165
2017-09-09 21:00:00,1.8,1.7550242309810389,0.044975769018961165,random_forest,test,0.044975769018961165
2017-09-09 21:00:00,1.8,1.7550242309810389,0.044975769018961165,random_forest,test,0.044975769018961165
2017-09-09 21:00:00,1.8,1.7550242309810389,0.044975769018961165,random_forest,test,0.044975769018961165
2017-09-09 21:00:00,1.8,1.7550242309810389,0.044975769018961165,random_forest,test,0.044975769018961165
2017-09-09 21:00:00,1.8,1.7550242309810389,0.044975769018961165,random_forest,test,0.044975769018961165
2017-09-09 21:00:00,1.8,1.7550242309810389,0.044975769018961165,random_forest,test,0.044975769018961165
2017-09-09 21:00:00,1.8,1.7550242309810389,0.044975769018961165,random_forest,test,0.044975769018961165
2017-09-09 21:00:00,1.8,1.7550242309810389,0.044975769018961165,random_forest,test,0.044975769018961165
2017-09-09 21:00:00,1.8,1.7550242309810389,0.044975769018961165,random_forest,test,0.044975769018961165
2017-09-09 21:00:00,1.8,1.7550242309810389,0.044975769018961165,random_forest,test,0.044975769018961165
2017-09-09 21:00:00,1.8,1.7550242309810389,0.044975769018961165,random_forest,test,0.044975769018961165
2017-09-09 21:00:00,1.8,1.7550242309810389,0.044975769018961165,random_forest,test,0.044975769018961165
2017-09-09 21:00:00,1.8,1.7550242309810389,0.044975769018961165,random_forest,test,0.044975769018961165
2017-09-09 21:00:00,1.8,1.7550242309810389,0.044975769018961165,random_forest,test,0.044975769018961165
2017-09-09 21:00:00,1.8,1.7550242309810389,0.044975769018961165,random_forest,test,0.044975769018961165
2017-09-09 21:00:00,1.8,1.7550242309810389,0.044975769018961165,random_forest,test,0.044975769018961165
2017-09-09 21:00:00,1.8,1.7550242309810389,0.044975769018961165,random_forest,test,0.044975769018961165
2017-09-09 21:00:00,1.8,1.9580000000000002,-0.15800000000000014,random_forest,test,0.15800000000000014
2017-09-09 21:00:00,1.8,1.6809999999999996,0.11900000000000044,random_forest,test,0.11900000000000044
2017-09-09 21:00:00,1.8,1.7550242309810389,0.044975769018961165,random_forest,test,0.044975769018961165
2017-09-09 21:00:00,1.8,1.7550242309810389,0.044975769018961165,random_forest,test,0.044975769018961165
2017-09-09 21:00:00,1.8,1.7283049327354252,0.07169506726457486,random_forest,test,0.07169506726457486
2017-09-09 21:00:00,1.8,1.6809999999999996,0.11900000000000044,random_forest,test,0.11900000000000044
2017-09-09 21:00:00,1.8,1.7550242309810389,0.044975769018961165,random_forest,test,0.044975769018961165
2017-09-09 21:00:00,1.8,1.7550242309810389,0.044975769018961165,random_forest,test,0.044975769018961165
2017-09-09 21:00:00,1.8,1.728304932735425,0.07169506726457509,random_forest,test,0.07169506726457509
2017-09-09 21:00:00,1.8,1.6809999999999996,0.11900000000000044,random_forest,test,0.11900000000000044
2017-09-09 21:00:00,1.8,1.7550242309810389,0.044975769018961165,random_forest,test,0.044975769018961165
2017-09-09 21:00:00,1.8,1.7550242309810389,0.044975769018961165,random_forest,test,0.044975769018961165
2017-09-09 21:00:00,1.8,1.7550242309810389,0.044975769018961165,random_forest,test,0.044975769018961165
2017-09-09 21:00:00,1.8,1.728304932735425,0.07169506726457509,random_forest,test,0.07169506726457509
2017-09-09 21:00:00,1.8,1.7550242309810389,0.044975769018961165,random_forest,test,0.044975769018961165
2017-09-09 21:00:00,1.8,1.7550242309810389,0.044975769018961165,random_forest,test,0.044975769018961165
2017-09-09 21:00:00,1.8,1.7550242309810389,0.044975769018961165,random_forest,test,0.044975769018961165
2017-09-09 21:00:00,1.8,1.7550242309810389,0.044975769018961165,random_forest,test,0.044975769018961165
2017-09-09 21:00:00,1.8,1.7550242309810389,0.044975769018961165,random_forest,test,0.044975769018961165
2017-09-09 21:00:00,1.8,1.7550242309810389,0.044975769018961165,random_forest,test,0.044975769018961165
2017-09-09 21:00:00,1.8,1.7550242309810389,0.044975769018961165,random_forest,test,0.044975769018961165
2017-09-09 21:00:00,1.8,1.7550242309810389,0.044975769018961165,random_forest,test,0.044975769018961165
2017-09-09 21:00:00,1.8,1.7550242309810389,0.044975769018961165,random_forest,test,0.044975769018961165
2017-09-09 21:00:00,1.8,1.7550242309810389,0.044975769018961165,random_forest,test,0.044975769018961165
2017-09-09 21:00:00,1.8,1.7550242309810389,0.044975769018961165,random_forest,test,0.044975769018961165
2017-09-09 21:00:00,1.8,1.7550242309810389,0.044975769018961165,random_forest,test,0.044975769018961165
2017-09-09 21:00:00,1.8,1.7550242309810389,0.044975769018961165,random_forest,test,0.044975769018961165
2017-09-09 21:00:00,1.8,1.7550242309810389,0.044975769018961165,random_forest,test,0.044975769018961165
2017-09-09 21:00:00,1.8,1.7550242309810389,0.044975769018961165,random_forest,test,0.044975769018961165
2017-09-09 21:00:00,1.8,1.7550242309810389,0.044975769018961165,random_forest,test,0.044975769018961165
2017-09-09 21:00:00,1.8,1.7550242309810389,0.044975769018961165,random_forest,test,0.044975769018961165
2017-09-09 21:00:00,1.8,1.7550242309810389,0.044975769018961165,random_forest,test,0.044975769018961165
2017-09-09 21:00:00,1.8,1.7550242309810389,0.044975769018961165,random_forest,test,0.044975769018961165
2017-09-09 21:00:00,1.8,1.7550242309810389,0.044975769018961165,random_forest,test,0.044975769018961165
2017-09-09 21:00:00,1.8,1.7550242309810389,0.044975769018961165,random_forest,test,0.044975769018961165
2017-09-09 21:00:00,1.8,1.7550242309810389,0.044975769018961165,random_forest,test,0.044975769018961165
2017-09-09 21:00:00,1.8,1.7550242309810389,0.044975769018961165,random_forest,test,0.044975769018961165
2017-09-09 21:00:00,1.8,1.7550242309810389,0.044975769018961165,random_forest,test,0.044975769018961165
2017-09-09 21:00:00,1.8,1.7550242309810389,0.044975769018961165,random_forest,test,0.044975769018961165
2017-09-09 21:00:00,1.8,1.7550242309810389,0.044975769018961165,random_forest,test,0.044975769018961165
2017-09-09 21:00:00,1.8,1.7550242309810389,0.044975769018961165,random_forest,test,0.044975769018961165
2017-09-09 21:00:00,1.8,1.728304932735425,0.07169506726457509,random_forest,test,0.07169506726457509
2017-09-09 21:00:00,1.8,1.7550242309810389,0.044975769018961165,random_forest,test,0.044975769018961165
2017-09-09 21:00:00,1.8,1.7550242309810389,0.044975769018961165,random_forest,test,0.044975769018961165
2017-09-09 21:00:00,1.8,2.031061506796681,-0.2310615067966808,random_forest,test,0.2310615067966808
2017-09-09 21:00:00,1.8,2.0810091879131676,-0.28100918791316754,random_forest,test,0.28100918791316754
2017-09-09 21:00:00,1.8,2.130537719250866,-0.33053771925086584,random_forest,test,0.33053771925086584
2017-09-09 21:00:00,1.8,2.130537719250866,-0.33053771925086584,random_forest,test,0.33053771925086584
2017-09-09 21:00:00,1.8,2.130537719250866,-0.33053771925086584,random_forest,test,0.33053771925086584
2017-09-09 21:00:00,1.8,2.130537719250866,-0.33053771925086584,random_forest,test,0.33053771925086584
2017-09-09 21:00:00,1.8,2.130537719250866,-0.33053771925086584,random_forest,test,0.33053771925086584
2017-09-09 21:00:00,1.8,2.130537719250866,-0.33053771925086584,random_forest,test,0.33053771925086584
2017-09-09 21:00:00,1.8,2.130537719250866,-0.33053771925086584,random_forest,test,0.33053771925086584
2017-09-09 21:00:00,1.8,2.130537719250866,-0.33053771925086584,random_forest,test,0.33053771925086584
2017-09-09 21:00:00,1.8,2.130537719250866,-0.33053771925086584,random_forest,test,0.33053771925086584
2017-09-09 21:00:00,1.8,2.130537719250866,-0.33053771925086584,random_forest,test,0.33053771925086584
2017-09-09 21:00:00,1.8,2.130537719250866,-0.33053771925086584,random_forest,test,0.33053771925086584
2017-09-09 21:00:00,1.8,2.130537719250866,-0.33053771925086584,random_forest,test,0.33053771925086584
2017-09-09 21:00:00,1.8,2.130537719250866,-0.33053771925086584,random_forest,test,0.33053771925086584
2017-09-09 21:00:00,1.8,2.130537719250866,-0.33053771925086584,random_forest,test,0.33053771925086584
2017-09-09 21:00:00,1.8,2.130537719250866,-0.33053771925086584,random_forest,test,0.33053771925086584
2017-09-09 21:00:00,1.8,2.040342208551067,-0.24034220855106692,random_forest,test,0.24034220855106692
2017-09-09 21:00:00,1.8,1.854325358252917,-0.054325358252917066,random_forest,test,0.054325358252917066
2017-09-09 21:00:00,1.8,1.9464181579181556,-0.1464181579181556,random_forest,test,0.1464181579181556
2017-09-09 21:00:00,1.8,2.0805900381343783,-0.2805900381343782,random_forest,test,0.2805900381343782
2017-09-09 21:00:00,1.8,1.9730505418844004,-0.1730505418844004,random_forest,test,0.1730505418844004
2017-09-09 21:00:00,1.8,2.004342208551067,-0.20434220855106688,random_forest,test,0.20434220855106688
2017-09-09 21:00:00,1.8,2.130537719250866,-0.33053771925086584,random_forest,test,0.33053771925086584
2017-09-09 21:00:00,1.8,2.130537719250866,-0.33053771925086584,random_forest,test,0.33053771925086584
2017-09-09 21:00:00,1.8,2.130537719250866,-0.33053771925086584,random_forest,test,0.33053771925086584
2017-09-09 21:00:00,1.8,2.004342208551067,-0.20434220855106688,random_forest,test,0.20434220855106688
2017-09-09 21:00:00,1.8,2.130537719250866,-0.33053771925086584,random_forest,test,0.33053771925086584
2017-09-09 21:00:00,1.8,2.130537719250866,-0.33053771925086584,random_forest,test,0.33053771925086584
2017-09-09 21:00:00,1.8,2.130537719250866,-0.33053771925086584,random_forest,test,0.33053771925086584
2017-09-09 21:00:00,1.8,2.004342208551067,-0.20434220855106688,random_forest,test,0.20434220855106688
2017-09-09 21:00:00,1.8,2.130537719250866,-0.33053771925086584,random_forest,test,0.33053771925086584
2017-09-09 21:00:00,1.8,2.130537719250866,-0.33053771925086584,random_forest,test,0.33053771925086584
2017-09-09 21:00:00,1.8,2.130537719250866,-0.33053771925086584,random_forest,test,0.33053771925086584
2017-09-09 21:00:00,1.8,2.130537719250866,-0.33053771925086584,random_forest,test,0.33053771925086584
2017-09-09 21:00:00,1.8,2.130537719250866,-0.33053771925086584,random_forest,test,0.33053771925086584
2017-09-09 21:00:00,1.8,1.8903253582529174,-0.09032535825291732,random_forest,test,0.09032535825291732
2017-09-09 21:00:00,1.8,1.8903253582529174,-0.09032535825291732,random_forest,test,0.09032535825291732
2017-09-09 21:00:00,1.8,2.130537719250866,-0.33053771925086584,random_forest,test,0.33053771925086584
2017-09-09 21:00:00,1.8,2.130537719250866,-0.33053771925086584,random_forest,test,0.33053771925086584
2017-09-09 21:00:00,1.8,2.004342208551067,-0.20434220855106688,random_forest,test,0.20434220855106688
2017-09-09 21:00:00,1.8,2.130537719250866,-0.33053771925086584,random_forest,test,0.33053771925086584
2017-09-09 21:00:00,1.8,2.130537719250866,-0.33053771925086584,random_forest,test,0.33053771925086584
2017-09-09 21:00:00,1.8,2.004342208551067,-0.20434220855106688,random_forest,test,0.20434220855106688
2017-09-09 21:00:00,1.8,2.130537719250866,-0.33053771925086584,random_forest,test,0.33053771925086584
2017-09-09 21:00:00,1.8,2.130537719250866,-0.33053771925086584,random_forest,test,0.33053771925086584
2017-09-09 21:00:00,1.8,2.040342208551067,-0.24034220855106692,random_forest,test,0.24034220855106692
2017-09-09 21:00:00,1.8,2.130537719250866,-0.33053771925086584,random_forest,test,0.33053771925086584
2017-09-09 21:00:00,1.8,2.130537719250866,-0.33053771925086584,random_forest,test,0.33053771925086584
2017-09-09 21:00:00,1.8,2.130537719250866,-0.33053771925086584,random_forest,test,0.33053771925086584
2017-09-09 21:00:00,1.8,2.130537719250866,-0.33053771925086584,random_forest,test,0.33053771925086584
2017-09-09 21:00:00,1.8,2.130537719250866,-0.33053771925086584,random_forest,test,0.33053771925086584
2017-09-09 21:00:00,1.8,2.130537719250866,-0.33053771925086584,random_forest,test,0.33053771925086584
2017-09-09 21:00:00,1.8,2.130537719250866,-0.33053771925086584,random_forest,test,0.33053771925086584
2017-09-09 21:00:00,1.8,2.130537719250866,-0.33053771925086584,random_forest,test,0.33053771925086584
2017-09-09 21:00:00,1.8,2.130537719250866,-0.33053771925086584,random_forest,test,0.33053771925086584
2017-09-09 21:00:00,1.8,2.130537719250866,-0.33053771925086584,random_forest,test,0.33053771925086584
2017-09-09 21:00:00,1.8,2.130537719250866,-0.33053771925086584,random_forest,test,0.33053771925086584
2017-09-09 21:00:00,1.8,2.130537719250866,-0.33053771925086584,random_forest,test,0.33053771925086584
2017-09-09 21:00:00,1.8,2.130537719250866,-0.33053771925086584,random_forest,test,0.33053771925086584
2017-09-09 21:00:00,1.8,2.130537719250866,-0.33053771925086584,random_forest,test,0.33053771925086584
2017-09-09 21:00:00,1.8,2.040342208551067,-0.24034220855106692,random_forest,test,0.24034220855106692
2017-09-09 21:00:00,1.8,2.130537719250866,-0.33053771925086584,random_forest,test,0.33053771925086584
2017-09-09 21:00:00,1.8,2.018322001951289,-0.2183220019512888,random_forest,test,0.2183220019512888
2017-09-09 21:00:00,1.8,2.0805900381343783,-0.2805900381343782,random_forest,test,0.2805900381343782
2017-09-09 21:00:00,1.8,2.004342208551067,-0.20434220855106688,random_forest,test,0.20434220855106688
2017-09-09 21:00:00,1.8,2.130537719250866,-0.33053771925086584,random_forest,test,0.33053771925086584
2017-09-09 21:00:00,1.8,2.130537719250866,-0.33053771925086584,random_forest,test,0.33053771925086584
2017-09-09 21:00:00,1.8,2.130537719250866,-0.33053771925086584,random_forest,test,0.33053771925086584
2017-09-09 21:00:00,1.8,2.130537719250866,-0.33053771925086584,random_forest,test,0.33053771925086584
2017-09-09 21:00:00,1.8,2.130537719250866,-0.33053771925086584,random_forest,test,0.33053771925086584
2017-09-09 21:00:00,1.8,2.130537719250866,-0.33053771925086584,random_forest,test,0.33053771925086584
2017-09-09 21:00:00,1.8,2.130537719250866,-0.33053771925086584,random_forest,test,0.33053771925086584
2017-09-09 21:00:00,1.8,2.130537719250866,-0.33053771925086584,random_forest,test,0.33053771925086584
2017-09-09 21:00:00,1.8,2.0165208689527168,-0.21652086895271672,random_forest,test,0.21652086895271672
2017-09-09 21:00:00,1.8,1.8903253582529171,-0.0903253582529171,random_forest,test,0.0903253582529171
2017-09-09 21:00:00,1.8,2.004342208551067,-0.20434220855106688,random_forest,test,0.20434220855106688
2017-09-09 21:00:00,1.8,2.130537719250866,-0.33053771925086584,random_forest,test,0.33053771925086584
2017-09-09 21:00:00,1.8,2.130537719250866,-0.33053771925086584,random_forest,test,0.33053771925086584
2017-09-09 21:00:00,1.8,2.130537719250866,-0.33053771925086584,random_forest,test,0.33053771925086584
2017-09-09 21:00:00,1.8,2.004342208551067,-0.20434220855106688,random_forest,test,0.20434220855106688
2017-09-09 21:00:00,1.8,2.130537719250866,-0.33053771925086584,random_forest,test,0.33053771925086584
2017-09-09 21:00:00,1.8,2.130537719250866,-0.33053771925086584,random_forest,test,0.33053771925086584
2017-09-09 21:00:00,1.8,2.040342208551067,-0.24034220855106692,random_forest,test,0.24034220855106692
2017-09-09 21:00:00,1.8,2.130537719250866,-0.33053771925086584,random_forest,test,0.33053771925086584
2017-09-09 21:00:00,1.8,2.130537719250866,-0.33053771925086584,random_forest,test,0.33053771925086584
2017-09-09 21:00:00,1.8,2.130537719250866,-0.33053771925086584,random_forest,test,0.33053771925086584
2017-09-09 21:00:00,1.8,2.130537719250866,-0.33053771925086584,random_forest,test,0.33053771925086584
2017-09-09 21:00:00,1.8,2.130537719250866,-0.33053771925086584,random_forest,test,0.33053771925086584
2017-09-09 22:00:00,1.96,2.130537719250866,-0.17053771925086592,random_forest,test,0.17053771925086592
2017-09-09 22:00:00,1.96,2.130537719250866,-0.17053771925086592,random_forest,test,0.17053771925086592
2017-09-09 22:00:00,1.96,2.130537719250866,-0.17053771925086592,random_forest,test,0.17053771925086592
2017-09-09 22:00:00,1.96,1.7823253582529173,0.1776746417470827,random_forest,test,0.1776746417470827
2017-09-09 22:00:00,1.96,2.07,-0.10999999999999988,random_forest,test,0.10999999999999988
2017-09-09 22:00:00,1.96,2.0949999999999998,-0.1349999999999998,random_forest,test,0.1349999999999998
2017-09-09 22:00:00,1.96,1.854325358252917,0.10567464174708285,random_forest,test,0.10567464174708285
2017-09-09 22:00:00,1.96,2.130537719250866,-0.17053771925086592,random_forest,test,0.17053771925086592
2017-09-09 22:00:00,1.96,2.130537719250866,-0.17053771925086592,random_forest,test,0.17053771925086592
2017-09-09 22:00:00,1.96,2.040342208551067,-0.080342208551067,random_forest,test,0.080342208551067
2017-09-09 22:00:00,1.96,2.130537719250866,-0.17053771925086592,random_forest,test,0.17053771925086592
2017-09-09 22:00:00,1.96,2.130537719250866,-0.17053771925086592,random_forest,test,0.17053771925086592
2017-09-09 22:00:00,1.96,2.130537719250866,-0.17053771925086592,random_forest,test,0.17053771925086592
2017-09-09 22:00:00,1.96,2.130537719250866,-0.17053771925086592,random_forest,test,0.17053771925086592
2017-09-09 22:00:00,1.96,2.130537719250866,-0.17053771925086592,random_forest,test,0.17053771925086592
2017-09-09 22:00:00,1.96,2.130537719250866,-0.17053771925086592,random_forest,test,0.17053771925086592
2017-09-09 22:00:00,1.96,2.130537719250866,-0.17053771925086592,random_forest,test,0.17053771925086592
2017-09-09 22:00:00,1.96,2.2002460525841996,-0.24024605258419962,random_forest,test,0.24024605258419962
2017-09-09 22:00:00,1.96,2.2002460525841996,-0.24024605258419962,random_forest,test,0.24024605258419962
2017-09-09 22:00:00,1.96,2.130537719250866,-0.17053771925086592,random_forest,test,0.17053771925086592
2017-09-09 22:00:00,1.96,2.130537719250866,-0.17053771925086592,random_forest,test,0.17053771925086592
2017-09-09 22:00:00,1.96,2.130537719250866,-0.17053771925086592,random_forest,test,0.17053771925086592
2017-09-09 22:00:00,1.96,2.130537719250866,-0.17053771925086592,random_forest,test,0.17053771925086592
2017-09-09 22:00:00,1.96,2.130537719250866,-0.17053771925086592,random_forest,test,0.17053771925086592
2017-09-09 22:00:00,1.96,2.068009187913168,-0.10800918791316816,random_forest,test,0.10800918791316816
2017-09-09 22:00:00,1.96,2.130537719250866,-0.17053771925086592,random_forest,test,0.17053771925086592
2017-09-09 22:00:00,1.96,2.130537719250866,-0.17053771925086592,random_forest,test,0.17053771925086592
2017-09-09 22:00:00,1.96,2.040342208551067,-0.080342208551067,random_forest,test,0.080342208551067
2017-09-09 22:00:00,1.96,2.004342208551067,-0.044342208551066964,random_forest,test,0.044342208551066964
2017-09-09 22:00:00,1.96,2.130537719250866,-0.17053771925086592,random_forest,test,0.17053771925086592
2017-09-09 22:00:00,1.96,2.130537719250866,-0.17053771925086592,random_forest,test,0.17053771925086592
2017-09-09 22:00:00,1.96,2.130537719250866,-0.17053771925086592,random_forest,test,0.17053771925086592
2017-09-09 22:00:00,1.96,2.130537719250866,-0.17053771925086592,random_forest,test,0.17053771925086592
2017-09-09 22:00:00,1.96,2.130537719250866,-0.17053771925086592,random_forest,test,0.17053771925086592
2017-09-09 22:00:00,1.96,2.130537719250866,-0.17053771925086592,random_forest,test,0.17053771925086592
2017-09-09 22:00:00,1.96,2.130537719250866,-0.17053771925086592,random_forest,test,0.17053771925086592
2017-09-09 22:00:00,1.96,2.130537719250866,-0.17053771925086592,random_forest,test,0.17053771925086592
2017-09-09 22:00:00,1.96,2.130537719250866,-0.17053771925086592,random_forest,test,0.17053771925086592
2017-09-09 22:00:00,1.96,2.130537719250866,-0.17053771925086592,random_forest,test,0.17053771925086592
2017-09-09 22:00:00,1.96,2.130537719250866,-0.17053771925086592,random_forest,test,0.17053771925086592
2017-09-09 22:00:00,1.96,2.130537719250866,-0.17053771925086592,random_forest,test,0.17053771925086592
2017-09-09 22:00:00,1.96,2.130537719250866,-0.17053771925086592,random_forest,test,0.17053771925086592
2017-09-09 22:00:00,1.96,2.130537719250866,-0.17053771925086592,random_forest,test,0.17053771925086592
2017-09-09 22:00:00,1.96,2.130537719250866,-0.17053771925086592,random_forest,test,0.17053771925086592
2017-09-09 22:00:00,1.96,2.130537719250866,-0.17053771925086592,random_forest,test,0.17053771925086592
2017-09-09 22:00:00,1.96,2.130537719250866,-0.17053771925086592,random_forest,test,0.17053771925086592
2017-09-09 22:00:00,1.96,2.040342208551067,-0.080342208551067,random_forest,test,0.080342208551067
2017-09-09 22:00:00,1.96,2.2002460525841996,-0.24024605258419962,random_forest,test,0.24024605258419962
2017-09-09 22:00:00,1.96,2.130537719250866,-0.17053771925086592,random_forest,test,0.17053771925086592
2017-09-09 22:00:00,1.96,2.130537719250866,-0.17053771925086592,random_forest,test,0.17053771925086592
2017-09-09 22:00:00,1.96,2.040342208551067,-0.080342208551067,random_forest,test,0.080342208551067
2017-09-09 22:00:00,1.96,2.130537719250866,-0.17053771925086592,random_forest,test,0.17053771925086592
2017-09-09 22:00:00,1.96,2.130537719250866,-0.17053771925086592,random_forest,test,0.17053771925086592
2017-09-09 22:00:00,1.96,2.040342208551067,-0.080342208551067,random_forest,test,0.080342208551067
2017-09-09 22:00:00,1.96,2.0460000000000003,-0.0860000000000003,random_forest,test,0.0860000000000003
2017-09-09 22:00:00,1.96,2.0460000000000003,-0.0860000000000003,random_forest,test,0.0860000000000003
2017-09-09 22:00:00,1.96,1.9929999999999999,-0.03299999999999992,random_forest,test,0.03299999999999992
2017-09-09 22:00:00,1.96,1.9929999999999999,-0.03299999999999992,random_forest,test,0.03299999999999992
2017-09-09 22:00:00,1.96,2.029,-0.06899999999999995,random_forest,test,0.06899999999999995
2017-09-09 22:00:00,1.96,1.9809999999999999,-0.020999999999999908,random_forest,test,0.020999999999999908
2017-09-09 22:00:00,1.96,2.023,-0.06300000000000017,random_forest,test,0.06300000000000017
2017-09-09 22:00:00,1.96,1.8183253582529173,0.14167464174708266,random_forest,test,0.14167464174708266
2017-09-09 22:00:00,1.96,2.2002460525841996,-0.24024605258419962,random_forest,test,0.24024605258419962
2017-09-09 22:00:00,1.96,2.2002460525841996,-0.24024605258419962,random_forest,test,0.24024605258419962
2017-09-09 22:00:00,1.96,2.2002460525841996,-0.24024605258419962,random_forest,test,0.24024605258419962
2017-09-09 22:00:00,1.96,2.130537719250866,-0.17053771925086592,random_forest,test,0.17053771925086592
2017-09-09 22:00:00,1.96,2.2002460525841996,-0.24024605258419962,random_forest,test,0.24024605258419962
2017-09-09 22:00:00,1.96,2.130537719250866,-0.17053771925086592,random_forest,test,0.17053771925086592
2017-09-09 22:00:00,1.96,2.2002460525841996,-0.24024605258419962,random_forest,test,0.24024605258419962
2017-09-09 22:00:00,1.96,2.130537719250866,-0.17053771925086592,random_forest,test,0.17053771925086592
2017-09-09 22:00:00,1.96,2.130537719250866,-0.17053771925086592,random_forest,test,0.17053771925086592
2017-09-09 22:00:00,1.96,2.130537719250866,-0.17053771925086592,random_forest,test,0.17053771925086592
2017-09-09 22:00:00,1.96,2.130537719250866,-0.17053771925086592,random_forest,test,0.17053771925086592
2017-09-09 22:00:00,1.96,2.130537719250866,-0.17053771925086592,random_forest,test,0.17053771925086592
2017-09-09 22:00:00,1.96,2.130537719250866,-0.17053771925086592,random_forest,test,0.17053771925086592
2017-09-09 22:00:00,1.96,2.130537719250866,-0.17053771925086592,random_forest,test,0.17053771925086592
2017-09-09 22:00:00,1.96,2.130537719250866,-0.17053771925086592,random_forest,test,0.17053771925086592
2017-09-09 22:00:00,1.96,2.130537719250866,-0.17053771925086592,random_forest,test,0.17053771925086592
2017-09-09 22:00:00,1.96,2.130537719250866,-0.17053771925086592,random_forest,test,0.17053771925086592
2017-09-09 22:00:00,1.96,2.130537719250866,-0.17053771925086592,random_forest,test,0.17053771925086592
2017-09-09 22:00:00,1.96,2.130537719250866,-0.17053771925086592,random_forest,test,0.17053771925086592
2017-09-09 22:00:00,1.96,2.2002460525841996,-0.24024605258419962,random_forest,test,0.24024605258419962
2017-09-09 22:00:00,1.96,2.130537719250866,-0.17053771925086592,random_forest,test,0.17053771925086592
2017-09-09 22:00:00,1.96,2.130537719250866,-0.17053771925086592,random_forest,test,0.17053771925086592
2017-09-09 22:00:00,1.96,2.130537719250866,-0.17053771925086592,random_forest,test,0.17053771925086592
2017-09-09 22:00:00,1.96,2.130537719250866,-0.17053771925086592,random_forest,test,0.17053771925086592
2017-09-09 22:00:00,1.96,2.130537719250866,-0.17053771925086592,random_forest,test,0.17053771925086592
2017-09-09 22:00:00,1.96,2.130537719250866,-0.17053771925086592,random_forest,test,0.17053771925086592
2017-09-09 22:00:00,1.96,2.040342208551067,-0.080342208551067,random_forest,test,0.080342208551067
2017-09-09 22:00:00,1.96,2.040342208551067,-0.080342208551067,random_forest,test,0.080342208551067
2017-09-09 22:00:00,1.96,2.130537719250866,-0.17053771925086592,random_forest,test,0.17053771925086592
2017-09-09 22:00:00,1.96,2.0726136686179553,-0.1126136686179553,random_forest,test,0.1126136686179553
2017-09-09 22:00:00,1.96,1.8045527623187372,0.15544723768126278,random_forest,test,0.15544723768126278
2017-09-09 22:00:00,1.96,1.8045527623187372,0.15544723768126278,random_forest,test,0.15544723768126278
2017-09-09 22:00:00,1.96,1.7550242309810389,0.20497576901896108,random_forest,test,0.20497576901896108
2017-09-09 22:00:00,1.96,1.7550242309810389,0.20497576901896108,random_forest,test,0.20497576901896108
2017-09-09 22:00:00,1.96,1.7550242309810389,0.20497576901896108,random_forest,test,0.20497576901896108
2017-09-09 22:00:00,1.96,1.7550242309810389,0.20497576901896108,random_forest,test,0.20497576901896108
2017-09-09 22:00:00,1.96,1.6449999999999991,0.31500000000000083,random_forest,test,0.31500000000000083
2017-09-09 22:00:00,1.96,1.7550242309810389,0.20497576901896108,random_forest,test,0.20497576901896108
2017-09-09 22:00:00,1.96,1.7550242309810389,0.20497576901896108,random_forest,test,0.20497576901896108
2017-09-09 22:00:00,1.96,1.7550242309810389,0.20497576901896108,random_forest,test,0.20497576901896108
2017-09-09 22:00:00,1.96,1.7550242309810389,0.20497576901896108,random_forest,test,0.20497576901896108
2017-09-09 22:00:00,1.96,1.7550242309810389,0.20497576901896108,random_forest,test,0.20497576901896108
2017-09-09 22:00:00,1.96,1.728304932735425,0.231695067264575,random_forest,test,0.231695067264575
2017-09-09 22:00:00,1.96,1.7550242309810389,0.20497576901896108,random_forest,test,0.20497576901896108
2017-09-09 22:00:00,1.96,1.728304932735425,0.231695067264575,random_forest,test,0.231695067264575
2017-09-09 22:00:00,1.96,1.6449999999999991,0.31500000000000083,random_forest,test,0.31500000000000083
2017-09-09 22:00:00,1.96,1.9449999999999998,0.015000000000000124,random_forest,test,0.015000000000000124
2017-09-09 22:00:00,1.96,2.023,-0.06300000000000017,random_forest,test,0.06300000000000017
2017-09-09 22:00:00,1.96,2.16,-0.20000000000000018,random_forest,test,0.20000000000000018
2017-09-09 22:00:00,1.96,2.059,-0.0990000000000002,random_forest,test,0.0990000000000002
2017-09-09 22:00:00,1.96,1.728304932735425,0.231695067264575,random_forest,test,0.231695067264575
2017-09-09 22:00:00,1.96,1.8045527623187372,0.15544723768126278,random_forest,test,0.15544723768126278
2017-09-09 22:00:00,1.96,1.7550242309810389,0.20497576901896108,random_forest,test,0.20497576901896108
2017-09-09 22:00:00,1.96,1.7550242309810389,0.20497576901896108,random_forest,test,0.20497576901896108
2017-09-09 22:00:00,1.96,1.7550242309810389,0.20497576901896108,random_forest,test,0.20497576901896108
2017-09-09 22:00:00,1.96,1.7550242309810389,0.20497576901896108,random_forest,test,0.20497576901896108
2017-09-09 22:00:00,1.96,1.6449999999999991,0.31500000000000083,random_forest,test,0.31500000000000083
2017-09-09 22:00:00,1.96,2.0460000000000003,-0.0860000000000003,random_forest,test,0.0860000000000003
2017-09-09 22:00:00,1.96,1.6089999999999993,0.35100000000000064,random_forest,test,0.35100000000000064
2017-09-09 22:00:00,1.96,1.7550242309810389,0.20497576901896108,random_forest,test,0.20497576901896108
2017-09-09 22:00:00,1.96,1.7550242309810389,0.20497576901896108,random_forest,test,0.20497576901896108
2017-09-09 22:00:00,1.96,1.7550242309810389,0.20497576901896108,random_forest,test,0.20497576901896108
2017-09-09 22:00:00,1.96,1.7550242309810389,0.20497576901896108,random_forest,test,0.20497576901896108
2017-09-09 22:00:00,1.96,1.7550242309810389,0.20497576901896108,random_forest,test,0.20497576901896108
2017-09-09 22:00:00,1.96,1.7550242309810389,0.20497576901896108,random_forest,test,0.20497576901896108
2017-09-09 22:00:00,1.96,1.7550242309810389,0.20497576901896108,random_forest,test,0.20497576901896108
2017-09-09 22:00:00,1.96,1.7550242309810389,0.20497576901896108,random_forest,test,0.20497576901896108
2017-09-09 22:00:00,1.96,1.7550242309810389,0.20497576901896108,random_forest,test,0.20497576901896108
2017-09-09 22:00:00,1.96,1.7550242309810389,0.20497576901896108,random_forest,test,0.20497576901896108
2017-09-09 22:00:00,1.96,1.7550242309810389,0.20497576901896108,random_forest,test,0.20497576901896108
2017-09-09 22:00:00,1.96,1.7550242309810389,0.20497576901896108,random_forest,test,0.20497576901896108
2017-09-09 22:00:00,1.96,1.7550242309810389,0.20497576901896108,random_forest,test,0.20497576901896108
2017-09-09 22:00:00,1.96,1.7550242309810389,0.20497576901896108,random_forest,test,0.20497576901896108
2017-09-09 22:00:00,1.96,1.728304932735425,0.231695067264575,random_forest,test,0.231695067264575
2017-09-09 22:00:00,1.96,1.7550242309810389,0.20497576901896108,random_forest,test,0.20497576901896108
2017-09-09 22:00:00,1.96,1.7550242309810389,0.20497576901896108,random_forest,test,0.20497576901896108
2017-09-09 22:00:00,1.96,1.7550242309810389,0.20497576901896108,random_forest,test,0.20497576901896108
2017-09-09 22:00:00,1.96,1.8126549758304837,0.14734502416951623,random_forest,test,0.14734502416951623
2017-09-09 22:00:00,1.96,1.8126549758304837,0.14734502416951623,random_forest,test,0.14734502416951623
2017-09-09 22:00:00,1.96,1.8126549758304837,0.14734502416951623,random_forest,test,0.14734502416951623
2017-09-09 22:00:00,1.96,1.9201075578010927,0.03989244219890731,random_forest,test,0.03989244219890731
2017-09-09 22:00:00,1.96,2.0762460525841995,-0.11624605258419951,random_forest,test,0.11624605258419951
2017-09-09 22:00:00,1.96,2.130537719250866,-0.17053771925086592,random_forest,test,0.17053771925086592
2017-09-09 22:00:00,1.96,2.130537719250866,-0.17053771925086592,random_forest,test,0.17053771925086592
2017-09-09 22:00:00,1.96,2.130537719250866,-0.17053771925086592,random_forest,test,0.17053771925086592
2017-09-09 22:00:00,1.96,2.130537719250866,-0.17053771925086592,random_forest,test,0.17053771925086592
2017-09-09 22:00:00,1.96,2.130537719250866,-0.17053771925086592,random_forest,test,0.17053771925086592
2017-09-09 22:00:00,1.96,2.130537719250866,-0.17053771925086592,random_forest,test,0.17053771925086592
2017-09-09 22:00:00,1.96,2.130537719250866,-0.17053771925086592,random_forest,test,0.17053771925086592
2017-09-09 22:00:00,1.96,2.130537719250866,-0.17053771925086592,random_forest,test,0.17053771925086592
2017-09-09 22:00:00,1.96,2.130537719250866,-0.17053771925086592,random_forest,test,0.17053771925086592
2017-09-09 22:00:00,1.96,2.130537719250866,-0.17053771925086592,random_forest,test,0.17053771925086592
2017-09-09 22:00:00,1.96,2.130537719250866,-0.17053771925086592,random_forest,test,0.17053771925086592
2017-09-09 22:00:00,1.96,1.8288262555492438,0.13117374445075614,random_forest,test,0.13117374445075614
2017-09-09 22:00:00,1.96,1.728304932735425,0.231695067264575,random_forest,test,0.231695067264575
2017-09-09 22:00:00,1.96,1.8045527623187372,0.15544723768126278,random_forest,test,0.15544723768126278
2017-09-09 22:00:00,1.96,1.8705790264633944,0.08942097353660561,random_forest,test,0.08942097353660561
2017-09-09 22:00:00,1.96,1.8626026569469711,0.09739734305302883,random_forest,test,0.09739734305302883
2017-09-09 22:00:00,1.96,1.8126549758304837,0.14734502416951623,random_forest,test,0.14734502416951623
2017-09-09 22:00:00,1.96,1.8045527623187372,0.15544723768126278,random_forest,test,0.15544723768126278
2017-09-09 22:00:00,1.96,1.738304932735425,0.221695067264575,random_forest,test,0.221695067264575
2017-09-09 22:00:00,1.96,1.7643049327354248,0.1956950672645752,random_forest,test,0.1956950672645752
2017-09-09 22:00:00,1.96,1.7550242309810389,0.20497576901896108,random_forest,test,0.20497576901896108
2017-09-09 22:00:00,1.96,1.7550242309810389,0.20497576901896108,random_forest,test,0.20497576901896108
2017-09-09 22:00:00,1.96,1.7550242309810389,0.20497576901896108,random_forest,test,0.20497576901896108
2017-09-09 22:00:00,1.96,1.7550242309810389,0.20497576901896108,random_forest,test,0.20497576901896108
2017-09-09 22:00:00,1.96,1.7550242309810389,0.20497576901896108,random_forest,test,0.20497576901896108
2017-09-09 22:00:00,1.96,1.7550242309810389,0.20497576901896108,random_forest,test,0.20497576901896108
2017-09-09 22:00:00,1.96,1.7550242309810389,0.20497576901896108,random_forest,test,0.20497576901896108
2017-09-09 22:00:00,1.96,1.7643049327354248,0.1956950672645752,random_forest,test,0.1956950672645752
2017-09-09 22:00:00,1.96,1.7550242309810389,0.20497576901896108,random_forest,test,0.20497576901896108
2017-09-09 22:00:00,1.96,1.7550242309810389,0.20497576901896108,random_forest,test,0.20497576901896108
2017-09-09 22:00:00,1.96,1.7550242309810389,0.20497576901896108,random_forest,test,0.20497576901896108
2017-09-09 22:00:00,1.96,1.7550242309810389,0.20497576901896108,random_forest,test,0.20497576901896108
2017-09-09 22:00:00,1.96,1.7550242309810389,0.20497576901896108,random_forest,test,0.20497576901896108
2017-09-09 22:00:00,1.96,1.7550242309810389,0.20497576901896108,random_forest,test,0.20497576901896108
2017-09-09 22:00:00,1.96,1.7550242309810389,0.20497576901896108,random_forest,test,0.20497576901896108
2017-09-09 22:00:00,1.96,1.7550242309810389,0.20497576901896108,random_forest,test,0.20497576901896108
2017-09-09 23:00:00,1.71,2.031061506796681,-0.3210615067966809,random_forest,test,0.3210615067966809
2017-09-09 23:00:00,1.71,2.0810091879131676,-0.3710091879131676,random_forest,test,0.3710091879131676
2017-09-09 23:00:00,1.71,2.0249073946642233,-0.31490739466422335,random_forest,test,0.31490739466422335
2017-09-09 23:00:00,1.71,2.0744359260019207,-0.36443592600192076,random_forest,test,0.36443592600192076
2017-09-09 23:00:00,1.71,2.0744359260019207,-0.36443592600192076,random_forest,test,0.36443592600192076
2017-09-09 23:00:00,1.71,2.0744359260019207,-0.36443592600192076,random_forest,test,0.36443592600192076
2017-09-09 23:00:00,1.71,2.0744359260019207,-0.36443592600192076,random_forest,test,0.36443592600192076
2017-09-09 23:00:00,1.71,2.0744359260019207,-0.36443592600192076,random_forest,test,0.36443592600192076
2017-09-09 23:00:00,1.71,2.130537719250866,-0.4205377192508659,random_forest,test,0.4205377192508659
2017-09-09 23:00:00,1.71,2.130537719250866,-0.4205377192508659,random_forest,test,0.4205377192508659
2017-09-09 23:00:00,1.71,2.130537719250866,-0.4205377192508659,random_forest,test,0.4205377192508659
2017-09-09 23:00:00,1.71,2.130537719250866,-0.4205377192508659,random_forest,test,0.4205377192508659
2017-09-09 23:00:00,1.71,2.130537719250866,-0.4205377192508659,random_forest,test,0.4205377192508659
2017-09-09 23:00:00,1.71,2.130537719250866,-0.4205377192508659,random_forest,test,0.4205377192508659
2017-09-09 23:00:00,1.71,2.130537719250866,-0.4205377192508659,random_forest,test,0.4205377192508659
2017-09-09 23:00:00,1.71,2.0744359260019207,-0.36443592600192076,random_forest,test,0.36443592600192076
2017-09-09 23:00:00,1.71,2.0744359260019207,-0.36443592600192076,random_forest,test,0.36443592600192076
2017-09-09 23:00:00,1.71,2.0744359260019207,-0.36443592600192076,random_forest,test,0.36443592600192076
2017-09-09 23:00:00,1.71,2.130537719250866,-0.4205377192508659,random_forest,test,0.4205377192508659
2017-09-09 23:00:00,1.71,2.040342208551067,-0.330342208551067,random_forest,test,0.330342208551067
2017-09-09 23:00:00,1.71,2.130537719250866,-0.4205377192508659,random_forest,test,0.4205377192508659
2017-09-09 23:00:00,1.71,2.130537719250866,-0.4205377192508659,random_forest,test,0.4205377192508659
2017-09-09 23:00:00,1.71,2.130537719250866,-0.4205377192508659,random_forest,test,0.4205377192508659
2017-09-09 23:00:00,1.71,2.130537719250866,-0.4205377192508659,random_forest,test,0.4205377192508659
2017-09-09 23:00:00,1.71,2.130537719250866,-0.4205377192508659,random_forest,test,0.4205377192508659
2017-09-09 23:00:00,1.71,2.130537719250866,-0.4205377192508659,random_forest,test,0.4205377192508659
2017-09-09 23:00:00,1.71,2.130537719250866,-0.4205377192508659,random_forest,test,0.4205377192508659
2017-09-09 23:00:00,1.71,2.130537719250866,-0.4205377192508659,random_forest,test,0.4205377192508659
2017-09-09 23:00:00,1.71,2.040342208551067,-0.330342208551067,random_forest,test,0.330342208551067
2017-09-09 23:00:00,1.71,2.130537719250866,-0.4205377192508659,random_forest,test,0.4205377192508659
2017-09-09 23:00:00,1.71,2.130537719250866,-0.4205377192508659,random_forest,test,0.4205377192508659
2017-09-09 23:00:00,1.71,2.130537719250866,-0.4205377192508659,random_forest,test,0.4205377192508659
2017-09-09 23:00:00,1.71,2.0713253582529174,-0.36132535825291745,random_forest,test,0.36132535825291745
2017-09-09 23:00:00,1.71,2.040342208551067,-0.330342208551067,random_forest,test,0.330342208551067
2017-09-09 23:00:00,1.71,2.0744359260019207,-0.36443592600192076,random_forest,test,0.36443592600192076
2017-09-09 23:00:00,1.71,2.0744359260019207,-0.36443592600192076,random_forest,test,0.36443592600192076
2017-09-09 23:00:00,1.71,1.984240415302122,-0.27424041530212206,random_forest,test,0.27424041530212206
2017-09-09 23:00:00,1.71,2.3620000000000005,-0.6520000000000006,random_forest,test,0.6520000000000006
2017-09-09 23:00:00,1.71,2.309,-0.5990000000000002,random_forest,test,0.5990000000000002
2017-09-09 23:00:00,1.71,2.309,-0.5990000000000002,random_forest,test,0.5990000000000002
2017-09-09 23:00:00,1.71,2.476,-0.766,random_forest,test,0.766
2017-09-09 23:00:00,1.71,2.130537719250866,-0.4205377192508659,random_forest,test,0.4205377192508659
2017-09-09 23:00:00,1.71,2.130537719250866,-0.4205377192508659,random_forest,test,0.4205377192508659
2017-09-09 23:00:00,1.71,2.130537719250866,-0.4205377192508659,random_forest,test,0.4205377192508659
2017-09-09 23:00:00,1.71,2.130537719250866,-0.4205377192508659,random_forest,test,0.4205377192508659
2017-09-09 23:00:00,1.71,2.130537719250866,-0.4205377192508659,random_forest,test,0.4205377192508659
2017-09-09 23:00:00,1.71,1.9482404153021213,-0.23824041530212137,random_forest,test,0.23824041530212137
2017-09-09 23:00:00,1.71,2.3000000000000003,-0.5900000000000003,random_forest,test,0.5900000000000003
2017-09-09 23:00:00,1.71,2.0713253582529174,-0.36132535825291745,random_forest,test,0.36132535825291745
2017-09-09 23:00:00,1.71,2.0713253582529174,-0.36132535825291745,random_forest,test,0.36132535825291745
2017-09-09 23:00:00,1.71,2.1073253582529174,-0.3973253582529175,random_forest,test,0.3973253582529175
2017-09-09 23:00:00,1.71,2.1073253582529174,-0.3973253582529175,random_forest,test,0.3973253582529175
2017-09-09 23:00:00,1.71,2.0744359260019207,-0.36443592600192076,random_forest,test,0.36443592600192076
2017-09-09 23:00:00,1.71,2.0744359260019207,-0.36443592600192076,random_forest,test,0.36443592600192076
2017-09-09 23:00:00,1.71,2.0744359260019207,-0.36443592600192076,random_forest,test,0.36443592600192076
2017-09-09 23:00:00,1.71,2.130537719250866,-0.4205377192508659,random_forest,test,0.4205377192508659
2017-09-09 23:00:00,1.71,2.130537719250866,-0.4205377192508659,random_forest,test,0.4205377192508659
2017-09-09 23:00:00,1.71,2.0744359260019207,-0.36443592600192076,random_forest,test,0.36443592600192076
2017-09-09 23:00:00,1.71,2.0744359260019207,-0.36443592600192076,random_forest,test,0.36443592600192076
2017-09-09 23:00:00,1.71,2.0744359260019207,-0.36443592600192076,random_forest,test,0.36443592600192076
2017-09-09 23:00:00,1.71,2.130537719250866,-0.4205377192508659,random_forest,test,0.4205377192508659
2017-09-09 23:00:00,1.71,2.0744359260019207,-0.36443592600192076,random_forest,test,0.36443592600192076
2017-09-09 23:00:00,1.71,2.0744359260019207,-0.36443592600192076,random_forest,test,0.36443592600192076
2017-09-09 23:00:00,1.71,2.0744359260019207,-0.36443592600192076,random_forest,test,0.36443592600192076
2017-09-09 23:00:00,1.71,2.130537719250866,-0.4205377192508659,random_forest,test,0.4205377192508659
2017-09-09 23:00:00,1.71,2.004342208551067,-0.29434220855106696,random_forest,test,0.29434220855106696
2017-09-09 23:00:00,1.71,2.130537719250866,-0.4205377192508659,random_forest,test,0.4205377192508659
2017-09-09 23:00:00,1.71,2.130537719250866,-0.4205377192508659,random_forest,test,0.4205377192508659
2017-09-09 23:00:00,1.71,2.040342208551067,-0.330342208551067,random_forest,test,0.330342208551067
2017-09-09 23:00:00,1.71,2.130537719250866,-0.4205377192508659,random_forest,test,0.4205377192508659
2017-09-09 23:00:00,1.71,2.0744359260019207,-0.36443592600192076,random_forest,test,0.36443592600192076
2017-09-09 23:00:00,1.71,2.130537719250866,-0.4205377192508659,random_forest,test,0.4205377192508659
2017-09-09 23:00:00,1.71,2.0744359260019207,-0.36443592600192076,random_forest,test,0.36443592600192076
2017-09-09 23:00:00,1.71,2.130537719250866,-0.4205377192508659,random_forest,test,0.4205377192508659
2017-09-09 23:00:00,1.71,2.0744359260019207,-0.36443592600192076,random_forest,test,0.36443592600192076
2017-09-09 23:00:00,1.71,2.0744359260019207,-0.36443592600192076,random_forest,test,0.36443592600192076
2017-09-09 23:00:00,1.71,2.0744359260019207,-0.36443592600192076,random_forest,test,0.36443592600192076
2017-09-09 23:00:00,1.71,2.0744359260019207,-0.36443592600192076,random_forest,test,0.36443592600192076
2017-09-09 23:00:00,1.71,2.0744359260019207,-0.36443592600192076,random_forest,test,0.36443592600192076
2017-09-09 23:00:00,1.71,2.0744359260019207,-0.36443592600192076,random_forest,test,0.36443592600192076
2017-09-09 23:00:00,1.71,2.130537719250866,-0.4205377192508659,random_forest,test,0.4205377192508659
2017-09-09 23:00:00,1.71,2.0744359260019207,-0.36443592600192076,random_forest,test,0.36443592600192076
2017-09-09 23:00:00,1.71,1.9482404153021213,-0.23824041530212137,random_forest,test,0.23824041530212137
2017-09-09 23:00:00,1.71,2.0713253582529174,-0.36132535825291745,random_forest,test,0.36132535825291745
2017-09-09 23:00:00,1.71,2.0744359260019207,-0.36443592600192076,random_forest,test,0.36443592600192076
2017-09-09 23:00:00,1.71,2.0744359260019207,-0.36443592600192076,random_forest,test,0.36443592600192076
2017-09-09 23:00:00,1.71,2.0744359260019207,-0.36443592600192076,random_forest,test,0.36443592600192076
2017-09-09 23:00:00,1.71,1.984240415302122,-0.27424041530212206,random_forest,test,0.27424041530212206
2017-09-09 23:00:00,1.71,2.130537719250866,-0.4205377192508659,random_forest,test,0.4205377192508659
2017-09-09 23:00:00,1.71,2.0744359260019207,-0.36443592600192076,random_forest,test,0.36443592600192076
2017-09-09 23:00:00,1.71,2.0744359260019207,-0.36443592600192076,random_forest,test,0.36443592600192076
2017-09-09 23:00:00,1.71,2.0744359260019207,-0.36443592600192076,random_forest,test,0.36443592600192076
2017-09-09 23:00:00,1.71,2.0744359260019207,-0.36443592600192076,random_forest,test,0.36443592600192076
2017-09-09 23:00:00,1.71,2.0744359260019207,-0.36443592600192076,random_forest,test,0.36443592600192076
2017-09-09 23:00:00,1.71,2.0744359260019207,-0.36443592600192076,random_forest,test,0.36443592600192076
2017-09-09 23:00:00,1.71,2.130537719250866,-0.4205377192508659,random_forest,test,0.4205377192508659
2017-09-09 23:00:00,1.71,2.130537719250866,-0.4205377192508659,random_forest,test,0.4205377192508659
2017-09-09 23:00:00,1.71,2.130537719250866,-0.4205377192508659,random_forest,test,0.4205377192508659
2017-09-09 23:00:00,1.71,2.0744359260019207,-0.36443592600192076,random_forest,test,0.36443592600192076
2017-09-09 23:00:00,1.71,2.0744359260019207,-0.36443592600192076,random_forest,test,0.36443592600192076
2017-09-09 23:00:00,1.71,2.0744359260019207,-0.36443592600192076,random_forest,test,0.36443592600192076
2017-09-09 23:00:00,1.71,2.0744359260019207,-0.36443592600192076,random_forest,test,0.36443592600192076
2017-09-09 23:00:00,1.71,2.0744359260019207,-0.36443592600192076,random_forest,test,0.36443592600192076
2017-09-09 23:00:00,1.71,2.0744359260019207,-0.36443592600192076,random_forest,test,0.36443592600192076
2017-09-09 23:00:00,1.71,2.0744359260019207,-0.36443592600192076,random_forest,test,0.36443592600192076
2017-09-09 23:00:00,1.71,1.8183253582529173,-0.10832535825291734,random_forest,test,0.10832535825291734
2017-09-09 23:00:00,1.71,1.8183253582529173,-0.10832535825291734,random_forest,test,0.10832535825291734
2017-09-09 23:00:00,1.71,2.0744359260019207,-0.36443592600192076,random_forest,test,0.36443592600192076
2017-09-09 23:00:00,1.71,2.0744359260019207,-0.36443592600192076,random_forest,test,0.36443592600192076
2017-09-09 23:00:00,1.71,2.0744359260019207,-0.36443592600192076,random_forest,test,0.36443592600192076
2017-09-09 23:00:00,1.71,2.0744359260019207,-0.36443592600192076,random_forest,test,0.36443592600192076
2017-09-09 23:00:00,1.71,2.0744359260019207,-0.36443592600192076,random_forest,test,0.36443592600192076
2017-09-09 23:00:00,1.71,2.0744359260019207,-0.36443592600192076,random_forest,test,0.36443592600192076
2017-09-09 23:00:00,1.71,2.130537719250866,-0.4205377192508659,random_forest,test,0.4205377192508659
2017-09-09 23:00:00,1.71,2.130537719250866,-0.4205377192508659,random_forest,test,0.4205377192508659
2017-09-09 23:00:00,1.71,2.130537719250866,-0.4205377192508659,random_forest,test,0.4205377192508659
2017-09-09 23:00:00,1.71,2.2002460525841996,-0.4902460525841996,random_forest,test,0.4902460525841996
2017-09-09 23:00:00,1.71,2.2002460525841996,-0.4902460525841996,random_forest,test,0.4902460525841996
2017-09-09 23:00:00,1.71,2.2002460525841996,-0.4902460525841996,random_forest,test,0.4902460525841996
2017-09-09 23:00:00,1.71,2.2002460525841996,-0.4902460525841996,random_forest,test,0.4902460525841996
2017-09-09 23:00:00,1.71,2.2002460525841996,-0.4902460525841996,random_forest,test,0.4902460525841996
2017-09-09 23:00:00,1.71,2.130537719250866,-0.4205377192508659,random_forest,test,0.4205377192508659
2017-09-09 23:00:00,1.71,2.130537719250866,-0.4205377192508659,random_forest,test,0.4205377192508659
2017-09-09 23:00:00,1.71,2.040342208551067,-0.330342208551067,random_forest,test,0.330342208551067
2017-09-09 23:00:00,1.71,1.854325358252917,-0.14432535825291715,random_forest,test,0.14432535825291715
2017-09-09 23:00:00,1.71,2.130537719250866,-0.4205377192508659,random_forest,test,0.4205377192508659
2017-09-09 23:00:00,1.71,2.130537719250866,-0.4205377192508659,random_forest,test,0.4205377192508659
2017-09-09 23:00:00,1.71,2.2002460525841996,-0.4902460525841996,random_forest,test,0.4902460525841996
2017-09-09 23:00:00,1.71,1.854325358252917,-0.14432535825291715,random_forest,test,0.14432535825291715
2017-09-09 23:00:00,1.71,1.854325358252917,-0.14432535825291715,random_forest,test,0.14432535825291715
2017-09-09 23:00:00,1.71,1.8183253582529173,-0.10832535825291734,random_forest,test,0.10832535825291734
2017-09-09 23:00:00,1.71,2.068009187913168,-0.35800918791316816,random_forest,test,0.35800918791316816
2017-09-09 23:00:00,1.71,2.130537719250866,-0.4205377192508659,random_forest,test,0.4205377192508659
2017-09-09 23:00:00,1.71,2.040342208551067,-0.330342208551067,random_forest,test,0.330342208551067
2017-09-09 23:00:00,1.71,2.130537719250866,-0.4205377192508659,random_forest,test,0.4205377192508659
2017-09-09 23:00:00,1.71,2.130537719250866,-0.4205377192508659,random_forest,test,0.4205377192508659
2017-09-09 23:00:00,1.71,2.0744359260019207,-0.36443592600192076,random_forest,test,0.36443592600192076
2017-09-09 23:00:00,1.71,1.8183253582529173,-0.10832535825291734,random_forest,test,0.10832535825291734
2017-09-09 23:00:00,1.71,2.011,-0.30100000000000016,random_forest,test,0.30100000000000016
2017-09-09 23:00:00,1.71,2.118,-0.4079999999999999,random_forest,test,0.4079999999999999
2017-09-09 23:00:00,1.71,1.854325358252917,-0.14432535825291715,random_forest,test,0.14432535825291715
2017-09-09 23:00:00,1.71,2.0744359260019207,-0.36443592600192076,random_forest,test,0.36443592600192076
2017-09-09 23:00:00,1.71,2.0744359260019207,-0.36443592600192076,random_forest,test,0.36443592600192076
2017-09-09 23:00:00,1.71,2.0744359260019207,-0.36443592600192076,random_forest,test,0.36443592600192076
2017-09-09 23:00:00,1.71,2.0744359260019207,-0.36443592600192076,random_forest,test,0.36443592600192076
2017-09-09 23:00:00,1.71,2.0744359260019207,-0.36443592600192076,random_forest,test,0.36443592600192076
2017-09-09 23:00:00,1.71,2.130537719250866,-0.4205377192508659,random_forest,test,0.4205377192508659
2017-09-09 23:00:00,1.71,2.130537719250866,-0.4205377192508659,random_forest,test,0.4205377192508659
2017-09-09 23:00:00,1.71,2.130537719250866,-0.4205377192508659,random_forest,test,0.4205377192508659
2017-09-09 23:00:00,1.71,2.0744359260019207,-0.36443592600192076,random_forest,test,0.36443592600192076
2017-09-09 23:00:00,1.71,2.130537719250866,-0.4205377192508659,random_forest,test,0.4205377192508659
2017-09-09 23:00:00,1.71,2.130537719250866,-0.4205377192508659,random_forest,test,0.4205377192508659
2017-09-09 23:00:00,1.71,2.130537719250866,-0.4205377192508659,random_forest,test,0.4205377192508659
2017-09-09 23:00:00,1.71,2.130537719250866,-0.4205377192508659,random_forest,test,0.4205377192508659
2017-09-09 23:00:00,1.71,2.130537719250866,-0.4205377192508659,random_forest,test,0.4205377192508659
2017-09-09 23:00:00,1.71,2.0744359260019207,-0.36443592600192076,random_forest,test,0.36443592600192076
2017-09-09 23:00:00,1.71,1.984240415302122,-0.27424041530212206,random_forest,test,0.27424041530212206
2017-09-09 23:00:00,1.71,2.0744359260019207,-0.36443592600192076,random_forest,test,0.36443592600192076
2017-09-09 23:00:00,1.71,1.984240415302122,-0.27424041530212206,random_forest,test,0.27424041530212206
2017-09-09 23:00:00,1.71,1.984240415302122,-0.27424041530212206,random_forest,test,0.27424041530212206
2017-09-09 23:00:00,1.71,2.0744359260019207,-0.36443592600192076,random_forest,test,0.36443592600192076
2017-09-09 23:00:00,1.71,2.0744359260019207,-0.36443592600192076,random_forest,test,0.36443592600192076
2017-09-09 23:00:00,1.71,2.0744359260019207,-0.36443592600192076,random_forest,test,0.36443592600192076
2017-09-09 23:00:00,1.71,2.0744359260019207,-0.36443592600192076,random_forest,test,0.36443592600192076
2017-09-09 23:00:00,1.71,2.130537719250866,-0.4205377192508659,random_forest,test,0.4205377192508659
2017-09-09 23:00:00,1.71,2.0744359260019207,-0.36443592600192076,random_forest,test,0.36443592600192076
2017-09-09 23:00:00,1.71,2.0744359260019207,-0.36443592600192076,random_forest,test,0.36443592600192076
2017-09-09 23:00:00,1.71,2.0744359260019207,-0.36443592600192076,random_forest,test,0.36443592600192076
2017-09-09 23:00:00,1.71,2.0744359260019207,-0.36443592600192076,random_forest,test,0.36443592600192076
2017-09-09 23:00:00,1.71,2.0744359260019207,-0.36443592600192076,random_forest,test,0.36443592600192076
2017-09-09 23:00:00,1.71,2.0744359260019207,-0.36443592600192076,random_forest,test,0.36443592600192076
2017-09-09 23:00:00,1.71,2.0744359260019207,-0.36443592600192076,random_forest,test,0.36443592600192076
2017-09-09 23:00:00,1.71,2.0744359260019207,-0.36443592600192076,random_forest,test,0.36443592600192076
2017-09-09 23:00:00,1.71,2.0744359260019207,-0.36443592600192076,random_forest,test,0.36443592600192076
2017-09-09 23:00:00,1.71,2.011907394664223,-0.301907394664223,random_forest,test,0.301907394664223
2017-09-09 23:00:00,1.71,1.9810000000000003,-0.27100000000000035,random_forest,test,0.27100000000000035
2017-09-09 23:00:00,1.71,2.312,-0.6019999999999999,random_forest,test,0.6019999999999999
2017-09-09 23:00:00,1.71,1.9445208689527171,-0.23452086895271718,random_forest,test,0.23452086895271718
2017-09-09 23:00:00,1.71,1.854325358252917,-0.14432535825291715,random_forest,test,0.14432535825291715
2017-09-09 23:00:00,1.71,1.984240415302122,-0.27424041530212206,random_forest,test,0.27424041530212206
