actual,pred,abs_error,is_threshold_miss,near_threshold_miss,large_margin_error
1.98,2.1392861954650275,0.15928619546502754,False,False,False
1.98,2.1392861954650275,0.15928619546502754,False,False,False
1.98,2.1392861954650275,0.15928619546502754,False,False,False
1.98,2.1392861954650275,0.15928619546502754,False,False,False
1.98,2.1392861954650275,0.15928619546502754,False,False,False
1.98,2.1392861954650275,0.15928619546502754,False,False,False
1.98,2.1392861954650275,0.15928619546502754,False,False,False
1.98,2.1392861954650275,0.15928619546502754,False,False,False
1.98,2.120009424344737,0.14000942434473718,False,False,False
1.98,2.099489859680672,0.11948985968067216,False,False,False
1.98,2.258759067416548,0.2787590674165479,False,False,False
1.98,2.4292966496040327,0.4492966496040327,False,False,False
1.98,2.4292966496040327,0.4492966496040327,False,False,False
1.98,2.422900755220002,0.44290075522000194,False,False,False
1.98,2.422900755220002,0.44290075522000194,False,False,False
1.98,2.0935091528424303,0.11350915284243035,False,False,False
1.98,2.102546313929888,0.12254631392988813,False,False,False
1.98,2.0819806623796215,0.10198066237962156,False,False,False
1.98,2.0866447815415707,0.10664478154157075,False,False,False
1.98,2.0866447815415707,0.10664478154157075,False,False,False
1.98,2.0866447815415707,0.10664478154157075,False,False,False
1.98,2.0866447815415707,0.10664478154157075,False,False,False
1.98,2.0866447815415707,0.10664478154157075,False,False,False
1.98,2.0866447815415707,0.10664478154157075,False,False,False
1.98,2.0866447815415707,0.10664478154157075,False,False,False
1.98,2.0866447815415707,0.10664478154157075,False,False,False
1.98,2.0866447815415707,0.10664478154157075,False,False,False
1.98,2.0866447815415707,0.10664478154157075,False,False,False
1.98,2.0866447815415707,0.10664478154157075,False,False,False
1.98,2.0866447815415707,0.10664478154157075,False,False,False
1.98,2.25370748649762,0.2737074864976199,False,False,False
1.98,2.093212416773104,0.1132124167731039,False,False,False
1.98,2.241517394728891,0.2615173947288909,False,False,False
1.98,2.2798315522729564,0.29983155227295644,False,False,False
1.98,2.4117204182685033,0.43172041826850327,False,False,False
1.98,2.429224203823913,0.4492242038239129,False,False,False
1.98,2.3043301507765004,0.3243301507765004,False,False,False
1.98,2.410079912909488,0.4300799129094881,False,False,False
1.98,2.4037198591746813,0.42371985917468136,False,False,False
1.98,2.410079912909488,0.4300799129094881,False,False,False
1.98,2.410079912909488,0.4300799129094881,False,False,False
1.98,2.410079912909488,0.4300799129094881,False,False,False
1.98,2.410079912909488,0.4300799129094881,False,False,False
1.98,2.410079912909488,0.4300799129094881,False,False,False
1.98,2.410079912909488,0.4300799129094881,False,False,False
1.98,2.410079912909488,0.4300799129094881,False,False,False
1.98,2.410079912909488,0.4300799129094881,False,False,False
1.98,2.410079912909488,0.4300799129094881,False,False,False
1.98,2.410079912909488,0.4300799129094881,False,False,False
1.98,2.419674782815248,0.43967478281524786,False,False,False
1.98,2.4244823368567303,0.44448233685673033,False,False,False
1.98,2.4244823368567303,0.44448233685673033,False,False,False
1.98,2.4244823368567303,0.44448233685673033,False,False,False
1.98,2.4244823368567303,0.44448233685673033,False,False,False
1.98,2.0998322321361913,0.11983223213619132,False,False,False
1.98,2.161009147186973,0.1810091471869728,False,False,False
1.98,2.0935091528424303,0.11350915284243035,False,False,False
1.98,2.0749818707168197,0.09498187071681974,False,False,False
1.98,2.0730161303971357,0.09301613039713574,False,False,False
1.98,2.0615640106842235,0.08156401068422348,False,False,False
1.98,2.0615640106842235,0.08156401068422348,False,False,False
1.98,2.0615640106842235,0.08156401068422348,False,False,False
1.98,2.0615640106842235,0.08156401068422348,False,False,False
1.98,2.0615640106842235,0.08156401068422348,False,False,False
1.98,2.0615640106842235,0.08156401068422348,False,False,False
1.98,2.0615640106842235,0.08156401068422348,False,False,False
1.98,2.0615640106842235,0.08156401068422348,False,False,False
1.98,2.0615640106842235,0.08156401068422348,False,False,False
1.98,2.0615640106842235,0.08156401068422348,False,False,False
1.98,2.0615640106842235,0.08156401068422348,False,False,False
1.98,2.0615640106842235,0.08156401068422348,False,False,False
1.98,2.078798932881178,0.09879893288117803,False,False,False
1.98,2.0807871703232035,0.1007871703232035,False,False,False
1.98,2.078798932881178,0.09879893288117803,False,False,False
1.98,2.078798932881178,0.09879893288117803,False,False,False
1.98,2.0856277836247603,0.10562778362476033,False,False,False
1.98,2.0749818707168197,0.09498187071681974,False,False,False
1.98,2.0615640106842235,0.08156401068422348,False,False,False
1.98,2.0615640106842235,0.08156401068422348,False,False,False
1.98,2.0615640106842235,0.08156401068422348,False,False,False
1.98,2.0615640106842235,0.08156401068422348,False,False,False
1.98,2.073176029727625,0.09317602972762495,False,False,False
1.98,2.0866447815415707,0.10664478154157075,False,False,False
1.98,2.0866447815415707,0.10664478154157075,False,False,False
1.98,2.0866447815415707,0.10664478154157075,False,False,False
1.98,2.0866447815415707,0.10664478154157075,False,False,False
1.98,2.0866447815415707,0.10664478154157075,False,False,False
1.98,2.0866447815415707,0.10664478154157075,False,False,False
1.98,2.0866447815415707,0.10664478154157075,False,False,False
1.98,2.0866447815415707,0.10664478154157075,False,False,False
1.98,2.0866447815415707,0.10664478154157075,False,False,False
1.98,2.0866447815415707,0.10664478154157075,False,False,False
1.98,2.0866447815415707,0.10664478154157075,False,False,False
1.98,2.0866447815415707,0.10664478154157075,False,False,False
1.98,2.0866447815415707,0.10664478154157075,False,False,False
1.98,2.0615640106842235,0.08156401068422348,False,False,False
1.98,2.0615640106842235,0.08156401068422348,False,False,False
1.98,2.0615640106842235,0.08156401068422348,False,False,False
1.98,2.0615640106842235,0.08156401068422348,False,False,False
1.98,2.073176029727625,0.09317602972762495,False,False,False
2.15,2.1319851374481082,0.018014862551891664,False,False,False
2.15,2.1392861954650275,0.010713804534972393,False,False,False
2.15,2.1392861954650275,0.010713804534972393,False,False,False
2.15,2.1392861954650275,0.010713804534972393,False,False,False
2.15,2.1392861954650275,0.010713804534972393,False,False,False
2.15,2.1392861954650275,0.010713804534972393,False,False,False
2.15,2.1392861954650275,0.010713804534972393,False,False,False
2.15,2.1392861954650275,0.010713804534972393,False,False,False
2.15,2.1392861954650275,0.010713804534972393,False,False,False
2.15,2.1392861954650275,0.010713804534972393,False,False,False
2.15,2.1392861954650275,0.010713804534972393,False,False,False
2.15,2.1392861954650275,0.010713804534972393,False,False,False
2.15,2.1392861954650275,0.010713804534972393,False,False,False
2.15,2.1392861954650275,0.010713804534972393,False,False,False
2.15,2.1392861954650275,0.010713804534972393,False,False,False
2.15,2.1392861954650275,0.010713804534972393,False,False,False
2.15,2.1392861954650275,0.010713804534972393,False,False,False
2.15,2.1392861954650275,0.010713804534972393,False,False,False
2.15,2.1392861954650275,0.010713804534972393,False,False,False
2.15,2.1392861954650275,0.010713804534972393,False,False,False
2.15,2.1392861954650275,0.010713804534972393,False,False,False
2.15,2.1392861954650275,0.010713804534972393,False,False,False
2.15,2.1392861954650275,0.010713804534972393,False,False,False
2.15,2.1392861954650275,0.010713804534972393,False,False,False
2.15,2.146004613790642,0.003995386209358021,False,False,False
2.15,2.134280490022424,0.015719509977575985,False,False,False
2.15,2.409552214588894,0.259552214588894,False,False,False
2.15,2.4244823368567303,0.2744823368567304,False,False,False
2.15,2.4256854480555177,0.27568544805551776,False,False,False
2.15,2.1401594550344303,0.009840544965569631,False,False,False
2.15,2.1392861954650275,0.010713804534972393,False,False,False
2.15,2.1392861954650275,0.010713804534972393,False,False,False
2.15,2.1381836685590305,0.011816331440969385,False,False,False
2.15,2.1392861954650275,0.010713804534972393,False,False,False
2.15,2.1392861954650275,0.010713804534972393,False,False,False
2.15,2.1392861954650275,0.010713804534972393,False,False,False
2.15,2.1392861954650275,0.010713804534972393,False,False,False
2.15,2.1392861954650275,0.010713804534972393,False,False,False
2.15,2.1392861954650275,0.010713804534972393,False,False,False
2.15,2.1392861954650275,0.010713804534972393,False,False,False
2.15,2.1392861954650275,0.010713804534972393,False,False,False
2.15,2.1392861954650275,0.010713804534972393,False,False,False
2.15,2.1392861954650275,0.010713804534972393,False,False,False
2.15,2.1392861954650275,0.010713804534972393,False,False,False
2.15,2.134280490022424,0.015719509977575985,False,False,False
2.15,2.1392861954650275,0.010713804534972393,False,False,False
2.15,2.1392861954650275,0.010713804534972393,False,False,False
2.15,2.1392861954650275,0.010713804534972393,False,False,False
2.15,2.1392861954650275,0.010713804534972393,False,False,False
2.15,2.1392861954650275,0.010713804534972393,False,False,False
2.15,2.1392861954650275,0.010713804534972393,False,False,False
2.15,2.1392861954650275,0.010713804534972393,False,False,False
2.15,2.1392861954650275,0.010713804534972393,False,False,False
2.15,2.1392861954650275,0.010713804534972393,False,False,False
2.15,2.1392861954650275,0.010713804534972393,False,False,False
2.15,2.1392861954650275,0.010713804534972393,False,False,False
2.15,2.1392861954650275,0.010713804534972393,False,False,False
2.15,2.1392861954650275,0.010713804534972393,False,False,False
2.15,2.1392861954650275,0.010713804534972393,False,False,False
2.15,2.1392861954650275,0.010713804534972393,False,False,False
2.15,2.1392861954650275,0.010713804534972393,False,False,False
2.15,2.1392861954650275,0.010713804534972393,False,False,False
2.15,2.1392861954650275,0.010713804534972393,False,False,False
2.15,2.1392861954650275,0.010713804534972393,False,False,False
2.15,2.1392861954650275,0.010713804534972393,False,False,False
2.15,2.1392861954650275,0.010713804534972393,False,False,False
2.15,2.1392861954650275,0.010713804534972393,False,False,False
2.15,2.1392861954650275,0.010713804534972393,False,False,False
2.15,2.1392861954650275,0.010713804534972393,False,False,False
2.15,2.1392861954650275,0.010713804534972393,False,False,False
2.15,2.1392861954650275,0.010713804534972393,False,False,False
2.15,2.1392861954650275,0.010713804534972393,False,False,False
2.15,2.1392861954650275,0.010713804534972393,False,False,False
2.15,2.1392861954650275,0.010713804534972393,False,False,False
2.15,2.1392861954650275,0.010713804534972393,False,False,False
2.15,2.1319851374481082,0.018014862551891664,False,False,False
2.15,2.1319851374481082,0.018014862551891664,False,False,False
2.15,2.1392861954650275,0.010713804534972393,False,False,False
2.15,2.1392861954650275,0.010713804534972393,False,False,False
2.15,2.1392861954650275,0.010713804534972393,False,False,False
2.15,2.1392861954650275,0.010713804534972393,False,False,False
2.15,2.1392861954650275,0.010713804534972393,False,False,False
2.15,2.1392861954650275,0.010713804534972393,False,False,False
2.15,2.1392861954650275,0.010713804534972393,False,False,False
2.15,2.1392861954650275,0.010713804534972393,False,False,False
2.15,2.1392861954650275,0.010713804534972393,False,False,False
2.15,2.1392861954650275,0.010713804534972393,False,False,False
2.15,2.1392861954650275,0.010713804534972393,False,False,False
2.15,2.1392861954650275,0.010713804534972393,False,False,False
2.15,2.134280490022424,0.015719509977575985,False,False,False
2.15,2.1392861954650275,0.010713804534972393,False,False,False
2.15,2.1381836685590305,0.011816331440969385,False,False,False
2.15,2.1381836685590305,0.011816331440969385,False,False,False
2.15,2.4219206258802934,0.27192062588029353,False,False,False
2.15,2.4292966496040327,0.2792966496040328,False,False,False
2.15,2.111668712142168,0.03833128785783213,False,False,False
2.15,2.1175556984314126,0.03244430156858735,False,False,False
2.15,2.1233023853327886,0.026697614667211322,False,False,False
2.15,2.4292966496040327,0.2792966496040328,False,False,False
2.15,2.4292966496040327,0.2792966496040328,False,False,False
2.15,2.415053618623836,0.26505361862383614,False,False,False
2.15,2.413854241356037,0.2638542413560372,False,False,False
2.15,2.4143455378052594,0.2643455378052595,False,False,False
2.15,2.4292966496040327,0.2792966496040328,False,False,False
2.15,2.1392861954650275,0.010713804534972393,False,False,False
2.15,2.1381836685590305,0.011816331440969385,False,False,False
2.15,2.1392861954650275,0.010713804534972393,False,False,False
2.15,2.4292966496040327,0.2792966496040328,False,False,False
2.15,2.4292966496040327,0.2792966496040328,False,False,False
2.15,2.430501452198194,0.2805014521981941,False,False,False
2.15,2.4143455378052594,0.2643455378052595,False,False,False
2.15,2.1319851374481082,0.018014862551891664,False,False,False
2.15,2.1315344703553936,0.01846552964460635,False,False,False
2.15,2.1315344703553936,0.01846552964460635,False,False,False
2.15,2.1315344703553936,0.01846552964460635,False,False,False
2.15,2.1392861954650275,0.010713804534972393,False,False,False
2.15,2.1392861954650275,0.010713804534972393,False,False,False
2.15,2.1392861954650275,0.010713804534972393,False,False,False
2.15,2.1392861954650275,0.010713804534972393,False,False,False
2.15,2.1392861954650275,0.010713804534972393,False,False,False
2.15,2.1392861954650275,0.010713804534972393,False,False,False
2.15,2.1392861954650275,0.010713804534972393,False,False,False
2.15,2.1319851374481082,0.018014862551891664,False,False,False
2.15,2.1319851374481082,0.018014862551891664,False,False,False
2.15,2.1319851374481082,0.018014862551891664,False,False,False
2.15,2.1319851374481082,0.018014862551891664,False,False,False
2.15,2.1319851374481082,0.018014862551891664,False,False,False
2.15,2.1319851374481082,0.018014862551891664,False,False,False
2.15,2.1319851374481082,0.018014862551891664,False,False,False
2.15,2.1319851374481082,0.018014862551891664,False,False,False
2.15,2.1315344703553936,0.01846552964460635,False,False,False
2.15,2.1315344703553936,0.01846552964460635,False,False,False
2.15,2.1315344703553936,0.01846552964460635,False,False,False
2.15,2.1315344703553936,0.01846552964460635,False,False,False
2.15,2.1390566214370037,0.010943378562996209,False,False,False
2.15,2.1392861954650275,0.010713804534972393,False,False,False
2.15,2.1315344703553936,0.01846552964460635,False,False,False
2.15,2.1392861954650275,0.010713804534972393,False,False,False
2.15,2.1392861954650275,0.010713804534972393,False,False,False
2.15,2.1392861954650275,0.010713804534972393,False,False,False
2.15,2.1392861954650275,0.010713804534972393,False,False,False
2.15,2.1392861954650275,0.010713804534972393,False,False,False
2.15,2.1392861954650275,0.010713804534972393,False,False,False
2.15,2.1381836685590305,0.011816331440969385,False,False,False
2.15,2.1392861954650275,0.010713804534972393,False,False,False
2.15,2.1392861954650275,0.010713804534972393,False,False,False
2.15,2.1392861954650275,0.010713804534972393,False,False,False
2.15,2.1381836685590305,0.011816331440969385,False,False,False
2.15,2.409552214588894,0.259552214588894,False,False,False
2.15,2.4244823368567303,0.2744823368567304,False,False,False
2.15,2.4244823368567303,0.2744823368567304,False,False,False
2.15,2.4244823368567303,0.2744823368567304,False,False,False
2.15,2.4244823368567303,0.2744823368567304,False,False,False
2.15,2.4256854480555177,0.27568544805551776,False,False,False
2.15,2.1392861954650275,0.010713804534972393,False,False,False
2.15,2.1381836685590305,0.011816331440969385,False,False,False
2.15,2.1392861954650275,0.010713804534972393,False,False,False
2.15,2.1392861954650275,0.010713804534972393,False,False,False
2.15,2.1381836685590305,0.011816331440969385,False,False,False
2.15,2.1392861954650275,0.010713804534972393,False,False,False
2.15,2.1392861954650275,0.010713804534972393,False,False,False
2.15,2.1392861954650275,0.010713804534972393,False,False,False
2.15,2.1392861954650275,0.010713804534972393,False,False,False
2.15,2.1381836685590305,0.011816331440969385,False,False,False
2.15,2.1390566214370037,0.010943378562996209,False,False,False
2.15,2.4292966496040327,0.2792966496040328,False,False,False
2.15,2.1392861954650275,0.010713804534972393,False,False,False
2.15,2.1392861954650275,0.010713804534972393,False,False,False
2.15,2.1392861954650275,0.010713804534972393,False,False,False
2.15,2.1392861954650275,0.010713804534972393,False,False,False
2.15,2.1392861954650275,0.010713804534972393,False,False,False
2.15,2.1392861954650275,0.010713804534972393,False,False,False
2.15,2.1392861954650275,0.010713804534972393,False,False,False
2.15,2.1392861954650275,0.010713804534972393,False,False,False
2.15,2.1392861954650275,0.010713804534972393,False,False,False
2.15,2.1392861954650275,0.010713804534972393,False,False,False
2.15,2.1392861954650275,0.010713804534972393,False,False,False
2.15,2.1392861954650275,0.010713804534972393,False,False,False
2.15,2.1392861954650275,0.010713804534972393,False,False,False
2.15,2.1392861954650275,0.010713804534972393,False,False,False
1.9,2.134280490022424,0.23428049002242401,False,False,False
1.9,2.2986475474821377,0.3986475474821378,False,False,False
1.9,2.310986504457278,0.410986504457278,False,False,False
1.9,2.1392861954650275,0.2392861954650276,False,False,False
1.9,2.146004613790642,0.24600461379064198,False,False,False
1.9,2.1392861954650275,0.2392861954650276,False,False,False
1.9,2.3088823188142635,0.4088823188142636,False,False,False
1.9,2.3038823844129657,0.40388238441296576,False,False,False
1.9,2.414801836897954,0.5148018368979539,False,False,False
1.9,2.410079912909488,0.5100799129094882,False,False,False
1.9,2.410079912909488,0.5100799129094882,False,False,False
1.9,2.414801836897954,0.5148018368979539,False,False,False
1.9,2.414801836897954,0.5148018368979539,False,False,False
1.9,2.323371616669388,0.42337161666938794,False,False,False
1.9,2.3088823188142635,0.4088823188142636,False,False,False
1.9,2.2309145424909627,0.33091454249096275,False,False,False
1.9,2.146004613790642,0.24600461379064198,False,False,False
1.9,2.1381836685590305,0.23818366855903061,False,False,False
1.9,2.1392861954650275,0.2392861954650276,False,False,False
1.9,2.146004613790642,0.24600461379064198,False,False,False
1.9,2.146004613790642,0.24600461379064198,False,False,False
1.9,2.323371616669388,0.42337161666938794,False,False,False
1.9,2.1392861954650275,0.2392861954650276,False,False,False
1.9,2.1392861954650275,0.2392861954650276,False,False,False
1.9,2.146004613790642,0.24600461379064198,False,False,False
1.9,2.1381836685590305,0.23818366855903061,False,False,False
1.9,2.410079912909488,0.5100799129094882,False,False,False
1.9,2.396405410559617,0.4964054105596172,False,False,False
1.9,2.3061483688622313,0.4061483688622314,False,False,False
1.9,2.3196806883031735,0.4196806883031736,False,False,False
1.9,2.410079912909488,0.5100799129094882,False,False,False
1.9,2.410079912909488,0.5100799129094882,False,False,False
1.9,2.410079912909488,0.5100799129094882,False,False,False
1.9,2.3952125825994814,0.49521258259948153,False,False,False
1.9,2.1392861954650275,0.2392861954650276,False,False,False
1.9,2.1392861954650275,0.2392861954650276,False,False,False
1.9,2.1392861954650275,0.2392861954650276,False,False,False
1.9,2.1392861954650275,0.2392861954650276,False,False,False
1.9,2.1392861954650275,0.2392861954650276,False,False,False
1.9,2.1381836685590305,0.23818366855903061,False,False,False
1.9,2.410079912909488,0.5100799129094882,False,False,False
1.9,2.4112779641558983,0.5112779641558984,False,False,False
1.9,2.323371616669388,0.42337161666938794,False,False,False
1.9,2.1468797422317323,0.24687974223173237,False,False,False
1.9,2.1392861954650275,0.2392861954650276,False,False,False
1.9,2.410079912909488,0.5100799129094882,False,False,False
1.9,2.410079912909488,0.5100799129094882,False,False,False
1.9,2.410079912909488,0.5100799129094882,False,False,False
1.9,2.4032349199040657,0.5032349199040658,False,False,False
1.9,2.3952125825994814,0.49521258259948153,False,False,False
1.9,2.3088823188142635,0.4088823188142636,False,False,False
1.9,2.1392861954650275,0.2392861954650276,False,False,False
1.9,2.1392861954650275,0.2392861954650276,False,False,False
1.9,2.1392861954650275,0.2392861954650276,False,False,False
1.9,2.1392861954650275,0.2392861954650276,False,False,False
1.9,2.1392861954650275,0.2392861954650276,False,False,False
1.9,2.1392861954650275,0.2392861954650276,False,False,False
1.9,2.1392861954650275,0.2392861954650276,False,False,False
1.9,2.1392861954650275,0.2392861954650276,False,False,False
1.9,2.1392861954650275,0.2392861954650276,False,False,False
1.9,2.1392861954650275,0.2392861954650276,False,False,False
1.9,2.1392861954650275,0.2392861954650276,False,False,False
1.9,2.1381836685590305,0.23818366855903061,False,False,False
1.9,2.1381836685590305,0.23818366855903061,False,False,False
1.9,2.1392861954650275,0.2392861954650276,False,False,False
1.9,2.1392861954650275,0.2392861954650276,False,False,False
1.9,2.1381836685590305,0.23818366855903061,False,False,False
1.9,2.1392861954650275,0.2392861954650276,False,False,False
1.9,2.3952125825994814,0.49521258259948153,False,False,False
1.9,2.3952125825994814,0.49521258259948153,False,False,False
1.9,2.410079912909488,0.5100799129094882,False,False,False
1.9,2.410079912909488,0.5100799129094882,False,False,False
1.9,2.410079912909488,0.5100799129094882,False,False,False
1.9,2.410079912909488,0.5100799129094882,False,False,False
1.9,2.410079912909488,0.5100799129094882,False,False,False
1.9,2.410079912909488,0.5100799129094882,False,False,False
1.9,2.410079912909488,0.5100799129094882,False,False,False
1.9,2.410079912909488,0.5100799129094882,False,False,False
1.9,2.410079912909488,0.5100799129094882,False,False,False
1.9,2.410079912909488,0.5100799129094882,False,False,False
1.9,2.410079912909488,0.5100799129094882,False,False,False
1.9,2.3952125825994814,0.49521258259948153,False,False,False
1.9,2.3952125825994814,0.49521258259948153,False,False,False
1.9,2.410079912909488,0.5100799129094882,False,False,False
1.9,2.410079912909488,0.5100799129094882,False,False,False
1.9,2.410079912909488,0.5100799129094882,False,False,False
1.9,2.3952125825994814,0.49521258259948153,False,False,False
1.9,2.1401594550344303,0.24015945503443037,False,False,False
1.9,2.216887039945673,0.3168870399456729,False,False,False
1.9,2.3952125825994814,0.49521258259948153,False,False,False
1.9,2.414801836897954,0.5148018368979539,False,False,False
1.9,2.4011083995194835,0.5011083995194836,False,False,False
1.9,2.1392861954650275,0.2392861954650276,False,False,False
1.9,2.1392861954650275,0.2392861954650276,False,False,False
1.9,2.1392861954650275,0.2392861954650276,False,False,False
1.9,2.1392861954650275,0.2392861954650276,False,False,False
1.9,2.1392861954650275,0.2392861954650276,False,False,False
1.9,2.1392861954650275,0.2392861954650276,False,False,False
1.9,2.1392861954650275,0.2392861954650276,False,False,False
1.9,2.1392861954650275,0.2392861954650276,False,False,False
1.9,2.1392861954650275,0.2392861954650276,False,False,False
1.9,2.1392861954650275,0.2392861954650276,False,False,False
1.9,2.1392861954650275,0.2392861954650276,False,False,False
1.9,2.1392861954650275,0.2392861954650276,False,False,False
1.9,2.1392861954650275,0.2392861954650276,False,False,False
1.9,2.1392861954650275,0.2392861954650276,False,False,False
1.9,2.1392861954650275,0.2392861954650276,False,False,False
1.9,2.1392861954650275,0.2392861954650276,False,False,False
1.9,2.1392861954650275,0.2392861954650276,False,False,False
1.9,2.1392861954650275,0.2392861954650276,False,False,False
1.9,2.1392861954650275,0.2392861954650276,False,False,False
1.9,2.1392861954650275,0.2392861954650276,False,False,False
1.9,2.1392861954650275,0.2392861954650276,False,False,False
1.9,2.1392861954650275,0.2392861954650276,False,False,False
1.9,2.1392861954650275,0.2392861954650276,False,False,False
1.9,2.1392861954650275,0.2392861954650276,False,False,False
1.9,2.1392861954650275,0.2392861954650276,False,False,False
1.9,2.1392861954650275,0.2392861954650276,False,False,False
1.9,2.1392861954650275,0.2392861954650276,False,False,False
1.9,2.1392861954650275,0.2392861954650276,False,False,False
1.9,2.1392861954650275,0.2392861954650276,False,False,False
1.9,2.1392861954650275,0.2392861954650276,False,False,False
1.9,2.1392861954650275,0.2392861954650276,False,False,False
1.9,2.1392861954650275,0.2392861954650276,False,False,False
1.9,2.1392861954650275,0.2392861954650276,False,False,False
1.9,2.1392861954650275,0.2392861954650276,False,False,False
1.9,2.1392861954650275,0.2392861954650276,False,False,False
1.9,2.1392861954650275,0.2392861954650276,False,False,False
1.9,2.1392861954650275,0.2392861954650276,False,False,False
1.9,2.1392861954650275,0.2392861954650276,False,False,False
1.9,2.1392861954650275,0.2392861954650276,False,False,False
1.9,2.1392861954650275,0.2392861954650276,False,False,False
1.9,2.1392861954650275,0.2392861954650276,False,False,False
1.9,2.1392861954650275,0.2392861954650276,False,False,False
1.9,2.1392861954650275,0.2392861954650276,False,False,False
1.9,2.1392861954650275,0.2392861954650276,False,False,False
1.9,2.1392861954650275,0.2392861954650276,False,False,False
1.9,2.1392861954650275,0.2392861954650276,False,False,False
1.9,2.1392861954650275,0.2392861954650276,False,False,False
1.9,2.1392861954650275,0.2392861954650276,False,False,False
1.9,2.1392861954650275,0.2392861954650276,False,False,False
1.9,2.1392861954650275,0.2392861954650276,False,False,False
1.9,2.1392861954650275,0.2392861954650276,False,False,False
1.9,2.1392861954650275,0.2392861954650276,False,False,False
1.9,2.1392861954650275,0.2392861954650276,False,False,False
1.9,2.1392861954650275,0.2392861954650276,False,False,False
1.9,2.1392861954650275,0.2392861954650276,False,False,False
1.9,2.1392861954650275,0.2392861954650276,False,False,False
1.9,2.1392861954650275,0.2392861954650276,False,False,False
1.9,2.1392861954650275,0.2392861954650276,False,False,False
1.9,2.1392861954650275,0.2392861954650276,False,False,False
1.9,2.1392861954650275,0.2392861954650276,False,False,False
1.9,2.1392861954650275,0.2392861954650276,False,False,False
1.9,2.1392861954650275,0.2392861954650276,False,False,False
1.9,2.1392861954650275,0.2392861954650276,False,False,False
1.9,2.1392861954650275,0.2392861954650276,False,False,False
1.9,2.1392861954650275,0.2392861954650276,False,False,False
1.9,2.1392861954650275,0.2392861954650276,False,False,False
1.9,2.1392861954650275,0.2392861954650276,False,False,False
1.9,2.1392861954650275,0.2392861954650276,False,False,False
1.9,2.1392861954650275,0.2392861954650276,False,False,False
1.9,2.1392861954650275,0.2392861954650276,False,False,False
1.9,2.1392861954650275,0.2392861954650276,False,False,False
1.9,2.1392861954650275,0.2392861954650276,False,False,False
1.9,2.1392861954650275,0.2392861954650276,False,False,False
1.9,2.1392861954650275,0.2392861954650276,False,False,False
1.9,2.1392861954650275,0.2392861954650276,False,False,False
1.9,2.1392861954650275,0.2392861954650276,False,False,False
1.9,2.1392861954650275,0.2392861954650276,False,False,False
1.9,2.1392861954650275,0.2392861954650276,False,False,False
1.9,2.1392861954650275,0.2392861954650276,False,False,False
1.9,2.1392861954650275,0.2392861954650276,False,False,False
1.9,2.1392861954650275,0.2392861954650276,False,False,False
1.9,2.1392861954650275,0.2392861954650276,False,False,False
1.9,2.1392861954650275,0.2392861954650276,False,False,False
1.9,2.1392861954650275,0.2392861954650276,False,False,False
1.9,2.1392861954650275,0.2392861954650276,False,False,False
1.9,2.1392861954650275,0.2392861954650276,False,False,False
1.9,2.1392861954650275,0.2392861954650276,False,False,False
1.9,2.1392861954650275,0.2392861954650276,False,False,False
2.05,2.199213460725673,0.1492134607256732,False,False,False
2.05,2.1923814127852874,0.1423814127852876,False,False,False
2.05,2.199213460725673,0.1492134607256732,False,False,False
2.05,2.1912602386766995,0.14126023867669968,False,False,False
2.05,2.4677551049059794,0.41775510490597956,False,False,False
2.05,2.4677551049059794,0.41775510490597956,False,False,False
2.05,2.3669857148040636,0.3169857148040638,False,False,False
2.05,2.3669857148040636,0.3169857148040638,False,False,False
2.05,2.32764512492228,0.2776451249222802,False,False,False
2.05,2.199213460725673,0.1492134607256732,False,False,False
2.05,2.1923814127852874,0.1423814127852876,False,False,False
2.05,2.1923814127852874,0.1423814127852876,False,False,False
2.05,2.199213460725673,0.1492134607256732,False,False,False
2.05,2.199213460725673,0.1492134607256732,False,False,False
2.05,2.1923814127852874,0.1423814127852876,False,False,False
2.05,2.1923814127852874,0.1423814127852876,False,False,False
2.05,2.1923814127852874,0.1423814127852876,False,False,False
2.05,2.1923814127852874,0.1423814127852876,False,False,False
2.05,2.199213460725673,0.1492134607256732,False,False,False
2.05,2.1923814127852874,0.1423814127852876,False,False,False
2.05,2.1923814127852874,0.1423814127852876,False,False,False
2.05,2.1923814127852874,0.1423814127852876,False,False,False
2.05,2.1923814127852874,0.1423814127852876,False,False,False
2.05,2.1923814127852874,0.1423814127852876,False,False,False
2.05,2.1923814127852874,0.1423814127852876,False,False,False
2.05,2.1923814127852874,0.1423814127852876,False,False,False
2.05,2.1923814127852874,0.1423814127852876,False,False,False
2.05,2.1923814127852874,0.1423814127852876,False,False,False
2.05,2.1923814127852874,0.1423814127852876,False,False,False
2.05,2.1923814127852874,0.1423814127852876,False,False,False
2.05,2.1923814127852874,0.1423814127852876,False,False,False
2.05,2.1923814127852874,0.1423814127852876,False,False,False
2.05,2.1923814127852874,0.1423814127852876,False,False,False
2.05,2.1923814127852874,0.1423814127852876,False,False,False
2.05,2.1923814127852874,0.1423814127852876,False,False,False
2.05,2.1923814127852874,0.1423814127852876,False,False,False
2.05,2.1923814127852874,0.1423814127852876,False,False,False
2.05,2.1923814127852874,0.1423814127852876,False,False,False
2.05,2.1923814127852874,0.1423814127852876,False,False,False
2.05,2.1923814127852874,0.1423814127852876,False,False,False
2.05,2.1923814127852874,0.1423814127852876,False,False,False
2.05,2.1923814127852874,0.1423814127852876,False,False,False
2.05,2.1923814127852874,0.1423814127852876,False,False,False
2.05,2.1923814127852874,0.1423814127852876,False,False,False
2.05,2.1912602386766995,0.14126023867669968,False,False,False
2.05,2.1923814127852874,0.1423814127852876,False,False,False
2.05,2.1923814127852874,0.1423814127852876,False,False,False
2.05,2.1923814127852874,0.1423814127852876,False,False,False
2.05,2.1912602386766995,0.14126023867669968,False,False,False
2.05,2.487296857144649,0.4372968571446494,False,False,False
2.05,2.487296857144649,0.4372968571446494,False,False,False
2.05,2.487296857144649,0.4372968571446494,False,False,False
2.05,2.487296857144649,0.4372968571446494,False,False,False
2.05,2.487296857144649,0.4372968571446494,False,False,False
2.05,2.487296857144649,0.4372968571446494,False,False,False
2.05,2.4824011192052335,0.4324011192052337,False,False,False
2.05,2.4824011192052335,0.4324011192052337,False,False,False
2.05,2.4824011192052335,0.4324011192052337,False,False,False
2.05,2.4824011192052335,0.4324011192052337,False,False,False
2.05,2.3618979824273616,0.3118979824273618,False,False,False
2.05,2.3669857148040636,0.3169857148040638,False,False,False
2.05,2.345147283651707,0.29514728365170706,False,False,False
2.05,2.1923814127852874,0.1423814127852876,False,False,False
2.05,2.1923814127852874,0.1423814127852876,False,False,False
2.05,2.1923814127852874,0.1423814127852876,False,False,False
2.05,2.1912602386766995,0.14126023867669968,False,False,False
2.05,2.1912602386766995,0.14126023867669968,False,False,False
2.05,2.1923814127852874,0.1423814127852876,False,False,False
2.05,2.1912602386766995,0.14126023867669968,False,False,False
2.05,2.1923814127852874,0.1423814127852876,False,False,False
2.05,2.1923814127852874,0.1423814127852876,False,False,False
2.05,2.1923814127852874,0.1423814127852876,False,False,False
2.05,2.1923814127852874,0.1423814127852876,False,False,False
2.05,2.1923814127852874,0.1423814127852876,False,False,False
2.05,2.199213460725673,0.1492134607256732,False,False,False
2.05,2.199213460725673,0.1492134607256732,False,False,False
2.05,2.1923814127852874,0.1423814127852876,False,False,False
2.05,2.1923814127852874,0.1423814127852876,False,False,False
2.05,2.1923814127852874,0.1423814127852876,False,False,False
2.05,2.1923814127852874,0.1423814127852876,False,False,False
2.05,2.1923814127852874,0.1423814127852876,False,False,False
2.05,2.1912602386766995,0.14126023867669968,False,False,False
2.05,2.1912602386766995,0.14126023867669968,False,False,False
2.05,2.1923814127852874,0.1423814127852876,False,False,False
2.05,2.1923814127852874,0.1423814127852876,False,False,False
2.05,2.1923814127852874,0.1423814127852876,False,False,False
2.05,2.1923814127852874,0.1423814127852876,False,False,False
2.05,2.1912602386766995,0.14126023867669968,False,False,False
2.05,2.1923814127852874,0.1423814127852876,False,False,False
2.05,2.1923814127852874,0.1423814127852876,False,False,False
2.05,2.1923814127852874,0.1423814127852876,False,False,False
2.05,2.199213460725673,0.1492134607256732,False,False,False
2.05,2.199213460725673,0.1492134607256732,False,False,False
2.05,2.3795802982728524,0.3295802982728526,False,False,False
2.05,2.3795802982728524,0.3295802982728526,False,False,False
2.05,2.4725568915016525,0.42255689150165265,False,False,False
2.05,2.357660178046863,0.3076601780468633,False,False,False
2.05,2.1923814127852874,0.1423814127852876,False,False,False
2.05,2.1923814127852874,0.1423814127852876,False,False,False
2.05,2.1923814127852874,0.1423814127852876,False,False,False
2.05,2.1923814127852874,0.1423814127852876,False,False,False
2.05,2.1923814127852874,0.1423814127852876,False,False,False
2.05,2.1923814127852874,0.1423814127852876,False,False,False
2.05,2.1923814127852874,0.1423814127852876,False,False,False
2.05,2.1923814127852874,0.1423814127852876,False,False,False
2.05,2.1923814127852874,0.1423814127852876,False,False,False
2.05,2.1923814127852874,0.1423814127852876,False,False,False
2.05,2.1923814127852874,0.1423814127852876,False,False,False
2.05,2.1923814127852874,0.1423814127852876,False,False,False
2.05,2.1923814127852874,0.1423814127852876,False,False,False
2.05,2.1912602386766995,0.14126023867669968,False,False,False
2.05,2.1923814127852874,0.1423814127852876,False,False,False
2.05,2.3648459407543094,0.3148459407543096,False,False,False
2.05,2.3795802982728524,0.3295802982728526,False,False,False
2.05,2.4725568915016516,0.42255689150165177,False,False,False
2.05,2.4538493236510313,0.40384932365103143,False,False,False
2.05,2.1912602386766995,0.14126023867669968,False,False,False
2.05,2.1923814127852874,0.1423814127852876,False,False,False
2.05,2.1923814127852874,0.1423814127852876,False,False,False
2.05,2.1912602386766995,0.14126023867669968,False,False,False
2.05,2.4677551049059794,0.41775510490597956,False,False,False
2.05,2.4677551049059794,0.41775510490597956,False,False,False
2.05,2.4689734189724484,0.41897341897244855,False,False,False
2.05,2.1912602386766995,0.14126023867669968,False,False,False
2.05,2.3620657510975143,0.31206575109751444,False,False,False
2.05,2.4677551049059794,0.41775510490597956,False,False,False
2.05,2.4677551049059794,0.41775510490597956,False,False,False
2.05,2.4725568915016525,0.42255689150165265,False,False,False
2.05,2.4725568915016525,0.42255689150165265,False,False,False
2.05,2.4725568915016525,0.42255689150165265,False,False,False
2.05,2.4725568915016525,0.42255689150165265,False,False,False
2.05,2.3795802982728524,0.3295802982728526,False,False,False
2.05,2.3795802982728524,0.3295802982728526,False,False,False
2.05,2.3795802982728524,0.3295802982728526,False,False,False
2.05,2.3795802982728524,0.3295802982728526,False,False,False
2.05,2.4668040417383286,0.41680404173832875,False,False,False
2.05,2.4526363212130615,0.4026363212130617,False,False,False
2.05,2.1923814127852874,0.1423814127852876,False,False,False
2.05,2.1923814127852874,0.1423814127852876,False,False,False
2.05,2.1923814127852874,0.1423814127852876,False,False,False
2.05,2.1923814127852874,0.1423814127852876,False,False,False
2.05,2.1923814127852874,0.1423814127852876,False,False,False
2.05,2.1923814127852874,0.1423814127852876,False,False,False
2.05,2.1923814127852874,0.1423814127852876,False,False,False
2.05,2.199213460725673,0.1492134607256732,False,False,False
2.05,2.1923814127852874,0.1423814127852876,False,False,False
2.05,2.1923814127852874,0.1423814127852876,False,False,False
2.05,2.1923814127852874,0.1423814127852876,False,False,False
2.05,2.1923814127852874,0.1423814127852876,False,False,False
2.05,2.1923814127852874,0.1423814127852876,False,False,False
2.05,2.1923814127852874,0.1423814127852876,False,False,False
2.05,2.1923814127852874,0.1423814127852876,False,False,False
2.05,2.1923814127852874,0.1423814127852876,False,False,False
2.05,2.1923814127852874,0.1423814127852876,False,False,False
2.05,2.1923814127852874,0.1423814127852876,False,False,False
2.05,2.1923814127852874,0.1423814127852876,False,False,False
2.05,2.1923814127852874,0.1423814127852876,False,False,False
2.05,2.1923814127852874,0.1423814127852876,False,False,False
2.05,2.1923814127852874,0.1423814127852876,False,False,False
2.05,2.1923814127852874,0.1423814127852876,False,False,False
2.05,2.1923814127852874,0.1423814127852876,False,False,False
2.05,2.199213460725673,0.1492134607256732,False,False,False
2.05,2.316010903942827,0.26601090394282734,False,False,False
2.05,2.4677551049059794,0.41775510490597956,False,False,False
2.05,2.4677551049059794,0.41775510490597956,False,False,False
2.05,2.4677551049059794,0.41775510490597956,False,False,False
2.05,2.3171759062589135,0.26717590625891363,False,False,False
2.05,2.271294731964126,0.22129473196412608,False,False,False
2.05,2.4607943415092812,0.4107943415092814,False,False,False
2.05,2.4677551049059794,0.41775510490597956,False,False,False
2.05,2.4677551049059794,0.41775510490597956,False,False,False
2.05,2.4725568915016525,0.42255689150165265,False,False,False
2.05,2.3795802982728524,0.3295802982728526,False,False,False
2.05,2.2520337544098723,0.20203375440987248,False,False,False
2.05,2.1923814127852874,0.1423814127852876,False,False,False
2.05,2.1923814127852874,0.1423814127852876,False,False,False
2.05,2.1923814127852874,0.1423814127852876,False,False,False
2.05,2.1923814127852874,0.1423814127852876,False,False,False
2.05,2.199213460725673,0.1492134607256732,False,False,False
2.05,2.199213460725673,0.1492134607256732,False,False,False
1.72,2.1923814127852874,0.47238141278528745,False,False,False
1.72,2.1923814127852874,0.47238141278528745,False,False,False
1.72,2.1923814127852874,0.47238141278528745,False,False,False
1.72,2.1923814127852874,0.47238141278528745,False,False,False
1.72,2.1923814127852874,0.47238141278528745,False,False,False
1.72,2.1923814127852874,0.47238141278528745,False,False,False
1.72,2.1923814127852874,0.47238141278528745,False,False,False
1.72,2.1923814127852874,0.47238141278528745,False,False,False
1.72,2.1923814127852874,0.47238141278528745,False,False,False
1.72,2.1923814127852874,0.47238141278528745,False,False,False
1.72,2.1923814127852874,0.47238141278528745,False,False,False
1.72,2.1923814127852874,0.47238141278528745,False,False,False
1.72,2.1923814127852874,0.47238141278528745,False,False,False
1.72,2.1923814127852874,0.47238141278528745,False,False,False
1.72,2.1923814127852874,0.47238141278528745,False,False,False
1.72,2.1923814127852874,0.47238141278528745,False,False,False
1.72,2.1923814127852874,0.47238141278528745,False,False,False
1.72,2.1923814127852874,0.47238141278528745,False,False,False
1.72,2.1923814127852874,0.47238141278528745,False,False,False
1.72,2.1923814127852874,0.47238141278528745,False,False,False
1.72,2.1912602386766995,0.4712602386766995,False,False,False
1.72,2.1923814127852874,0.47238141278528745,False,False,False
1.72,2.1923814127852874,0.47238141278528745,False,False,False
1.72,2.1923814127852874,0.47238141278528745,False,False,False
1.72,2.1923814127852874,0.47238141278528745,False,False,False
1.72,2.1923814127852874,0.47238141278528745,False,False,False
1.72,2.1923814127852874,0.47238141278528745,False,False,False
1.72,2.1923814127852874,0.47238141278528745,False,False,False
1.72,2.1923814127852874,0.47238141278528745,False,False,False
1.72,2.1923814127852874,0.47238141278528745,False,False,False
1.72,2.1923814127852874,0.47238141278528745,False,False,False
1.72,2.1923814127852874,0.47238141278528745,False,False,False
1.72,2.1923814127852874,0.47238141278528745,False,False,False
1.72,2.1923814127852874,0.47238141278528745,False,False,False
1.72,2.1923814127852874,0.47238141278528745,False,False,False
1.72,2.1923814127852874,0.47238141278528745,False,False,False
1.72,2.1923814127852874,0.47238141278528745,False,False,False
1.72,2.1923814127852874,0.47238141278528745,False,False,False
1.72,2.1923814127852874,0.47238141278528745,False,False,False
1.72,2.1923814127852874,0.47238141278528745,False,False,False
1.72,2.1923814127852874,0.47238141278528745,False,False,False
1.72,2.1923814127852874,0.47238141278528745,False,False,False
1.72,2.1923814127852874,0.47238141278528745,False,False,False
1.72,2.1923814127852874,0.47238141278528745,False,False,False
1.72,2.1923814127852874,0.47238141278528745,False,False,False
1.72,2.1923814127852874,0.47238141278528745,False,False,False
1.72,2.1923814127852874,0.47238141278528745,False,False,False
1.72,2.1923814127852874,0.47238141278528745,False,False,False
1.72,2.1923814127852874,0.47238141278528745,False,False,False
1.72,2.1923814127852874,0.47238141278528745,False,False,False
1.72,2.1923814127852874,0.47238141278528745,False,False,False
1.72,2.1923814127852874,0.47238141278528745,False,False,False
1.72,2.1923814127852874,0.47238141278528745,False,False,False
1.72,2.1923814127852874,0.47238141278528745,False,False,False
1.72,2.1923814127852874,0.47238141278528745,False,False,False
1.72,2.1923814127852874,0.47238141278528745,False,False,False
1.72,2.1923814127852874,0.47238141278528745,False,False,False
1.72,2.1923814127852874,0.47238141278528745,False,False,False
1.72,2.1923814127852874,0.47238141278528745,False,False,False
1.72,2.1923814127852874,0.47238141278528745,False,False,False
1.72,2.1923814127852874,0.47238141278528745,False,False,False
1.72,2.1923814127852874,0.47238141278528745,False,False,False
1.72,2.1923814127852874,0.47238141278528745,False,False,False
1.72,2.1923814127852874,0.47238141278528745,False,False,False
1.72,2.199213460725673,0.47921346072567306,False,False,False
1.72,2.1923814127852874,0.47238141278528745,False,False,False
1.72,2.1923814127852874,0.47238141278528745,False,False,False
1.72,2.1923814127852874,0.47238141278528745,False,False,False
1.72,2.1923814127852874,0.47238141278528745,False,False,False
1.72,2.1923814127852874,0.47238141278528745,False,False,False
1.72,2.1923814127852874,0.47238141278528745,False,False,False
1.72,2.1923814127852874,0.47238141278528745,False,False,False
1.72,2.1923814127852874,0.47238141278528745,False,False,False
1.72,2.1923814127852874,0.47238141278528745,False,False,False
1.72,2.1923814127852874,0.47238141278528745,False,False,False
1.72,2.1923814127852874,0.47238141278528745,False,False,False
1.72,2.1923814127852874,0.47238141278528745,False,False,False
1.72,2.1923814127852874,0.47238141278528745,False,False,False
1.72,2.1923814127852874,0.47238141278528745,False,False,False
1.72,2.1923814127852874,0.47238141278528745,False,False,False
1.72,2.1923814127852874,0.47238141278528745,False,False,False
1.72,2.1923814127852874,0.47238141278528745,False,False,False
1.72,2.1923814127852874,0.47238141278528745,False,False,False
1.72,2.1923814127852874,0.47238141278528745,False,False,False
1.72,2.1923814127852874,0.47238141278528745,False,False,False
1.72,2.1923814127852874,0.47238141278528745,False,False,False
1.72,2.1923814127852874,0.47238141278528745,False,False,False
1.72,2.1923814127852874,0.47238141278528745,False,False,False
1.72,2.1923814127852874,0.47238141278528745,False,False,False
1.72,2.199213460725673,0.47921346072567306,False,False,False
1.72,2.1912602386766995,0.4712602386766995,False,False,False
1.72,2.4612874826303677,0.7412874826303677,False,False,False
1.72,2.4612874826303677,0.7412874826303677,False,False,False
1.72,2.4660803135353957,0.7460803135353957,False,False,False
1.72,2.3732771285973446,0.6532771285973447,False,False,False
1.72,2.3732771285973446,0.6532771285973447,False,False,False
1.72,2.3732771285973446,0.6532771285973447,False,False,False
1.72,2.3732771285973446,0.6532771285973447,False,False,False
1.72,2.3732771285973446,0.6532771285973447,False,False,False
1.72,2.3732771285973446,0.6532771285973447,False,False,False
1.72,2.3732771285973446,0.6532771285973447,False,False,False
1.72,2.3732771285973446,0.6532771285973447,False,False,False
1.72,2.3732771285973446,0.6532771285973447,False,False,False
1.72,2.3795802982728524,0.6595802982728525,False,False,False
1.72,2.37236306975727,0.6523630697572702,False,False,False
1.72,2.1923814127852874,0.47238141278528745,False,False,False
1.72,2.199213460725673,0.47921346072567306,False,False,False
1.72,2.1912602386766995,0.4712602386766995,False,False,False
1.72,2.446196896598251,0.7261968965982508,False,False,False
1.72,2.1923814127852874,0.47238141278528745,False,False,False
1.72,2.2984361078028237,0.5784361078028237,False,False,False
1.72,2.358570251756076,0.6385702517560758,False,False,False
1.72,2.3732771285973446,0.6532771285973447,False,False,False
1.72,2.3795802982728524,0.6595802982728525,False,False,False
1.72,2.3732771285973446,0.6532771285973447,False,False,False
1.72,2.3669857148040636,0.6469857148040636,False,False,False
1.72,2.3669857148040636,0.6469857148040636,False,False,False
1.72,2.345147283651707,0.6251472836517069,False,False,False
1.72,2.1923814127852874,0.47238141278528745,False,False,False
1.72,2.199213460725673,0.47921346072567306,False,False,False
1.72,2.3669857148040636,0.6469857148040636,False,False,False
1.72,2.3669857148040636,0.6469857148040636,False,False,False
1.72,2.3597953825237923,0.6397953825237923,False,False,False
1.72,2.3523062673865534,0.6323062673865534,False,False,False
1.72,2.3523062673865534,0.6323062673865534,False,False,False
1.72,2.3669857148040636,0.6469857148040636,False,False,False
1.72,2.3669857148040636,0.6469857148040636,False,False,False
1.72,2.3669857148040636,0.6469857148040636,False,False,False
1.72,2.3669857148040636,0.6469857148040636,False,False,False
1.72,2.3669857148040636,0.6469857148040636,False,False,False
1.72,2.3669857148040636,0.6469857148040636,False,False,False
1.72,2.345147283651707,0.6251472836517069,False,False,False
1.72,2.2001033903450806,0.48010339034508065,False,False,False
1.72,2.1923814127852874,0.47238141278528745,False,False,False
1.72,2.358570251756076,0.6385702517560758,False,False,False
1.72,2.3732771285973446,0.6532771285973447,False,False,False
1.72,2.3795802982728524,0.6595802982728525,False,False,False
1.72,2.3795802982728524,0.6595802982728525,False,False,False
1.72,2.1923814127852874,0.47238141278528745,False,False,False
1.72,2.1912602386766995,0.4712602386766995,False,False,False
1.72,2.4509688316292806,0.7309688316292806,False,False,False
1.72,2.3732771285973446,0.6532771285973447,False,False,False
1.72,2.3732771285973446,0.6532771285973447,False,False,False
1.72,2.3795802982728524,0.6595802982728525,False,False,False
1.72,2.3795802982728524,0.6595802982728525,False,False,False
1.72,2.3795802982728524,0.6595802982728525,False,False,False
1.72,2.3795802982728524,0.6595802982728525,False,False,False
1.72,2.3648459407543094,0.6448459407543095,False,False,False
1.72,2.1923814127852874,0.47238141278528745,False,False,False
1.72,2.1923814127852874,0.47238141278528745,False,False,False
1.72,2.1923814127852874,0.47238141278528745,False,False,False
1.72,2.1923814127852874,0.47238141278528745,False,False,False
1.72,2.1923814127852874,0.47238141278528745,False,False,False
1.72,2.1923814127852874,0.47238141278528745,False,False,False
1.72,2.1923814127852874,0.47238141278528745,False,False,False
1.72,2.1912602386766995,0.4712602386766995,False,False,False
1.72,2.1923814127852874,0.47238141278528745,False,False,False
1.72,2.446196896598251,0.7261968965982508,False,False,False
1.72,2.446196896598251,0.7261968965982508,False,False,False
1.72,2.4612874826303677,0.7412874826303677,False,False,False
1.72,2.3732771285973446,0.6532771285973447,False,False,False
1.72,2.37447353466896,0.6544735346689599,False,False,False
1.72,2.3795802982728524,0.6595802982728525,False,False,False
1.72,2.357660178046863,0.6376601780468631,False,False,False
1.72,2.199213460725673,0.47921346072567306,False,False,False
1.72,2.199213460725673,0.47921346072567306,False,False,False
1.72,2.1923814127852874,0.47238141278528745,False,False,False
1.72,2.1923814127852874,0.47238141278528745,False,False,False
1.72,2.1923814127852874,0.47238141278528745,False,False,False
1.72,2.1923814127852874,0.47238141278528745,False,False,False
1.72,2.1923814127852874,0.47238141278528745,False,False,False
1.72,2.1923814127852874,0.47238141278528745,False,False,False
1.72,2.1923814127852874,0.47238141278528745,False,False,False
1.72,2.1923814127852874,0.47238141278528745,False,False,False
1.72,2.1923814127852874,0.47238141278528745,False,False,False
1.72,2.1923814127852874,0.47238141278528745,False,False,False
1.72,2.199213460725673,0.47921346072567306,False,False,False
1.72,2.199213460725673,0.47921346072567306,False,False,False
1.72,2.3795802982728524,0.6595802982728525,False,False,False
1.72,2.367267211850729,0.647267211850729,False,False,False
1.44,2.1667873451598463,0.7267873451598463,False,False,False
1.44,2.149877856581355,0.7098778565813553,False,False,False
1.44,2.1205683668290676,0.6805683668290676,False,False,False
1.44,2.133699233715253,0.693699233715253,False,False,False
1.44,2.1414605502607,0.7014605502607001,False,False,False
1.44,2.141884961662252,0.7018849616622522,False,False,False
1.44,2.1284216459770655,0.6884216459770656,False,False,False
1.44,2.1284216459770655,0.6884216459770656,False,False,False
1.44,2.1205683668290676,0.6805683668290676,False,False,False
1.44,2.1205683668290676,0.6805683668290676,False,False,False
1.44,2.1205683668290676,0.6805683668290676,False,False,False
1.44,2.1205683668290676,0.6805683668290676,False,False,False
1.44,2.1205683668290676,0.6805683668290676,False,False,False
1.44,2.1205683668290676,0.6805683668290676,False,False,False
1.44,2.1205683668290676,0.6805683668290676,False,False,False
1.44,2.1308711200754695,0.6908711200754696,False,False,False
1.44,2.1308711200754695,0.6908711200754696,False,False,False
1.44,2.1308711200754695,0.6908711200754696,False,False,False
1.44,2.125832706234893,0.6858327062348932,False,False,False
1.44,2.1205683668290676,0.6805683668290676,False,False,False
1.44,2.146760134382098,0.706760134382098,False,False,False
1.44,2.175335261227247,0.735335261227247,False,False,False
1.44,2.1642968308331323,0.7242968308331323,False,False,False
1.44,2.175335261227247,0.735335261227247,False,False,False
1.44,2.1923814127852874,0.7523814127852875,False,False,False
1.44,2.1923814127852874,0.7523814127852875,False,False,False
1.44,2.1923814127852874,0.7523814127852875,False,False,False
1.44,2.1923814127852874,0.7523814127852875,False,False,False
1.44,2.1923814127852874,0.7523814127852875,False,False,False
1.44,2.1923814127852874,0.7523814127852875,False,False,False
1.44,2.1923814127852874,0.7523814127852875,False,False,False
1.44,2.1923814127852874,0.7523814127852875,False,False,False
1.44,2.1923814127852874,0.7523814127852875,False,False,False
1.44,2.1923814127852874,0.7523814127852875,False,False,False
1.44,2.184956870881287,0.7449568708812873,False,False,False
1.44,2.1642968308331323,0.7242968308331323,False,False,False
1.44,2.157087399831486,0.717087399831486,False,False,False
1.44,2.157087399831486,0.717087399831486,False,False,False
1.44,2.157087399831486,0.717087399831486,False,False,False
1.44,2.157087399831486,0.717087399831486,False,False,False
1.44,2.1493785937483874,0.7093785937483874,False,False,False
1.44,2.1493785937483874,0.7093785937483874,False,False,False
1.44,2.1422871317997205,0.7022871317997206,False,False,False
1.44,2.1284216459770655,0.6884216459770656,False,False,False
1.44,2.2098679765677782,0.7698679765677783,False,False,False
1.44,2.1554796354321013,0.7154796354321014,False,False,False
1.44,2.218739931756501,0.7787399317565011,False,False,False
1.44,2.2190504782006157,0.7790504782006158,False,False,False
1.44,2.2190504782006157,0.7790504782006158,False,False,False
1.44,2.2190504782006157,0.7790504782006158,False,False,False
1.44,2.2190504782006157,0.7790504782006158,False,False,False
1.44,2.2190504782006157,0.7790504782006158,False,False,False
1.44,2.2190504782006157,0.7790504782006158,False,False,False
1.44,2.2190504782006157,0.7790504782006158,False,False,False
1.44,2.2190504782006157,0.7790504782006158,False,False,False
1.44,2.2190504782006157,0.7790504782006158,False,False,False
1.44,2.2190504782006157,0.7790504782006158,False,False,False
1.44,2.2190504782006157,0.7790504782006158,False,False,False
1.44,2.2190504782006157,0.7790504782006158,False,False,False
1.44,2.2190504782006157,0.7790504782006158,False,False,False
1.44,2.2190504782006157,0.7790504782006158,False,False,False
1.44,2.2190504782006157,0.7790504782006158,False,False,False
1.44,2.2190504782006157,0.7790504782006158,False,False,False
1.44,2.2190504782006157,0.7790504782006158,False,False,False
1.44,2.180982313817939,0.740982313817939,False,False,False
1.44,2.236019092597438,0.796019092597438,False,False,False
1.44,2.1311731888706915,0.6911731888706916,False,False,False
1.44,2.218739931756501,0.7787399317565011,False,False,False
1.44,2.2190504782006157,0.7790504782006158,False,False,False
1.44,2.1554796354321013,0.7154796354321014,False,False,False
1.44,2.1470252101622873,0.7070252101622874,False,False,False
1.44,2.1308711200754695,0.6908711200754696,False,False,False
1.44,2.1308711200754695,0.6908711200754696,False,False,False
1.44,2.145948473181019,0.705948473181019,False,False,False
1.44,2.178200209691083,0.7382002096910831,False,False,False
1.44,2.194068177082909,0.754068177082909,False,False,False
1.44,2.2107354728891777,0.7707354728891778,False,False,False
1.44,2.2107354728891777,0.7707354728891778,False,False,False
1.44,2.2190504782006157,0.7790504782006158,False,False,False
1.44,2.2190504782006157,0.7790504782006158,False,False,False
1.44,2.2190504782006157,0.7790504782006158,False,False,False
1.44,2.2190504782006157,0.7790504782006158,False,False,False
1.44,2.2190504782006157,0.7790504782006158,False,False,False
1.44,2.2190504782006157,0.7790504782006158,False,False,False
1.44,2.2190504782006157,0.7790504782006158,False,False,False
1.44,2.2190504782006157,0.7790504782006158,False,False,False
1.44,2.2190504782006157,0.7790504782006158,False,False,False
1.44,2.2190504782006157,0.7790504782006158,False,False,False
1.44,2.2190504782006157,0.7790504782006158,False,False,False
1.44,2.1564794218469636,0.7164794218469637,False,False,False
1.44,2.1923814127852874,0.7523814127852875,False,False,False
1.44,2.1923814127852874,0.7523814127852875,False,False,False
1.44,2.1923814127852874,0.7523814127852875,False,False,False
1.44,2.1923814127852874,0.7523814127852875,False,False,False
1.44,2.1923814127852874,0.7523814127852875,False,False,False
1.44,2.1923814127852874,0.7523814127852875,False,False,False
1.44,2.1923814127852874,0.7523814127852875,False,False,False
1.44,2.1923814127852874,0.7523814127852875,False,False,False
1.44,2.1923814127852874,0.7523814127852875,False,False,False
1.44,2.1923814127852874,0.7523814127852875,False,False,False
1.44,2.1923814127852874,0.7523814127852875,False,False,False
1.44,2.1923814127852874,0.7523814127852875,False,False,False
1.44,2.1923814127852874,0.7523814127852875,False,False,False
1.44,2.1923814127852874,0.7523814127852875,False,False,False
1.44,2.1923814127852874,0.7523814127852875,False,False,False
1.44,2.1923814127852874,0.7523814127852875,False,False,False
1.44,2.1923814127852874,0.7523814127852875,False,False,False
1.44,2.1923814127852874,0.7523814127852875,False,False,False
1.44,2.1923814127852874,0.7523814127852875,False,False,False
1.44,2.1923814127852874,0.7523814127852875,False,False,False
1.44,2.1923814127852874,0.7523814127852875,False,False,False
1.44,2.1923814127852874,0.7523814127852875,False,False,False
1.44,2.1923814127852874,0.7523814127852875,False,False,False
1.44,2.1923814127852874,0.7523814127852875,False,False,False
1.44,2.1923814127852874,0.7523814127852875,False,False,False
1.44,2.1923814127852874,0.7523814127852875,False,False,False
1.44,2.1923814127852874,0.7523814127852875,False,False,False
1.44,2.1923814127852874,0.7523814127852875,False,False,False
1.44,2.1923814127852874,0.7523814127852875,False,False,False
1.44,2.1923814127852874,0.7523814127852875,False,False,False
1.44,2.1923814127852874,0.7523814127852875,False,False,False
1.44,2.1923814127852874,0.7523814127852875,False,False,False
1.44,2.1923814127852874,0.7523814127852875,False,False,False
1.44,2.1923814127852874,0.7523814127852875,False,False,False
1.44,2.1923814127852874,0.7523814127852875,False,False,False
1.44,2.1923814127852874,0.7523814127852875,False,False,False
1.44,2.1923814127852874,0.7523814127852875,False,False,False
1.44,2.1923814127852874,0.7523814127852875,False,False,False
1.44,2.1923814127852874,0.7523814127852875,False,False,False
1.44,2.1923814127852874,0.7523814127852875,False,False,False
1.44,2.1923814127852874,0.7523814127852875,False,False,False
1.44,2.1923814127852874,0.7523814127852875,False,False,False
1.44,2.1923814127852874,0.7523814127852875,False,False,False
1.44,2.1923814127852874,0.7523814127852875,False,False,False
1.44,2.1923814127852874,0.7523814127852875,False,False,False
1.44,2.1923814127852874,0.7523814127852875,False,False,False
1.44,2.1923814127852874,0.7523814127852875,False,False,False
1.44,2.1923814127852874,0.7523814127852875,False,False,False
1.44,2.1923814127852874,0.7523814127852875,False,False,False
1.44,2.1923814127852874,0.7523814127852875,False,False,False
1.44,2.1923814127852874,0.7523814127852875,False,False,False
1.44,2.1923814127852874,0.7523814127852875,False,False,False
1.44,2.1923814127852874,0.7523814127852875,False,False,False
1.44,2.1923814127852874,0.7523814127852875,False,False,False
1.44,2.1923814127852874,0.7523814127852875,False,False,False
1.44,2.1923814127852874,0.7523814127852875,False,False,False
1.44,2.1923814127852874,0.7523814127852875,False,False,False
1.44,2.1923814127852874,0.7523814127852875,False,False,False
1.44,2.1923814127852874,0.7523814127852875,False,False,False
1.44,2.1923814127852874,0.7523814127852875,False,False,False
1.44,2.1923814127852874,0.7523814127852875,False,False,False
1.44,2.1923814127852874,0.7523814127852875,False,False,False
1.44,2.1923814127852874,0.7523814127852875,False,False,False
1.44,2.1923814127852874,0.7523814127852875,False,False,False
1.44,2.1923814127852874,0.7523814127852875,False,False,False
1.44,2.1923814127852874,0.7523814127852875,False,False,False
1.44,2.1923814127852874,0.7523814127852875,False,False,False
1.44,2.1923814127852874,0.7523814127852875,False,False,False
1.44,2.1923814127852874,0.7523814127852875,False,False,False
1.44,2.1923814127852874,0.7523814127852875,False,False,False
1.44,2.1923814127852874,0.7523814127852875,False,False,False
1.44,2.1923814127852874,0.7523814127852875,False,False,False
1.44,2.1923814127852874,0.7523814127852875,False,False,False
1.44,2.1923814127852874,0.7523814127852875,False,False,False
1.44,2.1923814127852874,0.7523814127852875,False,False,False
1.44,2.1923814127852874,0.7523814127852875,False,False,False
1.44,2.1923814127852874,0.7523814127852875,False,False,False
1.44,2.1923814127852874,0.7523814127852875,False,False,False
1.44,2.1923814127852874,0.7523814127852875,False,False,False
1.44,2.1923814127852874,0.7523814127852875,False,False,False
1.44,2.1923814127852874,0.7523814127852875,False,False,False
1.44,2.1923814127852874,0.7523814127852875,False,False,False
1.44,2.1923814127852874,0.7523814127852875,False,False,False
1.44,2.1923814127852874,0.7523814127852875,False,False,False
1.44,2.1923814127852874,0.7523814127852875,False,False,False
1.44,2.1923814127852874,0.7523814127852875,False,False,False
1.44,2.1923814127852874,0.7523814127852875,False,False,False
1.44,2.1923814127852874,0.7523814127852875,False,False,False
1.44,2.1923814127852874,0.7523814127852875,False,False,False
1.44,2.1923814127852874,0.7523814127852875,False,False,False
1.36,2.2085800199816745,0.8485800199816744,False,False,False
1.36,2.2190504782006157,0.8590504782006156,False,False,False
1.36,2.2190504782006157,0.8590504782006156,False,False,False
1.36,2.2190504782006157,0.8590504782006156,False,False,False
1.36,2.2190504782006157,0.8590504782006156,False,False,False
1.36,2.2190504782006157,0.8590504782006156,False,False,False
1.36,2.2190504782006157,0.8590504782006156,False,False,False
1.36,2.2190504782006157,0.8590504782006156,False,False,False
1.36,2.2190504782006157,0.8590504782006156,False,False,False
1.36,2.2190504782006157,0.8590504782006156,False,False,False
1.36,2.2190504782006157,0.8590504782006156,False,False,False
1.36,2.2190504782006157,0.8590504782006156,False,False,False
1.36,2.2190504782006157,0.8590504782006156,False,False,False
1.36,2.2190504782006157,0.8590504782006156,False,False,False
1.36,2.2190504782006157,0.8590504782006156,False,False,False
1.36,2.2190504782006157,0.8590504782006156,False,False,False
1.36,2.2190504782006157,0.8590504782006156,False,False,False
1.36,2.2190504782006157,0.8590504782006156,False,False,False
1.36,2.2190504782006157,0.8590504782006156,False,False,False
1.36,2.2190504782006157,0.8590504782006156,False,False,False
1.36,2.2190504782006157,0.8590504782006156,False,False,False
1.36,2.2190504782006157,0.8590504782006156,False,False,False
1.36,2.2190504782006157,0.8590504782006156,False,False,False
1.36,2.2211292877715083,0.8611292877715082,False,False,False
1.36,2.2190504782006157,0.8590504782006156,False,False,False
1.36,2.2190504782006157,0.8590504782006156,False,False,False
1.36,2.2190504782006157,0.8590504782006156,False,False,False
1.36,2.2190504782006157,0.8590504782006156,False,False,False
1.36,2.2190504782006157,0.8590504782006156,False,False,False
1.36,2.2190504782006157,0.8590504782006156,False,False,False
1.36,2.2190504782006157,0.8590504782006156,False,False,False
1.36,2.2190504782006157,0.8590504782006156,False,False,False
1.36,2.2190504782006157,0.8590504782006156,False,False,False
1.36,2.2190504782006157,0.8590504782006156,False,False,False
1.36,2.2190504782006157,0.8590504782006156,False,False,False
1.36,2.2190504782006157,0.8590504782006156,False,False,False
1.36,2.2190504782006157,0.8590504782006156,False,False,False
1.36,2.2190504782006157,0.8590504782006156,False,False,False
1.36,2.2190504782006157,0.8590504782006156,False,False,False
1.36,2.2190504782006157,0.8590504782006156,False,False,False
1.36,2.2190504782006157,0.8590504782006156,False,False,False
1.36,2.2190504782006157,0.8590504782006156,False,False,False
1.36,2.2190504782006157,0.8590504782006156,False,False,False
1.36,2.2190504782006157,0.8590504782006156,False,False,False
1.36,2.2190504782006157,0.8590504782006156,False,False,False
1.36,2.2190504782006157,0.8590504782006156,False,False,False
1.36,2.205045672743442,0.8450456727434419,False,False,False
1.36,2.1906850557107513,0.8306850557107512,False,False,False
1.36,2.205045672743442,0.8450456727434419,False,False,False
1.36,2.1906850557107513,0.8306850557107512,False,False,False
1.36,2.205045672743442,0.8450456727434419,False,False,False
1.36,2.205045672743442,0.8450456727434419,False,False,False
1.36,2.205045672743442,0.8450456727434419,False,False,False
1.36,2.205045672743442,0.8450456727434419,False,False,False
1.36,2.2190504782006157,0.8590504782006156,False,False,False
1.36,2.2190504782006157,0.8590504782006156,False,False,False
1.36,2.2190504782006157,0.8590504782006156,False,False,False
1.36,2.2190504782006157,0.8590504782006156,False,False,False
1.36,2.2190504782006157,0.8590504782006156,False,False,False
1.36,2.2190504782006157,0.8590504782006156,False,False,False
1.36,2.2190504782006157,0.8590504782006156,False,False,False
1.36,2.2190504782006157,0.8590504782006156,False,False,False
1.36,2.2190504782006157,0.8590504782006156,False,False,False
1.36,2.2190504782006157,0.8590504782006156,False,False,False
1.36,2.2190504782006157,0.8590504782006156,False,False,False
1.36,2.2190504782006157,0.8590504782006156,False,False,False
1.36,2.205045672743442,0.8450456727434419,False,False,False
1.36,2.205045672743442,0.8450456727434419,False,False,False
1.36,2.2190504782006157,0.8590504782006156,False,False,False
1.36,2.2190504782006157,0.8590504782006156,False,False,False
1.36,2.2190504782006157,0.8590504782006156,False,False,False
1.36,2.2190504782006157,0.8590504782006156,False,False,False
1.36,2.2190504782006157,0.8590504782006156,False,False,False
1.36,2.2190504782006157,0.8590504782006156,False,False,False
1.36,2.2190504782006157,0.8590504782006156,False,False,False
1.36,2.2190504782006157,0.8590504782006156,False,False,False
1.36,2.2190504782006157,0.8590504782006156,False,False,False
1.36,2.2190504782006157,0.8590504782006156,False,False,False
1.36,2.2190504782006157,0.8590504782006156,False,False,False
1.36,2.2190504782006157,0.8590504782006156,False,False,False
1.36,2.2190504782006157,0.8590504782006156,False,False,False
1.36,2.2190504782006157,0.8590504782006156,False,False,False
1.36,2.2190504782006157,0.8590504782006156,False,False,False
1.36,2.2190504782006157,0.8590504782006156,False,False,False
1.36,2.205045672743442,0.8450456727434419,False,False,False
1.36,2.205045672743442,0.8450456727434419,False,False,False
1.36,2.205045672743442,0.8450456727434419,False,False,False
1.36,2.1906850557107513,0.8306850557107512,False,False,False
1.36,2.205045672743442,0.8450456727434419,False,False,False
1.36,2.2211292877715083,0.8611292877715082,False,False,False
1.36,2.2190504782006157,0.8590504782006156,False,False,False
1.36,2.2190504782006157,0.8590504782006156,False,False,False
1.36,2.2251406207519757,0.8651406207519756,False,False,False
1.36,2.2211292877715083,0.8611292877715082,False,False,False
1.36,2.2190504782006157,0.8590504782006156,False,False,False
1.36,2.2190504782006157,0.8590504782006156,False,False,False
1.36,2.2190504782006157,0.8590504782006156,False,False,False
1.36,2.2190504782006157,0.8590504782006156,False,False,False
1.36,2.2211292877715083,0.8611292877715082,False,False,False
1.36,2.2190504782006157,0.8590504782006156,False,False,False
1.36,2.2190504782006157,0.8590504782006156,False,False,False
1.36,2.2190504782006157,0.8590504782006156,False,False,False
1.36,2.2190504782006157,0.8590504782006156,False,False,False
1.36,2.2190504782006157,0.8590504782006156,False,False,False
1.36,2.2190504782006157,0.8590504782006156,False,False,False
1.36,2.2190504782006157,0.8590504782006156,False,False,False
1.36,2.2190504782006157,0.8590504782006156,False,False,False
1.36,2.2190504782006157,0.8590504782006156,False,False,False
1.36,2.2190504782006157,0.8590504782006156,False,False,False
1.36,2.2190504782006157,0.8590504782006156,False,False,False
1.36,2.2190504782006157,0.8590504782006156,False,False,False
1.36,2.2190504782006157,0.8590504782006156,False,False,False
1.36,2.2190504782006157,0.8590504782006156,False,False,False
1.36,2.2190504782006157,0.8590504782006156,False,False,False
1.36,2.2190504782006157,0.8590504782006156,False,False,False
1.36,2.2190504782006157,0.8590504782006156,False,False,False
1.36,2.2190504782006157,0.8590504782006156,False,False,False
1.36,2.2190504782006157,0.8590504782006156,False,False,False
1.36,2.2190504782006157,0.8590504782006156,False,False,False
1.36,2.2190504782006157,0.8590504782006156,False,False,False
1.36,2.2190504782006157,0.8590504782006156,False,False,False
1.36,2.2211292877715083,0.8611292877715082,False,False,False
1.36,2.2190504782006157,0.8590504782006156,False,False,False
1.36,2.2211292877715083,0.8611292877715082,False,False,False
1.36,2.2190504782006157,0.8590504782006156,False,False,False
1.36,2.2190504782006157,0.8590504782006156,False,False,False
1.36,2.2190504782006157,0.8590504782006156,False,False,False
1.36,2.2190504782006157,0.8590504782006156,False,False,False
1.36,2.2211292877715083,0.8611292877715082,False,False,False
1.36,2.2190504782006157,0.8590504782006156,False,False,False
1.36,2.2190504782006157,0.8590504782006156,False,False,False
1.36,2.2190504782006157,0.8590504782006156,False,False,False
1.36,2.2190504782006157,0.8590504782006156,False,False,False
1.36,2.2190504782006157,0.8590504782006156,False,False,False
1.36,2.2190504782006157,0.8590504782006156,False,False,False
1.36,2.2190504782006157,0.8590504782006156,False,False,False
1.36,2.2190504782006157,0.8590504782006156,False,False,False
1.36,2.2190504782006157,0.8590504782006156,False,False,False
1.36,2.2190504782006157,0.8590504782006156,False,False,False
1.36,2.2190504782006157,0.8590504782006156,False,False,False
1.36,2.2190504782006157,0.8590504782006156,False,False,False
1.36,2.2190504782006157,0.8590504782006156,False,False,False
1.36,2.2190504782006157,0.8590504782006156,False,False,False
1.36,2.2190504782006157,0.8590504782006156,False,False,False
1.36,2.2190504782006157,0.8590504782006156,False,False,False
1.36,2.2190504782006157,0.8590504782006156,False,False,False
1.36,2.2190504782006157,0.8590504782006156,False,False,False
1.36,2.2190504782006157,0.8590504782006156,False,False,False
1.36,2.2190504782006157,0.8590504782006156,False,False,False
1.36,2.2190504782006157,0.8590504782006156,False,False,False
1.36,2.2190504782006157,0.8590504782006156,False,False,False
1.36,2.2190504782006157,0.8590504782006156,False,False,False
1.36,2.2190504782006157,0.8590504782006156,False,False,False
1.36,2.2190504782006157,0.8590504782006156,False,False,False
1.36,2.2190504782006157,0.8590504782006156,False,False,False
1.36,2.2190504782006157,0.8590504782006156,False,False,False
1.36,2.2190504782006157,0.8590504782006156,False,False,False
1.36,2.2190504782006157,0.8590504782006156,False,False,False
1.36,2.2190504782006157,0.8590504782006156,False,False,False
1.36,2.2190504782006157,0.8590504782006156,False,False,False
1.36,2.2190504782006157,0.8590504782006156,False,False,False
1.36,2.2190504782006157,0.8590504782006156,False,False,False
1.36,2.2190504782006157,0.8590504782006156,False,False,False
1.36,2.2190504782006157,0.8590504782006156,False,False,False
1.36,2.2190504782006157,0.8590504782006156,False,False,False
1.36,2.2190504782006157,0.8590504782006156,False,False,False
1.36,2.2190504782006157,0.8590504782006156,False,False,False
1.36,2.2190504782006157,0.8590504782006156,False,False,False
1.36,2.2190504782006157,0.8590504782006156,False,False,False
1.36,2.2190504782006157,0.8590504782006156,False,False,False
1.36,2.2190504782006157,0.8590504782006156,False,False,False
1.36,2.2190504782006157,0.8590504782006156,False,False,False
1.36,2.2190504782006157,0.8590504782006156,False,False,False
1.36,2.2190504782006157,0.8590504782006156,False,False,False
1.36,2.2190504782006157,0.8590504782006156,False,False,False
1.36,2.2190504782006157,0.8590504782006156,False,False,False
1.36,2.2190504782006157,0.8590504782006156,False,False,False
1.36,2.2190504782006157,0.8590504782006156,False,False,False
1.36,2.2190504782006157,0.8590504782006156,False,False,False
1.36,2.2190504782006157,0.8590504782006156,False,False,False
1.21,2.175641619956175,0.965641619956175,False,False,False
1.21,2.1923814127852874,0.9823814127852875,False,False,False
1.21,2.1923814127852874,0.9823814127852875,False,False,False
1.21,2.1923814127852874,0.9823814127852875,False,False,False
1.21,2.1923814127852874,0.9823814127852875,False,False,False
1.21,2.1923814127852874,0.9823814127852875,False,False,False
1.21,2.1923814127852874,0.9823814127852875,False,False,False
1.21,2.1923814127852874,0.9823814127852875,False,False,False
1.21,2.1923814127852874,0.9823814127852875,False,False,False
1.21,2.1923814127852874,0.9823814127852875,False,False,False
1.21,2.1923814127852874,0.9823814127852875,False,False,False
1.21,2.1923814127852874,0.9823814127852875,False,False,False
1.21,2.1923814127852874,0.9823814127852875,False,False,False
1.21,2.1923814127852874,0.9823814127852875,False,False,False
1.21,2.1923814127852874,0.9823814127852875,False,False,False
1.21,2.1923814127852874,0.9823814127852875,False,False,False
1.21,2.1923814127852874,0.9823814127852875,False,False,False
1.21,2.1923814127852874,0.9823814127852875,False,False,False
1.21,2.1923814127852874,0.9823814127852875,False,False,False
1.21,2.1923814127852874,0.9823814127852875,False,False,False
1.21,2.1923814127852874,0.9823814127852875,False,False,False
1.21,2.1923814127852874,0.9823814127852875,False,False,False
1.21,2.1923814127852874,0.9823814127852875,False,False,False
1.21,2.1923814127852874,0.9823814127852875,False,False,False
1.21,2.1923814127852874,0.9823814127852875,False,False,False
1.21,2.1923814127852874,0.9823814127852875,False,False,False
1.21,2.1923814127852874,0.9823814127852875,False,False,False
1.21,2.1923814127852874,0.9823814127852875,False,False,False
1.21,2.1923814127852874,0.9823814127852875,False,False,False
1.21,2.1923814127852874,0.9823814127852875,False,False,False
1.21,2.1923814127852874,0.9823814127852875,False,False,False
1.21,2.1923814127852874,0.9823814127852875,False,False,False
1.21,2.1923814127852874,0.9823814127852875,False,False,False
1.21,2.1923814127852874,0.9823814127852875,False,False,False
1.21,2.1923814127852874,0.9823814127852875,False,False,False
1.21,2.1923814127852874,0.9823814127852875,False,False,False
1.21,2.1923814127852874,0.9823814127852875,False,False,False
1.21,2.1923814127852874,0.9823814127852875,False,False,False
1.21,2.1923814127852874,0.9823814127852875,False,False,False
1.21,2.1923814127852874,0.9823814127852875,False,False,False
1.21,2.1923814127852874,0.9823814127852875,False,False,False
1.21,2.1923814127852874,0.9823814127852875,False,False,False
1.21,2.1923814127852874,0.9823814127852875,False,False,False
1.21,2.1923814127852874,0.9823814127852875,False,False,False
1.21,2.1923814127852874,0.9823814127852875,False,False,False
1.21,2.1923814127852874,0.9823814127852875,False,False,False
1.21,2.1923814127852874,0.9823814127852875,False,False,False
1.21,2.1923814127852874,0.9823814127852875,False,False,False
1.21,2.1923814127852874,0.9823814127852875,False,False,False
1.21,2.1923814127852874,0.9823814127852875,False,False,False
1.21,2.1923814127852874,0.9823814127852875,False,False,False
1.21,2.1923814127852874,0.9823814127852875,False,False,False
1.21,2.1923814127852874,0.9823814127852875,False,False,False
1.21,2.1923814127852874,0.9823814127852875,False,False,False
1.21,2.1923814127852874,0.9823814127852875,False,False,False
1.21,2.1923814127852874,0.9823814127852875,False,False,False
1.21,2.1923814127852874,0.9823814127852875,False,False,False
1.21,2.1923814127852874,0.9823814127852875,False,False,False
1.21,2.1923814127852874,0.9823814127852875,False,False,False
1.21,2.1923814127852874,0.9823814127852875,False,False,False
1.21,2.1923814127852874,0.9823814127852875,False,False,False
1.21,2.1923814127852874,0.9823814127852875,False,False,False
1.21,2.1923814127852874,0.9823814127852875,False,False,False
1.21,2.1923814127852874,0.9823814127852875,False,False,False
1.21,2.1923814127852874,0.9823814127852875,False,False,False
1.21,2.1923814127852874,0.9823814127852875,False,False,False
1.21,2.1923814127852874,0.9823814127852875,False,False,False
1.21,2.1923814127852874,0.9823814127852875,False,False,False
1.21,2.1923814127852874,0.9823814127852875,False,False,False
1.21,2.1923814127852874,0.9823814127852875,False,False,False
1.21,2.1923814127852874,0.9823814127852875,False,False,False
1.21,2.1923814127852874,0.9823814127852875,False,False,False
1.21,2.1923814127852874,0.9823814127852875,False,False,False
1.21,2.1923814127852874,0.9823814127852875,False,False,False
1.21,2.1923814127852874,0.9823814127852875,False,False,False
1.21,2.1923814127852874,0.9823814127852875,False,False,False
1.21,2.1923814127852874,0.9823814127852875,False,False,False
1.21,2.1923814127852874,0.9823814127852875,False,False,False
1.21,2.1923814127852874,0.9823814127852875,False,False,False
1.21,2.1923814127852874,0.9823814127852875,False,False,False
1.21,2.1923814127852874,0.9823814127852875,False,False,False
1.21,2.1923814127852874,0.9823814127852875,False,False,False
1.21,2.1923814127852874,0.9823814127852875,False,False,False
1.21,2.1923814127852874,0.9823814127852875,False,False,False
1.21,2.1923814127852874,0.9823814127852875,False,False,False
1.21,2.1923814127852874,0.9823814127852875,False,False,False
1.21,2.1923814127852874,0.9823814127852875,False,False,False
1.21,2.1923814127852874,0.9823814127852875,False,False,False
1.21,2.1923814127852874,0.9823814127852875,False,False,False
1.21,2.1923814127852874,0.9823814127852875,False,False,False
1.21,2.1923814127852874,0.9823814127852875,False,False,False
1.21,2.1923814127852874,0.9823814127852875,False,False,False
1.21,2.230585995019587,1.0205859950195872,False,False,False
1.21,2.2136458699904553,1.0036458699904554,False,False,False
1.21,2.2190504782006157,1.0090504782006158,False,False,False
1.21,2.2190504782006157,1.0090504782006158,False,False,False
1.21,2.2190504782006157,1.0090504782006158,False,False,False
1.21,2.2190504782006157,1.0090504782006158,False,False,False
1.21,2.2190504782006157,1.0090504782006158,False,False,False
1.21,2.2190504782006157,1.0090504782006158,False,False,False
1.21,2.2190504782006157,1.0090504782006158,False,False,False
1.21,2.2190504782006157,1.0090504782006158,False,False,False
1.21,2.170675495899086,0.960675495899086,False,False,False
1.21,2.1311731888706915,0.9211731888706916,False,False,False
1.21,2.1308711200754695,0.9208711200754696,False,False,False
1.21,2.1308711200754695,0.9208711200754696,False,False,False
1.21,2.1308711200754695,0.9208711200754696,False,False,False
1.21,2.1308711200754695,0.9208711200754696,False,False,False
1.21,2.1308711200754695,0.9208711200754696,False,False,False
1.21,2.1308711200754695,0.9208711200754696,False,False,False
1.21,2.1937600407174287,0.9837600407174287,False,False,False
1.21,2.2190504782006157,1.0090504782006158,False,False,False
1.21,2.2190504782006157,1.0090504782006158,False,False,False
1.21,2.2190504782006157,1.0090504782006158,False,False,False
1.21,2.2190504782006157,1.0090504782006158,False,False,False
1.21,2.2190504782006157,1.0090504782006158,False,False,False
1.21,2.2190504782006157,1.0090504782006158,False,False,False
1.21,2.2190504782006157,1.0090504782006158,False,False,False
1.21,2.2190504782006157,1.0090504782006158,False,False,False
1.21,2.2190504782006157,1.0090504782006158,False,False,False
1.21,2.2190504782006157,1.0090504782006158,False,False,False
1.21,2.2190504782006157,1.0090504782006158,False,False,False
1.21,2.2190504782006157,1.0090504782006158,False,False,False
1.21,2.2190504782006157,1.0090504782006158,False,False,False
1.21,2.2190504782006157,1.0090504782006158,False,False,False
1.21,2.2190504782006157,1.0090504782006158,False,False,False
1.21,2.2190504782006157,1.0090504782006158,False,False,False
1.21,2.2190504782006157,1.0090504782006158,False,False,False
1.21,2.2190504782006157,1.0090504782006158,False,False,False
1.21,2.2190504782006157,1.0090504782006158,False,False,False
1.21,2.2190504782006157,1.0090504782006158,False,False,False
1.21,2.2190504782006157,1.0090504782006158,False,False,False
1.21,2.2190504782006157,1.0090504782006158,False,False,False
1.21,2.1554796354321013,0.9454796354321013,False,False,False
1.21,2.1308711200754695,0.9208711200754696,False,False,False
1.21,2.218739931756501,1.0087399317565011,False,False,False
1.21,2.1608028694831996,0.9508028694831996,False,False,False
1.21,2.1561749117229345,0.9461749117229346,False,False,False
1.21,2.1923814127852874,0.9823814127852875,False,False,False
1.21,2.1923814127852874,0.9823814127852875,False,False,False
1.21,2.1923814127852874,0.9823814127852875,False,False,False
1.21,2.1923814127852874,0.9823814127852875,False,False,False
1.21,2.1923814127852874,0.9823814127852875,False,False,False
1.21,2.1923814127852874,0.9823814127852875,False,False,False
1.21,2.1923814127852874,0.9823814127852875,False,False,False
1.21,2.1923814127852874,0.9823814127852875,False,False,False
1.21,2.1923814127852874,0.9823814127852875,False,False,False
1.21,2.1923814127852874,0.9823814127852875,False,False,False
1.21,2.1923814127852874,0.9823814127852875,False,False,False
1.21,2.1923814127852874,0.9823814127852875,False,False,False
1.21,2.1923814127852874,0.9823814127852875,False,False,False
1.21,2.1923814127852874,0.9823814127852875,False,False,False
1.21,2.1923814127852874,0.9823814127852875,False,False,False
1.21,2.1923814127852874,0.9823814127852875,False,False,False
1.21,2.1923814127852874,0.9823814127852875,False,False,False
1.21,2.1721296551019074,0.9621296551019074,False,False,False
1.21,2.175335261227247,0.965335261227247,False,False,False
1.21,2.1923814127852874,0.9823814127852875,False,False,False
1.21,2.1923814127852874,0.9823814127852875,False,False,False
1.21,2.1923814127852874,0.9823814127852875,False,False,False
1.21,2.1923814127852874,0.9823814127852875,False,False,False
1.21,2.1721296551019074,0.9621296551019074,False,False,False
1.21,2.184498581588576,0.974498581588576,False,False,False
1.21,2.184956870881287,0.9749568708812872,False,False,False
1.21,2.1923814127852874,0.9823814127852875,False,False,False
1.21,2.1923814127852874,0.9823814127852875,False,False,False
1.21,2.1923814127852874,0.9823814127852875,False,False,False
1.21,2.1923814127852874,0.9823814127852875,False,False,False
1.21,2.1923814127852874,0.9823814127852875,False,False,False
1.21,2.1923814127852874,0.9823814127852875,False,False,False
1.21,2.1923814127852874,0.9823814127852875,False,False,False
1.21,2.1923814127852874,0.9823814127852875,False,False,False
1.21,2.1923814127852874,0.9823814127852875,False,False,False
1.21,2.1923814127852874,0.9823814127852875,False,False,False
1.21,2.1923814127852874,0.9823814127852875,False,False,False
1.21,2.1923814127852874,0.9823814127852875,False,False,False
1.21,2.1923814127852874,0.9823814127852875,False,False,False
1.21,2.1923814127852874,0.9823814127852875,False,False,False
1.21,2.1721296551019074,0.9621296551019074,False,False,False
1.21,2.177243123574936,0.9672431235749359,False,False,False
1.26,3.2993378835203444,2.0393378835203446,True,False,True
1.26,3.2463253872306552,1.9863253872306552,True,False,True
1.26,3.7330569946772467,2.473056994677247,True,False,True
1.26,3.7910494150423997,2.5310494150424,True,False,True
1.26,3.848625057883667,2.588625057883667,True,False,True
1.26,3.8095461677529467,2.549546167752947,True,False,True
1.26,3.848625057883667,2.588625057883667,True,False,True
1.26,3.848625057883667,2.588625057883667,True,False,True
1.26,4.023264930423942,2.763264930423942,True,False,True
1.26,3.9827784799415813,2.7227784799415815,True,False,True
1.26,4.023264930423942,2.763264930423942,True,False,True
1.26,3.848625057883667,2.588625057883667,True,False,True
1.26,3.848625057883667,2.588625057883667,True,False,True
1.26,3.848625057883667,2.588625057883667,True,False,True
1.26,3.848625057883667,2.588625057883667,True,False,True
1.26,3.848625057883667,2.588625057883667,True,False,True
1.26,3.848625057883667,2.588625057883667,True,False,True
1.26,4.023264930423942,2.763264930423942,True,False,True
1.26,3.9827784799415813,2.7227784799415815,True,False,True
1.26,4.023264930423942,2.763264930423942,True,False,True
1.26,4.023264930423942,2.763264930423942,True,False,True
1.26,3.9636155031990237,2.703615503199024,True,False,True
1.26,4.023264930423942,2.763264930423942,True,False,True
1.26,4.023264930423942,2.763264930423942,True,False,True
1.26,4.023264930423942,2.763264930423942,True,False,True
1.26,3.848625057883667,2.588625057883667,True,False,True
1.26,3.848625057883667,2.588625057883667,True,False,True
1.26,3.848625057883667,2.588625057883667,True,False,True
1.26,3.848625057883667,2.588625057883667,True,False,True
1.26,3.848625057883667,2.588625057883667,True,False,True
1.26,3.848625057883667,2.588625057883667,True,False,True
1.26,3.848625057883667,2.588625057883667,True,False,True
1.26,3.848625057883667,2.588625057883667,True,False,True
1.26,3.848625057883667,2.588625057883667,True,False,True
1.26,3.848625057883667,2.588625057883667,True,False,True
1.26,3.848625057883667,2.588625057883667,True,False,True
1.26,3.848625057883667,2.588625057883667,True,False,True
1.26,3.848625057883667,2.588625057883667,True,False,True
1.26,3.848625057883667,2.588625057883667,True,False,True
1.26,3.848625057883667,2.588625057883667,True,False,True
1.26,3.848625057883667,2.588625057883667,True,False,True
1.26,3.848625057883667,2.588625057883667,True,False,True
1.26,3.9827784799415813,2.7227784799415815,True,False,True
1.26,3.982047860695282,2.722047860695282,True,False,True
1.26,4.023264930423942,2.763264930423942,True,False,True
1.26,3.9159767390389764,2.6559767390389766,True,False,True
1.26,3.559793599292684,2.299793599292684,True,False,True
1.26,2.372916447857895,1.1129164478578948,False,False,False
1.26,2.372916447857895,1.1129164478578948,False,False,False
1.26,2.3410579439588424,1.0810579439588424,False,False,False
1.26,2.3410579439588424,1.0810579439588424,False,False,False
1.26,2.372916447857895,1.1129164478578948,False,False,False
1.26,2.372916447857895,1.1129164478578948,False,False,False
1.26,2.4051026723444697,1.1451026723444697,False,False,False
1.26,2.417381842734866,1.157381842734866,False,False,False
1.26,2.372916447857895,1.1129164478578948,False,False,False
1.26,2.372916447857895,1.1129164478578948,False,False,False
1.26,2.373724792930021,1.113724792930021,False,False,False
1.26,2.385103345937098,1.125103345937098,False,False,False
1.26,2.372916447857895,1.1129164478578948,False,False,False
1.26,3.602738542614394,2.342738542614394,True,False,True
1.26,3.559231843921049,2.2992318439210493,True,False,True
1.26,3.602738542614394,2.342738542614394,True,False,True
1.26,4.023264930423942,2.763264930423942,True,False,True
1.26,3.9159767390389764,2.6559767390389766,True,False,True
1.26,4.023264930423942,2.763264930423942,True,False,True
1.26,3.9750536753056362,2.7150536753056365,True,False,True
1.26,3.9750536753056362,2.7150536753056365,True,False,True
1.26,2.649952137873915,1.3899521378739148,False,False,False
1.26,2.767122460963735,1.5071224609637348,False,False,False
1.26,3.848625057883667,2.588625057883667,True,False,True
1.26,3.848625057883667,2.588625057883667,True,False,True
1.26,3.848625057883667,2.588625057883667,True,False,True
1.26,3.8095461677529467,2.549546167752947,True,False,True
1.26,2.919635211803412,1.6596352118034121,False,False,False
1.26,2.5396035411865423,1.2796035411865423,False,False,False
1.26,2.5396035411865423,1.2796035411865423,False,False,False
1.26,2.5683637969503335,1.3083637969503334,False,False,False
1.26,3.847914109403889,2.587914109403889,True,False,True
1.26,3.751737728211543,2.491737728211543,True,False,True
1.26,3.8088409493672053,2.5488409493672055,True,False,True
1.26,3.8065852217853298,2.54658522178533,True,False,True
1.26,3.8088409493672053,2.5488409493672055,True,False,True
1.26,3.7678451638217476,2.507845163821748,True,False,True
1.26,2.377658266636091,1.1176582666360908,False,False,False
1.26,2.377658266636091,1.1176582666360908,False,False,False
1.26,2.377658266636091,1.1176582666360908,False,False,False
1.26,2.377658266636091,1.1176582666360908,False,False,False
1.26,4.023264930423942,2.763264930423942,True,False,True
1.26,3.9636155031990237,2.703615503199024,True,False,True
1.26,3.9636155031990237,2.703615503199024,True,False,True
1.26,4.023264930423942,2.763264930423942,True,False,True
1.26,4.023264930423942,2.763264930423942,True,False,True
1.26,3.848625057883667,2.588625057883667,True,False,True
1.26,3.848625057883667,2.588625057883667,True,False,True
1.26,3.848625057883667,2.588625057883667,True,False,True
1.26,3.848625057883667,2.588625057883667,True,False,True
1.26,3.848625057883667,2.588625057883667,True,False,True
1.26,3.848625057883667,2.588625057883667,True,False,True
1.26,3.848625057883667,2.588625057883667,True,False,True
1.26,3.848625057883667,2.588625057883667,True,False,True
1.26,3.848625057883667,2.588625057883667,True,False,True
1.26,3.848625057883667,2.588625057883667,True,False,True
1.26,3.848625057883667,2.588625057883667,True,False,True
1.26,3.848625057883667,2.588625057883667,True,False,True
1.26,3.848625057883667,2.588625057883667,True,False,True
1.26,3.848625057883667,2.588625057883667,True,False,True
1.26,3.848625057883667,2.588625057883667,True,False,True
1.26,3.848625057883667,2.588625057883667,True,False,True
1.26,3.848625057883667,2.588625057883667,True,False,True
1.26,4.023264930423942,2.763264930423942,True,False,True
1.26,4.023264930423942,2.763264930423942,True,False,True
1.26,4.023264930423942,2.763264930423942,True,False,True
1.26,4.023264930423942,2.763264930423942,True,False,True
1.26,4.023264930423942,2.763264930423942,True,False,True
1.26,4.023264930423942,2.763264930423942,True,False,True
1.26,4.023264930423942,2.763264930423942,True,False,True
1.26,3.848625057883667,2.588625057883667,True,False,True
1.26,3.848625057883667,2.588625057883667,True,False,True
1.26,3.848625057883667,2.588625057883667,True,False,True
1.26,3.848625057883667,2.588625057883667,True,False,True
1.26,3.848625057883667,2.588625057883667,True,False,True
1.26,3.848625057883667,2.588625057883667,True,False,True
1.26,3.848625057883667,2.588625057883667,True,False,True
1.26,3.848625057883667,2.588625057883667,True,False,True
1.26,3.848625057883667,2.588625057883667,True,False,True
1.26,3.848625057883667,2.588625057883667,True,False,True
1.26,3.848625057883667,2.588625057883667,True,False,True
1.26,3.848625057883667,2.588625057883667,True,False,True
1.26,3.848625057883667,2.588625057883667,True,False,True
1.26,3.848625057883667,2.588625057883667,True,False,True
1.26,3.848625057883667,2.588625057883667,True,False,True
1.26,3.848625057883667,2.588625057883667,True,False,True
1.26,3.848625057883667,2.588625057883667,True,False,True
1.26,4.023264930423942,2.763264930423942,True,False,True
1.26,4.023264930423942,2.763264930423942,True,False,True
1.26,4.023264930423942,2.763264930423942,True,False,True
1.26,4.023264930423942,2.763264930423942,True,False,True
1.26,4.023264930423942,2.763264930423942,True,False,True
1.26,3.848625057883667,2.588625057883667,True,False,True
1.26,3.848625057883667,2.588625057883667,True,False,True
1.26,3.848625057883667,2.588625057883667,True,False,True
1.26,3.848625057883667,2.588625057883667,True,False,True
1.26,3.848625057883667,2.588625057883667,True,False,True
1.26,3.848625057883667,2.588625057883667,True,False,True
1.26,3.848625057883667,2.588625057883667,True,False,True
1.26,3.848625057883667,2.588625057883667,True,False,True
1.26,3.848625057883667,2.588625057883667,True,False,True
1.26,3.848625057883667,2.588625057883667,True,False,True
1.26,3.848625057883667,2.588625057883667,True,False,True
1.26,3.848625057883667,2.588625057883667,True,False,True
1.26,3.848625057883667,2.588625057883667,True,False,True
1.26,3.848625057883667,2.588625057883667,True,False,True
1.26,3.848625057883667,2.588625057883667,True,False,True
1.26,3.848625057883667,2.588625057883667,True,False,True
1.26,4.023264930423942,2.763264930423942,True,False,True
1.26,4.023264930423942,2.763264930423942,True,False,True
1.26,4.023264930423942,2.763264930423942,True,False,True
1.26,4.023264930423942,2.763264930423942,True,False,True
1.26,4.023264930423942,2.763264930423942,True,False,True
1.26,4.023264930423942,2.763264930423942,True,False,True
1.26,4.023264930423942,2.763264930423942,True,False,True
1.26,4.023264930423942,2.763264930423942,True,False,True
1.26,3.848625057883667,2.588625057883667,True,False,True
1.26,3.848625057883667,2.588625057883667,True,False,True
1.26,3.848625057883667,2.588625057883667,True,False,True
1.26,3.848625057883667,2.588625057883667,True,False,True
1.26,3.848625057883667,2.588625057883667,True,False,True
1.26,3.848625057883667,2.588625057883667,True,False,True
1.26,3.848625057883667,2.588625057883667,True,False,True
1.26,4.023264930423942,2.763264930423942,True,False,True
1.26,4.023264930423942,2.763264930423942,True,False,True
1.26,4.023264930423942,2.763264930423942,True,False,True
1.26,3.848625057883667,2.588625057883667,True,False,True
1.26,3.848625057883667,2.588625057883667,True,False,True
1.26,3.848625057883667,2.588625057883667,True,False,True
1.26,3.848625057883667,2.588625057883667,True,False,True
1.26,3.848625057883667,2.588625057883667,True,False,True
1.26,3.848625057883667,2.588625057883667,True,False,True
1.26,4.023264930423942,2.763264930423942,True,False,True
1.66,3.822606109371371,2.162606109371371,True,False,True
1.66,3.7428350992476176,2.0828350992476174,True,False,True
1.66,3.5779447084988574,1.9179447084988575,True,False,True
1.66,3.147163186433562,1.487163186433562,True,False,False
1.66,3.147163186433562,1.487163186433562,True,False,False
1.66,3.147163186433562,1.487163186433562,True,False,False
1.66,3.255925123082581,1.595925123082581,True,False,False
1.66,3.296537502169702,1.6365375021697022,True,False,False
1.66,2.369489244826258,0.7094892448262582,False,False,False
1.66,2.369489244826258,0.7094892448262582,False,False,False
1.66,2.2517975455580936,0.5917975455580937,False,False,False
1.66,2.2517975455580936,0.5917975455580937,False,False,False
1.66,2.2517975455580936,0.5917975455580937,False,False,False
1.66,2.2517975455580936,0.5917975455580937,False,False,False
1.66,2.2517975455580936,0.5917975455580937,False,False,False
1.66,2.221083056662324,0.5610830566623239,False,False,False
1.66,2.2517975455580936,0.5917975455580937,False,False,False
1.66,2.2517975455580936,0.5917975455580937,False,False,False
1.66,2.396202040921953,0.7362020409219532,False,False,False
1.66,2.369489244826258,0.7094892448262582,False,False,False
1.66,3.2455176964050123,1.5855176964050124,True,False,False
1.66,2.364099948324665,0.704099948324665,False,False,False
1.66,3.2455176964050123,1.5855176964050124,True,False,False
1.66,2.369489244826258,0.7094892448262582,False,False,False
1.66,2.364099948324665,0.704099948324665,False,False,False
1.66,2.396202040921953,0.7362020409219532,False,False,False
1.66,2.2586738667018587,0.5986738667018587,False,False,False
1.66,2.2471429503710283,0.5871429503710284,False,False,False
1.66,2.2471429503710283,0.5871429503710284,False,False,False
1.66,2.2471429503710283,0.5871429503710284,False,False,False
1.66,3.0572781178039152,1.3972781178039153,True,False,False
1.66,3.147163186433562,1.487163186433562,True,False,False
1.66,3.147163186433562,1.487163186433562,True,False,False
1.66,3.147163186433562,1.487163186433562,True,False,False
1.66,3.147163186433562,1.487163186433562,True,False,False
1.66,3.147163186433562,1.487163186433562,True,False,False
1.66,3.147163186433562,1.487163186433562,True,False,False
1.66,3.107962745758125,1.4479627457581252,True,False,False
1.66,3.147163186433562,1.487163186433562,True,False,False
1.66,3.147163186433562,1.487163186433562,True,False,False
1.66,3.147163186433562,1.487163186433562,True,False,False
1.66,3.147163186433562,1.487163186433562,True,False,False
1.66,3.147163186433562,1.487163186433562,True,False,False
1.66,3.255925123082581,1.595925123082581,True,False,False
1.66,3.255925123082581,1.595925123082581,True,False,False
1.66,2.3689221947325385,0.7089221947325386,False,False,False
1.66,2.3689221947325385,0.7089221947325386,False,False,False
1.66,2.3689221947325385,0.7089221947325386,False,False,False
1.66,2.2517975455580936,0.5917975455580937,False,False,False
1.66,2.221083056662324,0.5610830566623239,False,False,False
1.66,2.221083056662324,0.5610830566623239,False,False,False
1.66,2.2315473040890526,0.5715473040890526,False,False,False
1.66,2.2517975455580936,0.5917975455580937,False,False,False
1.66,2.2517975455580936,0.5917975455580937,False,False,False
1.66,2.2465964898897686,0.5865964898897686,False,False,False
1.66,2.2517975455580936,0.5917975455580937,False,False,False
1.66,2.2517975455580936,0.5917975455580937,False,False,False
1.66,2.221083056662324,0.5610830566623239,False,False,False
1.66,2.221083056662324,0.5610830566623239,False,False,False
1.66,2.2517975455580936,0.5917975455580937,False,False,False
1.66,2.2517975455580936,0.5917975455580937,False,False,False
1.66,2.2517975455580936,0.5917975455580937,False,False,False
1.66,2.2517975455580936,0.5917975455580937,False,False,False
1.66,2.2775772998375756,0.6175772998375757,False,False,False
1.66,2.2517975455580936,0.5917975455580937,False,False,False
1.66,2.3689221947325385,0.7089221947325386,False,False,False
1.66,2.3689221947325385,0.7089221947325386,False,False,False
1.66,2.3689221947325385,0.7089221947325386,False,False,False
1.66,2.3689221947325385,0.7089221947325386,False,False,False
1.66,2.3689221947325385,0.7089221947325386,False,False,False
1.66,2.3689221947325385,0.7089221947325386,False,False,False
1.66,2.2517975455580936,0.5917975455580937,False,False,False
1.66,2.2465964898897686,0.5865964898897686,False,False,False
1.66,2.2517975455580936,0.5917975455580937,False,False,False
1.66,2.2517975455580936,0.5917975455580937,False,False,False
1.66,2.2517975455580936,0.5917975455580937,False,False,False
1.66,2.2517975455580936,0.5917975455580937,False,False,False
1.66,2.2517975455580936,0.5917975455580937,False,False,False
1.66,2.2517975455580936,0.5917975455580937,False,False,False
1.66,2.2517975455580936,0.5917975455580937,False,False,False
1.66,2.2466193111650017,0.5866193111650018,False,False,False
1.66,2.221083056662324,0.5610830566623239,False,False,False
1.66,2.2517975455580936,0.5917975455580937,False,False,False
1.66,2.2517975455580936,0.5917975455580937,False,False,False
1.66,2.2517975455580936,0.5917975455580937,False,False,False
1.66,2.2465964898897686,0.5865964898897686,False,False,False
1.66,2.2517975455580936,0.5917975455580937,False,False,False
1.66,2.221083056662324,0.5610830566623239,False,False,False
1.66,2.2517975455580936,0.5917975455580937,False,False,False
1.66,2.3635338051936525,0.7035338051936526,False,False,False
1.66,2.364099948324665,0.704099948324665,False,False,False
1.66,2.2586738667018587,0.5986738667018587,False,False,False
1.66,2.3969920881136737,0.7369920881136738,False,False,False
1.66,2.37604619018268,0.71604619018268,False,False,False
1.66,2.443075782389616,0.7830757823896162,False,False,False
1.66,2.408024538515456,0.748024538515456,False,False,False
1.66,2.408024538515456,0.748024538515456,False,False,False
1.66,2.408024538515456,0.748024538515456,False,False,False
1.66,2.3822753065023936,0.7222753065023937,False,False,False
1.66,2.3822753065023936,0.7222753065023937,False,False,False
1.66,2.5325713361704216,0.8725713361704217,False,False,False
1.66,2.530776239031612,0.8707762390316123,False,False,False
1.66,2.5116061580921594,0.8516061580921594,False,False,False
1.66,2.3822753065023936,0.7222753065023937,False,False,False
1.66,2.382666709879561,0.7226667098795609,False,False,False
1.66,2.382666709879561,0.7226667098795609,False,False,False
1.66,3.0812460971735387,1.4212460971735388,True,False,False
1.66,2.3754357397342263,0.7154357397342264,False,False,False
1.66,2.3754357397342263,0.7154357397342264,False,False,False
1.66,2.4028620867980717,0.7428620867980718,False,False,False
1.66,3.2482013016527187,1.5882013016527188,True,False,False
1.66,3.26460228651724,1.6046022865172402,True,False,False
1.66,3.26460228651724,1.6046022865172402,True,False,False
1.66,3.1497846214824907,1.4897846214824908,True,False,False
1.66,3.255925123082581,1.595925123082581,True,False,False
1.66,3.296537502169702,1.6365375021697022,True,False,False
1.66,3.147163186433562,1.487163186433562,True,False,False
1.66,3.147163186433562,1.487163186433562,True,False,False
1.66,3.147163186433562,1.487163186433562,True,False,False
1.66,3.147163186433562,1.487163186433562,True,False,False
1.66,3.1105594020837435,1.4505594020837436,True,False,False
1.66,3.147163186433562,1.487163186433562,True,False,False
1.66,3.147163186433562,1.487163186433562,True,False,False
1.66,3.147163186433562,1.487163186433562,True,False,False
1.66,3.147163186433562,1.487163186433562,True,False,False
1.66,3.147163186433562,1.487163186433562,True,False,False
1.66,3.147163186433562,1.487163186433562,True,False,False
1.66,3.107962745758125,1.4479627457581252,True,False,False
1.66,3.107962745758125,1.4479627457581252,True,False,False
1.66,3.1060357856094134,1.4460357856094135,True,False,False
1.66,3.147163186433562,1.487163186433562,True,False,False
1.66,3.107962745758125,1.4479627457581252,True,False,False
1.66,3.1105594020837435,1.4505594020837436,True,False,False
1.66,2.5383399847352415,0.8783399847352416,False,False,False
1.66,2.504505061166192,0.8445050611661922,False,False,False
1.66,2.504505061166192,0.8445050611661922,False,False,False
1.66,3.2992533571990066,1.6392533571990067,True,False,False
1.66,3.296537502169702,1.6365375021697022,True,False,False
1.66,3.296537502169702,1.6365375021697022,True,False,False
1.66,3.107962745758125,1.4479627457581252,True,False,False
1.66,2.2586738667018587,0.5986738667018587,False,False,False
1.66,3.1060357856094134,1.4460357856094135,True,False,False
1.66,3.0979171458393715,1.4379171458393716,True,False,False
1.66,3.107962745758125,1.4479627457581252,True,False,False
1.66,3.147163186433562,1.487163186433562,True,False,False
1.66,3.147163186433562,1.487163186433562,True,False,False
1.66,3.147163186433562,1.487163186433562,True,False,False
1.66,3.107962745758125,1.4479627457581252,True,False,False
1.66,3.147163186433562,1.487163186433562,True,False,False
1.66,3.147163186433562,1.487163186433562,True,False,False
1.66,3.147163186433562,1.487163186433562,True,False,False
1.66,3.107962745758125,1.4479627457581252,True,False,False
1.66,2.2471429503710283,0.5871429503710284,False,False,False
1.66,2.2897699256240456,0.6297699256240457,False,False,False
1.66,2.2586738667018587,0.5986738667018587,False,False,False
1.66,3.2455176964050123,1.5855176964050124,True,False,False
1.66,3.213719130565295,1.5537191305652949,True,False,False
1.66,3.296537502169702,1.6365375021697022,True,False,False
1.66,2.37604619018268,0.71604619018268,False,False,False
1.66,3.296537502169702,1.6365375021697022,True,False,False
1.66,3.296537502169702,1.6365375021697022,True,False,False
1.66,3.2482013016527187,1.5882013016527188,True,False,False
1.66,3.2992533571990066,1.6392533571990067,True,False,False
1.66,3.1163382371254693,1.4563382371254694,True,False,False
1.66,3.1497846214824907,1.4897846214824908,True,False,False
1.66,3.1497846214824907,1.4897846214824908,True,False,False
1.66,3.1497846214824907,1.4897846214824908,True,False,False
1.66,3.1497846214824907,1.4897846214824908,True,False,False
1.66,3.1497846214824907,1.4897846214824908,True,False,False
1.66,3.1497846214824907,1.4897846214824908,True,False,False
1.66,3.1497846214824907,1.4897846214824908,True,False,False
1.66,3.1497846214824907,1.4897846214824908,True,False,False
1.66,3.147163186433562,1.487163186433562,True,False,False
1.66,3.147163186433562,1.487163186433562,True,False,False
1.66,3.147163186433562,1.487163186433562,True,False,False
1.66,3.147163186433562,1.487163186433562,True,False,False
1.66,3.107962745758125,1.4479627457581252,True,False,False
1.66,3.1163382371254693,1.4563382371254694,True,False,False
1.66,2.408024538515456,0.748024538515456,False,False,False
1.66,2.4152111923164004,0.7552111923164004,False,False,False
1.91,2.3734572553070765,0.4634572553070766,False,False,False
1.91,2.505544074500422,0.5955440745004219,False,False,False
1.91,2.3865802346322478,0.47658023463224786,False,False,False
1.91,2.3836696006602773,0.4736696006602774,False,False,False
1.91,2.3836696006602773,0.4736696006602774,False,False,False
1.91,2.3865802346322478,0.47658023463224786,False,False,False
1.91,2.3836696006602773,0.4736696006602774,False,False,False
1.91,2.3865802346322478,0.47658023463224786,False,False,False
1.91,2.3865802346322478,0.47658023463224786,False,False,False
1.91,2.505544074500422,0.5955440745004219,False,False,False
1.91,2.505544074500422,0.5955440745004219,False,False,False
1.91,2.505544074500422,0.5955440745004219,False,False,False
1.91,2.3836696006602773,0.4736696006602774,False,False,False
1.91,2.3865802346322478,0.47658023463224786,False,False,False
1.91,2.3865802346322478,0.47658023463224786,False,False,False
1.91,2.3746038664356908,0.46460386643569085,False,False,False
1.91,2.3865802346322478,0.47658023463224786,False,False,False
1.91,2.3865802346322478,0.47658023463224786,False,False,False
1.91,2.505544074500422,0.5955440745004219,False,False,False
1.91,2.5085595449445486,0.5985595449445487,False,False,False
1.91,2.505544074500422,0.5955440745004219,False,False,False
1.91,2.505544074500422,0.5955440745004219,False,False,False
1.91,2.5085595449445486,0.5985595449445487,False,False,False
1.91,2.505544074500422,0.5955440745004219,False,False,False
1.91,2.5085595449445486,0.5985595449445487,False,False,False
1.91,2.3836696006602773,0.4736696006602774,False,False,False
1.91,2.3746038664356908,0.46460386643569085,False,False,False
1.91,2.3746038664356908,0.46460386643569085,False,False,False
1.91,2.3836696006602773,0.4736696006602774,False,False,False
1.91,2.3865802346322478,0.47658023463224786,False,False,False
1.91,2.3836696006602773,0.4736696006602774,False,False,False
1.91,2.3865802346322478,0.47658023463224786,False,False,False
1.91,2.3836696006602773,0.4736696006602774,False,False,False
1.91,2.3822753065023936,0.4722753065023937,False,False,False
1.91,2.3836696006602773,0.4736696006602774,False,False,False
1.91,2.3865802346322478,0.47658023463224786,False,False,False
1.91,2.3836696006602773,0.4736696006602774,False,False,False
1.91,2.3836696006602773,0.4736696006602774,False,False,False
1.91,2.3836696006602773,0.4736696006602774,False,False,False
1.91,2.3836696006602773,0.4736696006602774,False,False,False
1.91,2.3836696006602773,0.4736696006602774,False,False,False
1.91,2.3836696006602773,0.4736696006602774,False,False,False
1.91,2.3836696006602773,0.4736696006602774,False,False,False
1.91,2.505544074500422,0.5955440745004219,False,False,False
1.91,2.5085595449445486,0.5985595449445487,False,False,False
1.91,2.5277416742031584,0.6177416742031585,False,False,False
1.91,2.4874599006776097,0.5774599006776098,False,False,False
1.91,2.5277416742031584,0.6177416742031585,False,False,False
1.91,2.4094015778918654,0.49940157789186546,False,False,False
1.91,2.4094015778918654,0.49940157789186546,False,False,False
1.91,2.4123343465211557,0.5023343465211558,False,False,False
1.91,2.4123343465211557,0.5023343465211558,False,False,False
1.91,2.4094015778918654,0.49940157789186546,False,False,False
1.91,2.3704710793175012,0.4604710793175013,False,False,False
1.91,2.4123343465211557,0.5023343465211558,False,False,False
1.91,2.4123343465211557,0.5023343465211558,False,False,False
1.91,2.4123343465211557,0.5023343465211558,False,False,False
1.91,2.4094015778918654,0.49940157789186546,False,False,False
1.91,2.4094015778918654,0.49940157789186546,False,False,False
1.91,2.373370359916024,0.46337035991602415,False,False,False
1.91,2.4123343465211557,0.5023343465211558,False,False,False
1.91,2.4094015778918654,0.49940157789186546,False,False,False
1.91,2.4094015778918654,0.49940157789186546,False,False,False
1.91,2.4123343465211557,0.5023343465211558,False,False,False
1.91,2.5277416742031584,0.6177416742031585,False,False,False
1.91,2.505544074500422,0.5955440745004219,False,False,False
1.91,2.4874599006776097,0.5774599006776098,False,False,False
1.91,2.5277416742031584,0.6177416742031585,False,False,False
1.91,2.530776239031612,0.6207762390316123,False,False,False
1.91,2.5277416742031584,0.6177416742031585,False,False,False
1.91,2.5277416742031584,0.6177416742031585,False,False,False
1.91,2.4050954739984918,0.49509547399849185,False,False,False
1.91,2.4050954739984918,0.49509547399849185,False,False,False
1.91,2.4050954739984918,0.49509547399849185,False,False,False
1.91,2.4050954739984918,0.49509547399849185,False,False,False
1.91,2.4050954739984918,0.49509547399849185,False,False,False
1.91,2.4050954739984918,0.49509547399849185,False,False,False
1.91,2.4050954739984918,0.49509547399849185,False,False,False
1.91,2.4050954739984918,0.49509547399849185,False,False,False
1.91,2.4050954739984918,0.49509547399849185,False,False,False
1.91,2.4050954739984918,0.49509547399849185,False,False,False
1.91,2.4050954739984918,0.49509547399849185,False,False,False
1.91,2.4050954739984918,0.49509547399849185,False,False,False
1.91,2.4050954739984918,0.49509547399849185,False,False,False
1.91,2.4094015778918654,0.49940157789186546,False,False,False
1.91,2.4094015778918654,0.49940157789186546,False,False,False
1.91,2.4094015778918654,0.49940157789186546,False,False,False
1.91,2.4123343465211557,0.5023343465211558,False,False,False
1.91,2.4094015778918654,0.49940157789186546,False,False,False
1.91,2.5277416742031584,0.6177416742031585,False,False,False
1.91,2.505544074500422,0.5955440745004219,False,False,False
1.91,2.3836696006602773,0.4736696006602774,False,False,False
1.91,2.5085595449445486,0.5985595449445487,False,False,False
1.91,2.375790898395533,0.465790898395533,False,False,False
1.91,2.2517975455580936,0.3417975455580937,False,False,False
1.91,2.2517975455580936,0.3417975455580937,False,False,False
1.91,2.221083056662324,0.31108305666232394,False,False,False
1.91,2.2517975455580936,0.3417975455580937,False,False,False
1.91,2.2517975455580936,0.3417975455580937,False,False,False
1.91,2.2396632536008148,0.32966325360081483,False,False,False
1.91,2.3689221947325385,0.4589221947325386,False,False,False
1.91,2.3689221947325385,0.4589221947325386,False,False,False
1.91,2.3689221947325385,0.4589221947325386,False,False,False
1.91,2.2584274504420394,0.3484274504420395,False,False,False
1.91,2.2584274504420394,0.3484274504420395,False,False,False
1.91,2.4050954739984918,0.49509547399849185,False,False,False
1.91,2.3865802346322478,0.47658023463224786,False,False,False
1.91,2.3865802346322478,0.47658023463224786,False,False,False
1.91,2.379368372448687,0.469368372448687,False,False,False
1.91,2.3865802346322478,0.47658023463224786,False,False,False
1.91,2.5085595449445486,0.5985595449445487,False,False,False
1.91,2.375790898395533,0.465790898395533,False,False,False
1.91,2.3689221947325385,0.4589221947325386,False,False,False
1.91,2.2517975455580936,0.3417975455580937,False,False,False
1.91,2.3563508446040276,0.44635084460402763,False,False,False
1.91,2.356915778713804,0.44691577871380406,False,False,False
1.91,2.252344881470407,0.34234488147040687,False,False,False
1.91,2.2517975455580936,0.3417975455580937,False,False,False
1.91,2.2517975455580936,0.3417975455580937,False,False,False
1.91,2.2517975455580936,0.3417975455580937,False,False,False
1.91,2.2517975455580936,0.3417975455580937,False,False,False
1.91,2.2517975455580936,0.3417975455580937,False,False,False
1.91,2.2517975455580936,0.3417975455580937,False,False,False
1.91,2.2396632536008148,0.32966325360081483,False,False,False
1.91,2.2517975455580936,0.3417975455580937,False,False,False
1.91,2.2517975455580936,0.3417975455580937,False,False,False
1.91,2.221083056662324,0.31108305666232394,False,False,False
1.91,2.2517975455580936,0.3417975455580937,False,False,False
1.91,2.2517975455580936,0.3417975455580937,False,False,False
1.91,2.2517975455580936,0.3417975455580937,False,False,False
1.91,2.2517975455580936,0.3417975455580937,False,False,False
1.91,2.2465964898897686,0.33659648988976865,False,False,False
1.91,2.2517975455580936,0.3417975455580937,False,False,False
1.91,2.3703915227759884,0.4603915227759885,False,False,False
1.91,2.505544074500422,0.5955440745004219,False,False,False
1.91,2.5085595449445486,0.5985595449445487,False,False,False
1.91,2.372889537438347,0.46288953743834704,False,False,False
1.91,2.5277416742031584,0.6177416742031585,False,False,False
1.91,2.5085595449445486,0.5985595449445487,False,False,False
1.91,2.3836696006602773,0.4736696006602774,False,False,False
1.91,2.3865802346322478,0.47658023463224786,False,False,False
1.91,2.3865802346322478,0.47658023463224786,False,False,False
1.91,2.3865802346322478,0.47658023463224786,False,False,False
1.91,2.3836696006602773,0.4736696006602774,False,False,False
1.91,2.3836696006602773,0.4736696006602774,False,False,False
1.91,2.3865802346322478,0.47658023463224786,False,False,False
1.91,2.3836696006602773,0.4736696006602774,False,False,False
1.91,2.3836696006602773,0.4736696006602774,False,False,False
1.91,2.3865802346322478,0.47658023463224786,False,False,False
1.91,2.3836696006602773,0.4736696006602774,False,False,False
1.91,2.3836696006602773,0.4736696006602774,False,False,False
1.91,2.3746038664356908,0.46460386643569085,False,False,False
1.91,2.3836696006602773,0.4736696006602774,False,False,False
1.91,2.3836696006602773,0.4736696006602774,False,False,False
1.91,2.3836696006602773,0.4736696006602774,False,False,False
1.91,2.505544074500422,0.5955440745004219,False,False,False
1.91,2.505544074500422,0.5955440745004219,False,False,False
1.91,2.505544074500422,0.5955440745004219,False,False,False
1.91,2.505544074500422,0.5955440745004219,False,False,False
1.91,2.5085595449445486,0.5985595449445487,False,False,False
1.91,2.505544074500422,0.5955440745004219,False,False,False
1.91,2.5085595449445486,0.5985595449445487,False,False,False
1.91,2.3689221947325385,0.4589221947325386,False,False,False
1.91,2.2517975455580936,0.3417975455580937,False,False,False
1.91,2.2517975455580936,0.3417975455580937,False,False,False
1.91,2.2517975455580936,0.3417975455580937,False,False,False
1.91,2.2517975455580936,0.3417975455580937,False,False,False
1.91,2.2350031860793207,0.32500318607932077,False,False,False
1.91,2.408024538515456,0.49802453851545603,False,False,False
1.91,2.2517975455580936,0.3417975455580937,False,False,False
1.91,2.2517975455580936,0.3417975455580937,False,False,False
1.91,2.366026737158955,0.45602673715895503,False,False,False
1.91,2.5085595449445486,0.5985595449445487,False,False,False
1.91,2.530776239031612,0.6207762390316123,False,False,False
1.91,2.3836696006602773,0.4736696006602774,False,False,False
1.91,2.3836696006602773,0.4736696006602774,False,False,False
1.91,2.3865802346322478,0.47658023463224786,False,False,False
1.91,2.2584274504420394,0.3484274504420395,False,False,False
1.91,2.3689221947325385,0.4589221947325386,False,False,False
1.91,2.3689221947325385,0.4589221947325386,False,False,False
2.22,2.41367417274611,0.19367417274610998,False,False,False
2.22,2.4067109144595618,0.18671091445956156,False,False,False
2.22,2.622358702917031,0.4023587029170308,False,False,False
2.22,2.6454289641229956,0.42542896412299536,False,False,False
2.22,2.6454289641229956,0.42542896412299536,False,False,False
2.22,2.6454289641229956,0.42542896412299536,False,False,False
2.22,2.6454289641229956,0.42542896412299536,False,False,False
2.22,2.6454289641229956,0.42542896412299536,False,False,False
2.22,2.2871623052839554,0.06716230528395517,False,False,False
2.22,2.487737563181133,0.26773756318113273,False,False,False
2.22,2.4402050093270793,0.2202050093270791,False,False,False
2.22,2.7225954756648076,0.5025954756648074,False,False,False
2.22,2.3569731098932802,0.13697310989328004,False,False,False
2.22,2.312819379123341,0.0928193791233407,False,False,False
2.22,2.305360904269826,0.08536090426982579,False,False,False
2.22,2.1789597518183506,0.04104024818164964,False,False,False
2.22,2.297859223112607,0.07785922311260673,False,False,False
2.22,2.366008186964368,0.14600818696436768,False,False,False
2.22,2.3888779327475804,0.16887793274758023,False,False,False
2.22,2.606231970507415,0.38623197050741487,False,False,False
2.22,2.660443573988349,0.440443573988349,False,False,False
2.22,2.660443573988349,0.440443573988349,False,False,False
2.22,2.784888389308592,0.5648883893085919,False,False,False
2.22,2.5009675179718296,0.2809675179718294,False,False,False
2.22,2.3937387577796283,0.1737387577796281,False,False,False
2.22,2.610376894188598,0.39037689418859767,False,False,False
2.22,2.6538285290508887,0.43382852905088853,False,False,False
2.22,2.6485640855423758,0.4285640855423756,False,False,False
2.22,2.6485640855423758,0.4285640855423756,False,False,False
2.22,2.6485640855423758,0.4285640855423756,False,False,False
2.22,2.6485640855423758,0.4285640855423756,False,False,False
2.22,2.6454289641229956,0.42542896412299536,False,False,False
2.22,2.6454289641229956,0.42542896412299536,False,False,False
2.22,2.6454289641229956,0.42542896412299536,False,False,False
2.22,2.6454289641229956,0.42542896412299536,False,False,False
2.22,2.6454289641229956,0.42542896412299536,False,False,False
2.22,2.6454289641229956,0.42542896412299536,False,False,False
2.22,2.6454289641229956,0.42542896412299536,False,False,False
2.22,2.6454289641229956,0.42542896412299536,False,False,False
2.22,2.6454289641229956,0.42542896412299536,False,False,False
2.22,2.6454289641229956,0.42542896412299536,False,False,False
2.22,2.6454289641229956,0.42542896412299536,False,False,False
2.22,2.905345352205182,0.6853453522051818,False,False,False
2.22,2.376592423383409,0.15659242338340862,False,False,False
2.22,2.9848863180441474,0.7648863180441472,False,False,False
2.22,2.743237699310572,0.5232376993105716,False,False,False
2.22,3.0961482163985954,0.8761482163985952,True,False,False
2.22,2.530169593894862,0.3101695938948619,False,False,False
2.22,2.983370797660125,0.7633707976601247,False,False,False
2.22,2.4467337559862266,0.22673375598622636,False,False,False
2.22,2.5248240209365522,0.30482402093655203,False,False,False
2.22,2.9871445606194635,0.7671445606194633,False,False,False
2.22,2.745499493171279,0.5254994931712789,False,False,False
2.22,3.0961482163985954,0.8761482163985952,True,False,False
2.22,2.4778722542438443,0.2578722542438441,False,False,False
2.22,2.255586217113581,0.03558621711358079,False,False,False
2.22,2.7607444906088534,0.5407444906088532,False,False,False
2.22,2.957776054981503,0.7377760549815027,False,False,False
2.22,3.3083033193189273,1.088303319318927,True,False,False
2.22,2.6878597893151577,0.4678597893151575,False,False,False
2.22,2.983370797660125,0.7633707976601247,False,False,False
2.22,3.0961482163985954,0.8761482163985952,True,False,False
2.22,3.0961482163985954,0.8761482163985952,True,False,False
2.22,2.616957151265524,0.39695715126552367,False,False,False
2.22,2.2405305746933233,0.02053057469332309,False,False,False
2.22,2.977694569670021,0.7576945696700208,False,False,False
2.22,2.5267883726407487,0.30678837264074854,False,False,False
2.22,2.304036461254966,0.084036461254966,False,False,False
2.22,2.1749464673515404,0.04505353264845979,False,False,False
2.22,2.1789597518183506,0.04104024818164964,False,False,False
2.22,2.4700174979118543,0.2500174979118541,False,False,False
2.22,2.291424789964524,0.07142478996452395,False,False,False
2.22,2.7085414567996327,0.48854145679963246,False,False,False
2.22,2.9701251634688375,0.7501251634688373,False,False,False
2.22,2.4870833113590156,0.2670833113590154,False,False,False
2.22,2.3942590428493897,0.17425904284938953,False,False,False
2.22,2.8517048561756644,0.6317048561756642,False,False,False
2.22,2.7910653469364015,0.5710653469364013,False,False,False
2.22,3.0892975284786344,0.8692975284786342,True,False,False
2.22,2.3220760993324077,0.10207609933240747,False,False,False
2.22,3.0085163542594415,0.7885163542594413,True,False,False
2.22,3.1416897622273376,0.9216897622273375,True,False,False
2.22,3.115708804404317,0.8957088044043169,True,False,False
2.22,2.975041140647718,0.7550411406477178,False,False,False
2.22,3.086536575953348,0.8665365759533477,True,False,False
2.22,2.5555094196058312,0.335509419605831,False,False,False
2.22,2.1789597518183506,0.04104024818164964,False,False,False
2.22,2.2761375369993604,0.056137536999360194,False,False,False
2.22,2.578186469448584,0.3581864694485839,False,False,False
2.22,2.6265540779085756,0.40655407790857545,False,False,False
2.22,2.610376894188598,0.39037689418859767,False,False,False
2.22,2.66887773462272,0.44887773462271996,False,False,False
2.22,2.66887773462272,0.44887773462271996,False,False,False
2.22,2.6121070236513573,0.3921070236513571,False,False,False
2.22,2.6538285290508887,0.43382852905088853,False,False,False
2.22,2.6538285290508887,0.43382852905088853,False,False,False
2.22,2.6538285290508887,0.43382852905088853,False,False,False
2.22,2.6308375533614248,0.4108375533614246,False,False,False
2.22,2.622624119107721,0.4026241191077209,False,False,False
2.22,2.622624119107721,0.4026241191077209,False,False,False
2.22,2.622624119107721,0.4026241191077209,False,False,False
2.22,2.622624119107721,0.4026241191077209,False,False,False
2.22,2.622624119107721,0.4026241191077209,False,False,False
2.22,2.622624119107721,0.4026241191077209,False,False,False
2.22,2.6073883657200176,0.38738836572001745,False,False,False
2.22,2.6073883657200176,0.38738836572001745,False,False,False
2.22,2.6073883657200176,0.38738836572001745,False,False,False
2.22,2.6073883657200176,0.38738836572001745,False,False,False
2.22,2.6073883657200176,0.38738836572001745,False,False,False
2.22,2.6073883657200176,0.38738836572001745,False,False,False
2.22,2.6304588735076453,0.4104588735076451,False,False,False
2.22,2.6066598700480434,0.38665987004804325,False,False,False
2.22,2.645792064856429,0.4257920648564286,False,False,False
2.22,2.66887773462272,0.44887773462271996,False,False,False
2.22,2.6605782484531155,0.44057824845311533,False,False,False
2.22,2.663727079356974,0.44372707935697386,False,False,False
2.22,2.6333535839107842,0.41335358391078403,False,False,False
2.22,2.6333535839107842,0.41335358391078403,False,False,False
2.22,2.6333535839107842,0.41335358391078403,False,False,False
2.22,2.6302308578447176,0.41023085784471736,False,False,False
2.22,2.588778804161055,0.3687788041610549,False,False,False
2.22,2.6353344224058404,0.4153344224058402,False,False,False
2.22,2.6455630861725963,0.4255630861725961,False,False,False
2.22,2.64869900102773,0.42869900102772984,False,False,False
2.22,2.63579567092858,0.41579567092857994,False,False,False
2.22,2.519532472890785,0.2995324728907849,False,False,False
2.22,2.6455630861725963,0.4255630861725961,False,False,False
2.22,2.6039359603305443,0.3839359603305441,False,False,False
2.22,2.6538285290508887,0.43382852905088853,False,False,False
2.22,2.6538285290508887,0.43382852905088853,False,False,False
2.22,2.6538285290508887,0.43382852905088853,False,False,False
2.22,2.6538285290508887,0.43382852905088853,False,False,False
2.22,2.6538285290508887,0.43382852905088853,False,False,False
2.22,2.6538285290508887,0.43382852905088853,False,False,False
2.22,2.663727079356974,0.44372707935697386,False,False,False
2.22,2.6222462958778014,0.40224629587780125,False,False,False
2.22,2.645182870512675,0.4251828705126748,False,False,False
2.22,2.6222462958778014,0.40224629587780125,False,False,False
2.22,2.645182870512675,0.4251828705126748,False,False,False
2.22,2.6073883657200176,0.38738836572001745,False,False,False
2.22,2.64869900102773,0.42869900102772984,False,False,False
2.22,2.607036067515033,0.38703606751503283,False,False,False
2.22,2.435996903242042,0.21599690324204168,False,False,False
2.22,2.407398034833892,0.18739803483389172,False,False,False
2.22,2.4632167887633294,0.2432167887633292,False,False,False
2.22,2.376728051207369,0.15672805120736877,False,False,False
2.22,2.379057417195382,0.15905741719538202,False,False,False
2.22,2.326330428348411,0.10633042834841078,False,False,False
2.22,2.3212994804930274,0.10129948049302717,False,False,False
2.22,2.352969578475176,0.13296957847517588,False,False,False
2.22,2.3702431418822796,0.15024314188227939,False,False,False
2.22,2.3702431418822796,0.15024314188227939,False,False,False
2.22,2.3876056938667616,0.16760569386676138,False,False,False
2.22,2.566499009876416,0.3464990098764158,False,False,False
2.22,2.6121070236513573,0.3921070236513571,False,False,False
2.22,2.6121070236513573,0.3921070236513571,False,False,False
2.22,2.468409899147762,0.24840989914776168,False,False,False
2.22,2.6605782484531155,0.44057824845311533,False,False,False
2.22,2.383253857035126,0.16325385703512563,False,False,False
2.22,2.4680685217433207,0.2480685217433205,False,False,False
2.22,2.534028546606381,0.314028546606381,False,False,False
2.22,2.6222462958778014,0.40224629587780125,False,False,False
2.22,2.6222462958778014,0.40224629587780125,False,False,False
2.22,2.6073883657200176,0.38738836572001745,False,False,False
2.22,2.6073883657200176,0.38738836572001745,False,False,False
2.22,2.6073883657200176,0.38738836572001745,False,False,False
2.22,2.6073883657200176,0.38738836572001745,False,False,False
2.22,2.6073883657200176,0.38738836572001745,False,False,False
2.22,2.6073883657200176,0.38738836572001745,False,False,False
2.22,2.6073883657200176,0.38738836572001745,False,False,False
2.22,2.6073883657200176,0.38738836572001745,False,False,False
2.22,2.6104914426650323,0.3904914426650321,False,False,False
2.22,2.6222462958778014,0.40224629587780125,False,False,False
2.22,2.625362153620404,0.40536215362040373,False,False,False
2.22,2.6073883657200176,0.38738836572001745,False,False,False
2.22,2.6104914426650323,0.3904914426650321,False,False,False
2.22,2.6073883657200176,0.38738836572001745,False,False,False
2.22,2.6073883657200176,0.38738836572001745,False,False,False
2.22,2.6104914426650323,0.3904914426650321,False,False,False
2.22,2.6104914426650323,0.3904914426650321,False,False,False
1.77,2.560612883818178,0.7906128838181781,False,False,False
1.77,2.524248255770137,0.7542482557701371,False,False,False
1.77,2.633319089265099,0.863319089265099,False,False,False
1.77,2.699472561773994,0.9294725617739941,False,False,False
1.77,2.545070304466776,0.7750703044667762,False,False,False
1.77,2.6485095672493677,0.8785095672493677,False,False,False
1.77,2.570715910624564,0.800715910624564,False,False,False
1.77,2.654442714716844,0.8844427147168439,False,False,False
1.77,2.602305601403781,0.8323056014037808,False,False,False
1.77,2.4534355532056793,0.6834355532056793,False,False,False
1.77,2.6644904391874737,0.8944904391874737,False,False,False
1.77,2.630527328134488,0.8605273281344878,False,False,False
1.77,2.67431341119747,0.90431341119747,False,False,False
1.77,2.654442714716844,0.8844427147168439,False,False,False
1.77,2.4839876788808475,0.7139876788808475,False,False,False
1.77,2.5139825270541523,0.7439825270541522,False,False,False
1.77,2.7185138242162847,0.9485138242162847,False,False,False
1.77,2.6332108771777833,0.8632108771777833,False,False,False
1.77,2.633319089265099,0.863319089265099,False,False,False
1.77,2.611003888083431,0.841003888083431,False,False,False
1.77,2.706599071326339,0.9365990713263388,False,False,False
1.77,2.6332108771777833,0.8632108771777833,False,False,False
1.77,2.6644904391874737,0.8944904391874737,False,False,False
1.77,2.706599071326339,0.9365990713263388,False,False,False
1.77,2.804951358112266,1.034951358112266,False,False,False
1.77,2.718855602458489,0.9488556024584889,False,False,False
1.77,2.67431341119747,0.90431341119747,False,False,False
1.77,2.55363038826304,0.78363038826304,False,False,False
1.77,2.7230689671399073,0.9530689671399073,False,False,False
1.77,2.7560065069401753,0.9860065069401753,False,False,False
1.77,2.5511154655699824,0.7811154655699823,False,False,False
1.77,2.6013501688300495,0.8313501688300495,False,False,False
1.77,2.7167901973335407,0.9467901973335406,False,False,False
1.77,2.7185138242162847,0.9485138242162847,False,False,False
1.77,2.738621549813479,0.9686215498134789,False,False,False
1.77,2.654442714716844,0.8844427147168439,False,False,False
1.77,2.751411065219333,0.9814110652193331,False,False,False
1.77,2.6969097418524903,0.9269097418524903,False,False,False
1.77,2.55363038826304,0.78363038826304,False,False,False
1.77,2.55363038826304,0.78363038826304,False,False,False
1.77,2.630527328134488,0.8605273281344878,False,False,False
1.77,2.481414348535161,0.7114143485351612,False,False,False
1.77,2.67431341119747,0.90431341119747,False,False,False
1.77,2.67431341119747,0.90431341119747,False,False,False
1.77,2.7185138242162847,0.9485138242162847,False,False,False
1.77,2.585068925497222,0.8150689254972221,False,False,False
1.77,2.638512286090231,0.868512286090231,False,False,False
1.77,2.55363038826304,0.78363038826304,False,False,False
1.77,2.6226825695122185,0.8526825695122184,False,False,False
1.77,2.611930671840862,0.8419306718408621,False,False,False
1.77,2.6508505985053783,0.8808505985053783,False,False,False
1.77,2.5672060932569414,0.7972060932569414,False,False,False
1.77,2.6188352021872645,0.8488352021872645,False,False,False
1.77,2.7329444486343135,0.9629444486343135,False,False,False
1.77,2.585068925497222,0.8150689254972221,False,False,False
1.77,2.7373492649640534,0.9673492649640534,False,False,False
1.77,2.7704131408279546,1.0004131408279546,False,False,False
1.77,2.6885725048401543,0.9185725048401543,False,False,False
1.77,2.5836222388325165,0.8136222388325165,False,False,False
1.77,2.570715910624564,0.800715910624564,False,False,False
1.77,2.633319089265099,0.863319089265099,False,False,False
1.77,2.633319089265099,0.863319089265099,False,False,False
1.77,2.633319089265099,0.863319089265099,False,False,False
1.77,2.67431341119747,0.90431341119747,False,False,False
1.77,2.685173968624038,0.9151739686240381,False,False,False
1.77,2.7058364638804306,0.9358364638804306,False,False,False
1.77,2.55363038826304,0.78363038826304,False,False,False
1.77,2.481414348535161,0.7114143485351612,False,False,False
1.77,2.5645712964277974,0.7945712964277973,False,False,False
1.77,2.638512286090231,0.868512286090231,False,False,False
1.77,2.7185138242162847,0.9485138242162847,False,False,False
1.77,2.6654626227762916,0.8954626227762916,False,False,False
1.77,2.55363038826304,0.78363038826304,False,False,False
1.77,2.67431341119747,0.90431341119747,False,False,False
1.77,2.67431341119747,0.90431341119747,False,False,False
1.77,2.633319089265099,0.863319089265099,False,False,False
1.77,2.5139825270541523,0.7439825270541522,False,False,False
1.77,2.55363038826304,0.78363038826304,False,False,False
1.77,2.481414348535161,0.7114143485351612,False,False,False
1.77,2.7058364638804306,0.9358364638804306,False,False,False
1.77,2.67431341119747,0.90431341119747,False,False,False
1.77,2.67431341119747,0.90431341119747,False,False,False
1.77,2.633319089265099,0.863319089265099,False,False,False
1.77,2.5139825270541523,0.7439825270541522,False,False,False
1.77,2.5139825270541523,0.7439825270541522,False,False,False
1.77,2.656226313889777,0.886226313889777,False,False,False
1.77,2.7185138242162847,0.9485138242162847,False,False,False
1.77,2.760614522453943,0.9906145224539431,False,False,False
1.77,2.6707017631841583,0.9007017631841583,False,False,False
1.77,2.7808375559645135,1.0108375559645135,False,False,False
1.77,2.7597234984093353,0.9897234984093353,False,False,False
1.77,3.111577954178382,1.341577954178382,True,False,False
1.77,2.5085022129548475,0.7385022129548475,False,False,False
1.77,2.703410823787228,0.9334108237872281,False,False,False
1.77,2.491356648381906,0.721356648381906,False,False,False
1.77,2.4645695099400027,0.6945695099400027,False,False,False
1.77,2.3896706903401905,0.6196706903401905,False,False,False
1.77,2.87530027499369,1.1053002749936898,False,False,False
1.77,3.255524952999534,1.4855249529995338,True,False,False
1.77,3.2883601776898015,1.5183601776898015,True,False,False
1.77,2.6230116420744873,0.8530116420744873,False,False,False
1.77,2.2283804059262446,0.4583804059262446,False,False,False
1.77,2.265626040867904,0.49562604086790385,False,False,False
1.77,2.3084262675365053,0.5384262675365052,False,False,False
1.77,2.3249114857709396,0.5549114857709396,False,False,False
1.77,2.256763067992048,0.4867630679920478,False,False,False
1.77,2.725735918719913,0.9557359187199128,False,False,False
1.77,3.110354141847501,1.340354141847501,True,False,False
1.77,3.0977655176362227,1.3277655176362226,True,False,False
1.77,3.0522998764405047,1.2822998764405047,True,False,False
1.77,2.6812725299761184,0.9112725299761184,False,False,False
1.77,2.4123543223627135,0.6423543223627135,False,False,False
1.77,2.2675259359956295,0.49752593599562944,False,False,False
1.77,2.774673406659814,1.0046734066598142,False,False,False
1.77,2.487555589096951,0.7175555890969512,False,False,False
1.77,2.8323565686035392,1.0623565686035392,False,False,False
1.77,3.1385371556828714,1.3685371556828714,True,False,False
1.77,3.102233522106302,1.3322335221063022,True,False,False
1.77,3.0765000745917046,1.3065000745917046,True,False,False
1.77,3.076596541074702,1.3065965410747018,True,False,False
1.77,3.076596541074702,1.3065965410747018,True,False,False
1.77,3.086184802299063,1.316184802299063,True,False,False
1.77,3.086184802299063,1.316184802299063,True,False,False
1.77,2.5590054305116925,0.7890054305116925,False,False,False
1.77,2.1885636353624136,0.4185636353624136,False,False,False
1.77,2.291424789964524,0.5214247899645241,False,False,False
1.77,2.807777798763346,1.0377777987633459,False,False,False
1.77,2.3139955275124486,0.5439955275124486,False,False,False
1.77,2.28375535155136,0.5137553515513598,False,False,False
1.77,2.2282035426094833,0.45820354260948326,False,False,False
1.77,2.176764956005549,0.40676495600554885,False,False,False
1.77,2.2283804059262446,0.4583804059262446,False,False,False
1.77,2.7444364587235843,0.9744364587235843,False,False,False
1.77,2.865913802774897,1.0959138027748971,False,False,False
1.77,2.9640106742351593,1.1940106742351593,False,False,False
1.77,2.2567976167431913,0.48679761674319133,False,False,False
1.77,2.176764956005549,0.40676495600554885,False,False,False
1.77,2.1845742641325323,0.4145742641325323,False,False,False
1.77,2.246959369294406,0.4769593692944061,False,False,False
1.77,2.4645695099400027,0.6945695099400027,False,False,False
1.77,2.439686368383687,0.6696863683836871,False,False,False
1.77,2.38041953965302,0.6104195396530199,False,False,False
1.77,2.4133056379857094,0.6433056379857094,False,False,False
1.77,2.874483702211007,1.1044837022110068,False,False,False
1.77,2.9989347618052804,1.2289347618052804,False,False,False
1.77,3.2098184799180487,1.4398184799180487,True,False,False
1.77,3.1729883073711402,1.4029883073711402,True,False,False
1.77,2.7644264033380406,0.9944264033380406,False,False,False
1.77,2.557034698418786,0.7870346984187861,False,False,False
1.77,2.39709271305393,0.6270927130539299,False,False,False
1.77,2.2732326927142896,0.5032326927142896,False,False,False
1.77,2.2066339868724585,0.43663398687245847,False,False,False
1.77,2.982956569420311,1.212956569420311,False,False,False
1.77,2.6163707458952343,0.8463707458952343,False,False,False
1.77,2.901006347782984,1.131006347782984,False,False,False
1.77,2.3369980291834187,0.5669980291834187,False,False,False
1.77,2.844479766689771,1.074479766689771,False,False,False
1.77,2.9593947829584315,1.1893947829584315,False,False,False
1.77,2.6522259613843016,0.8822259613843015,False,False,False
1.77,2.183065290460089,0.4130652904600889,False,False,False
1.77,2.376043853042723,0.6060438530427228,False,False,False
1.77,2.2369763956453337,0.46697639564533366,False,False,False
1.77,2.2283804059262446,0.4583804059262446,False,False,False
1.77,2.635615027978485,0.8656150279784849,False,False,False
1.77,2.5704446571705675,0.8004446571705675,False,False,False
1.77,2.2128251105924623,0.4428251105924623,False,False,False
1.77,2.2738756483597653,0.5038756483597653,False,False,False
1.77,2.2283804059262446,0.4583804059262446,False,False,False
1.77,2.2585638961886643,0.48856389618866425,False,False,False
1.77,2.176764956005549,0.40676495600554885,False,False,False
1.77,2.304080064075489,0.5340800640754888,False,False,False
1.77,2.695849159672735,0.925849159672735,False,False,False
1.77,2.340085798320484,0.5700857983204841,False,False,False
1.77,2.5179567138544114,0.7479567138544114,False,False,False
1.77,2.9018360755778643,1.1318360755778643,False,False,False
1.77,2.833472856705307,1.0634728567053071,False,False,False
1.77,3.062732462447782,1.2927324624477818,True,False,False
1.77,3.332873431017722,1.5628734310177221,True,False,False
1.77,3.0979843868243995,1.3279843868243995,True,False,False
1.77,2.546811053281655,0.776811053281655,False,False,False
1.61,2.350768148865228,0.740768148865228,False,False,False
1.61,2.4924940894584937,0.8824940894584936,False,False,False
1.61,2.4618673685353043,0.8518673685353042,False,False,False
1.61,2.428708997032931,0.8187089970329311,False,False,False
1.61,2.2454121122142023,0.6354121122142022,False,False,False
1.61,2.3268602594966152,0.7168602594966151,False,False,False
1.61,2.2066352950908876,0.5966352950908875,False,False,False
1.61,2.3685367780087314,0.7585367780087313,False,False,False
1.61,2.3685367780087314,0.7585367780087313,False,False,False
1.61,2.4735774445972813,0.8635774445972813,False,False,False
1.61,2.368585161354779,0.7585851613547787,False,False,False
1.61,2.283599652317688,0.6735996523176879,False,False,False
1.61,2.2454121122142023,0.6354121122142022,False,False,False
1.61,2.2066352950908876,0.5966352950908875,False,False,False
1.61,2.3685367780087314,0.7585367780087313,False,False,False
1.61,2.3685367780087314,0.7585367780087313,False,False,False
1.61,2.3888338672390304,0.7788338672390303,False,False,False
1.61,2.306627407720225,0.6966274077202248,False,False,False
1.61,2.4735774445972813,0.8635774445972813,False,False,False
1.61,2.3250251482255107,0.7150251482255106,False,False,False
1.61,2.306627407720225,0.6966274077202248,False,False,False
1.61,2.4735774445972813,0.8635774445972813,False,False,False
1.61,2.2863558387366574,0.6763558387366573,False,False,False
1.61,2.2881696080682215,0.6781696080682214,False,False,False
1.61,2.2881696080682215,0.6781696080682214,False,False,False
1.61,2.2262563072663255,0.6162563072663254,False,False,False
1.61,2.262497125662277,0.6524971256622767,False,False,False
1.61,2.262497125662277,0.6524971256622767,False,False,False
1.61,2.1666372336680766,0.5566372336680765,False,False,False
1.61,2.12840420609879,0.5184042060987901,False,False,False
1.61,2.1652149583082556,0.5552149583082555,False,False,False
1.61,2.184303896921233,0.5743038969212331,False,False,False
1.61,2.203897859490845,0.5938978594908451,False,False,False
1.61,2.1666372336680766,0.5566372336680765,False,False,False
1.61,2.2066352950908876,0.5966352950908875,False,False,False
1.61,2.3685367780087314,0.7585367780087313,False,False,False
1.61,2.2863558387366574,0.6763558387366573,False,False,False
1.61,2.2881696080682215,0.6781696080682214,False,False,False
1.61,2.2259568483357235,0.6159568483357234,False,False,False
1.61,2.12840420609879,0.5184042060987901,False,False,False
1.61,2.2066352950908876,0.5966352950908875,False,False,False
1.61,2.3685367780087314,0.7585367780087313,False,False,False
1.61,2.3685367780087314,0.7585367780087313,False,False,False
1.61,2.4735774445972813,0.8635774445972813,False,False,False
1.61,2.3888338672390304,0.7788338672390303,False,False,False
1.61,2.242008866090517,0.6320088660905168,False,False,False
1.61,2.306627407720225,0.6966274077202248,False,False,False
1.61,2.3685367780087314,0.7585367780087313,False,False,False
1.61,2.2282021981793814,0.6182021981793813,False,False,False
1.61,2.306627407720225,0.6966274077202248,False,False,False
1.61,2.432147400379303,0.822147400379303,False,False,False
1.61,2.3598140324627055,0.7498140324627054,False,False,False
1.61,2.524941569169887,0.9149415691698868,False,False,False
1.61,2.4735774445972813,0.8635774445972813,False,False,False
1.61,2.6166211104301467,1.0066211104301466,False,False,False
1.61,2.4056963436955985,0.7956963436955984,False,False,False
1.61,2.263915465687986,0.6539154656879858,False,False,False
1.61,2.188502463506333,0.5785024635063329,False,False,False
1.61,2.224947987434023,0.6149479874340227,False,False,False
1.61,2.3685367780087314,0.7585367780087313,False,False,False
1.61,2.2863558387366574,0.6763558387366573,False,False,False
1.61,2.2259568483357235,0.6159568483357234,False,False,False
1.61,2.2259568483357235,0.6159568483357234,False,False,False
1.61,2.268475437579512,0.6584754375795121,False,False,False
1.61,2.2863558387366574,0.6763558387366573,False,False,False
1.61,2.268475437579512,0.6584754375795121,False,False,False
1.61,2.4735774445972813,0.8635774445972813,False,False,False
1.61,2.3685367780087314,0.7585367780087313,False,False,False
1.61,2.3888338672390304,0.7788338672390303,False,False,False
1.61,2.2259568483357235,0.6159568483357234,False,False,False
1.61,2.3703959037394817,0.7603959037394816,False,False,False
1.61,2.3685367780087314,0.7585367780087313,False,False,False
1.61,2.2863558387366574,0.6763558387366573,False,False,False
1.61,2.2259568483357235,0.6159568483357234,False,False,False
1.61,2.2259568483357235,0.6159568483357234,False,False,False
1.61,2.2066352950908876,0.5966352950908875,False,False,False
1.61,2.3685367780087314,0.7585367780087313,False,False,False
1.61,2.2863558387366574,0.6763558387366573,False,False,False
1.61,2.306627407720225,0.6966274077202248,False,False,False
1.61,2.3888338672390304,0.7788338672390303,False,False,False
1.61,2.12840420609879,0.5184042060987901,False,False,False
1.61,2.3703959037394817,0.7603959037394816,False,False,False
1.61,2.209871026976918,0.5998710269769181,False,False,False
1.61,2.1887356576247363,0.5787356576247362,False,False,False
1.61,2.306627407720225,0.6966274077202248,False,False,False
1.61,2.3685367780087314,0.7585367780087313,False,False,False
1.61,2.2863558387366574,0.6763558387366573,False,False,False
1.61,2.3268602594966152,0.7168602594966151,False,False,False
1.61,2.2454121122142023,0.6354121122142022,False,False,False
1.61,2.1887356576247363,0.5787356576247362,False,False,False
1.61,2.2066352950908876,0.5966352950908875,False,False,False
1.61,2.2863558387366574,0.6763558387366573,False,False,False
1.61,2.1398386904952815,0.5298386904952814,False,False,False
1.61,2.2296516069443584,0.6196516069443583,False,False,False
1.61,2.244699449938212,0.6346994499382117,False,False,False
1.61,2.3000448158335733,0.6900448158335732,False,False,False
1.61,2.3576500220643704,0.7476500220643703,False,False,False
1.61,2.3677178606501013,0.7577178606501012,False,False,False
1.61,2.336015648883445,0.7260156488834448,False,False,False
1.61,2.4041956718771424,0.7941956718771424,False,False,False
1.61,2.4527638380019403,0.8427638380019402,False,False,False
1.61,2.482623483232096,0.8726234832320958,False,False,False
1.61,2.3657588833468806,0.7557588833468805,False,False,False
1.61,2.263915465687986,0.6539154656879858,False,False,False
1.61,2.188502463506333,0.5785024635063329,False,False,False
1.61,2.12840420609879,0.5184042060987901,False,False,False
1.61,2.268475437579512,0.6584754375795121,False,False,False
1.61,2.308920485702835,0.6989204857028348,False,False,False
1.61,2.3685367780087314,0.7585367780087313,False,False,False
1.61,2.4735774445972813,0.8635774445972813,False,False,False
1.61,2.4735774445972813,0.8635774445972813,False,False,False
1.61,2.401220235951136,0.7912202359511358,False,False,False
1.61,2.20944327774848,0.5994432777484799,False,False,False
1.61,2.2589703135745967,0.6489703135745966,False,False,False
1.61,2.1570819784596487,0.5470819784596486,False,False,False
1.61,2.0910348442800526,0.4810348442800525,False,False,False
1.61,2.212042708317142,0.602042708317142,False,False,False
1.61,2.205730967829683,0.5957309678296829,False,False,False
1.61,2.163298924221725,0.553298924221725,False,False,False
1.61,2.040381185948673,0.4303811859486728,False,False,False
1.61,2.055509798968828,0.4455097989688277,False,False,False
1.61,2.1397110356096545,0.5297110356096544,False,False,False
1.61,2.266644520500189,0.656644520500189,False,False,False
1.61,2.2231414533287843,0.6131414533287842,False,False,False
1.61,2.2363730182606334,0.6263730182606333,False,False,False
1.61,2.2363730182606334,0.6263730182606333,False,False,False
1.61,2.220441717047492,0.6104417170474921,False,False,False
1.61,2.204839019291645,0.5948390192916448,False,False,False
1.61,2.190896042227232,0.5808960422272318,False,False,False
1.61,2.204839019291645,0.5948390192916448,False,False,False
1.61,2.204839019291645,0.5948390192916448,False,False,False
1.61,2.266644520500189,0.656644520500189,False,False,False
1.61,2.204839019291645,0.5948390192916448,False,False,False
1.61,2.252432652336841,0.6424326523368411,False,False,False
1.61,2.252432652336841,0.6424326523368411,False,False,False
1.61,2.0903913624585315,0.4803913624585314,False,False,False
1.61,2.157869557188028,0.5478695571880279,False,False,False
1.61,2.1710962232771776,0.5610962232771775,False,False,False
1.61,2.400579361096076,0.7905793610960761,False,False,False
1.61,2.4328097158249427,0.8228097158249426,False,False,False
1.61,2.5064996679390927,0.8964996679390926,False,False,False
1.61,2.428708997032931,0.8187089970329311,False,False,False
1.61,2.306627407720225,0.6966274077202248,False,False,False
1.61,2.4735774445972813,0.8635774445972813,False,False,False
1.61,2.3685367780087314,0.7585367780087313,False,False,False
1.61,2.4735774445972813,0.8635774445972813,False,False,False
1.61,2.4735774445972813,0.8635774445972813,False,False,False
1.61,2.4735774445972813,0.8635774445972813,False,False,False
1.61,2.4735774445972813,0.8635774445972813,False,False,False
1.61,2.3888338672390304,0.7788338672390303,False,False,False
1.61,2.3268602594966152,0.7168602594966151,False,False,False
1.61,2.283599652317688,0.6735996523176879,False,False,False
1.61,2.203897859490845,0.5938978594908451,False,False,False
1.61,2.0929386859108168,0.4829386859108167,False,False,False
1.61,2.2066352950908876,0.5966352950908875,False,False,False
1.61,2.2388185852524938,0.6288185852524937,False,False,False
1.61,2.2066352950908876,0.5966352950908875,False,False,False
1.61,2.484083413611713,0.8740834136117128,False,False,False
1.61,2.4004634363054125,0.7904634363054124,False,False,False
1.61,2.3888338672390304,0.7788338672390303,False,False,False
1.61,2.306627407720225,0.6966274077202248,False,False,False
1.61,2.3888338672390304,0.7788338672390303,False,False,False
1.61,2.268475437579512,0.6584754375795121,False,False,False
1.61,2.4735774445972813,0.8635774445972813,False,False,False
1.61,2.3685367780087314,0.7585367780087313,False,False,False
1.61,2.3888338672390304,0.7788338672390303,False,False,False
1.61,2.1693883557567406,0.5593883557567405,False,False,False
1.61,2.306627407720225,0.6966274077202248,False,False,False
1.61,2.3685367780087314,0.7585367780087313,False,False,False
1.61,2.3250251482255107,0.7150251482255106,False,False,False
1.61,2.2454121122142023,0.6354121122142022,False,False,False
1.61,2.2259568483357235,0.6159568483357234,False,False,False
1.61,2.1652149583082556,0.5552149583082555,False,False,False
1.61,2.0740233123565948,0.46402331235659466,False,False,False
1.61,2.268475437579512,0.6584754375795121,False,False,False
1.61,2.3685367780087314,0.7585367780087313,False,False,False
1.61,2.3685367780087314,0.7585367780087313,False,False,False
1.61,2.4735774445972813,0.8635774445972813,False,False,False
1.61,2.3888338672390304,0.7788338672390303,False,False,False
1.61,2.306627407720225,0.6966274077202248,False,False,False
1.74,2.2266911104504836,0.48669111045048363,False,False,False
1.74,2.1917963757042913,0.4517963757042913,False,False,False
1.74,2.1917963757042913,0.4517963757042913,False,False,False
1.74,2.0057108444680507,0.2657108444680507,False,False,False
1.74,2.1344488960077124,0.3944488960077124,False,False,False
1.74,2.1344488960077124,0.3944488960077124,False,False,False
1.74,2.1344488960077124,0.3944488960077124,False,False,False
1.74,2.1344488960077124,0.3944488960077124,False,False,False
1.74,2.1344488960077124,0.3944488960077124,False,False,False
1.74,2.1344488960077124,0.3944488960077124,False,False,False
1.74,2.0057108444680507,0.2657108444680507,False,False,False
1.74,2.1344488960077124,0.3944488960077124,False,False,False
1.74,2.1344488960077124,0.3944488960077124,False,False,False
1.74,2.1344488960077124,0.3944488960077124,False,False,False
1.74,2.1344488960077124,0.3944488960077124,False,False,False
1.74,2.1344488960077124,0.3944488960077124,False,False,False
1.74,2.1344488960077124,0.3944488960077124,False,False,False
1.74,2.1344488960077124,0.3944488960077124,False,False,False
1.74,2.1344488960077124,0.3944488960077124,False,False,False
1.74,2.1344488960077124,0.3944488960077124,False,False,False
1.74,2.1344488960077124,0.3944488960077124,False,False,False
1.74,2.0057108444680507,0.2657108444680507,False,False,False
1.74,2.1344488960077124,0.3944488960077124,False,False,False
1.74,2.1344488960077124,0.3944488960077124,False,False,False
1.74,2.103908007272897,0.36390800727289707,False,False,False
1.74,2.0765571898215396,0.3365571898215396,False,False,False
1.74,2.0765571898215396,0.3365571898215396,False,False,False
1.74,2.0765571898215396,0.3365571898215396,False,False,False
1.74,2.0765571898215396,0.3365571898215396,False,False,False
1.74,2.0765571898215396,0.3365571898215396,False,False,False
1.74,2.0765571898215396,0.3365571898215396,False,False,False
1.74,2.0765571898215396,0.3365571898215396,False,False,False
1.74,2.0765571898215396,0.3365571898215396,False,False,False
1.74,2.0765571898215396,0.3365571898215396,False,False,False
1.74,2.105822371078102,0.3658223710781019,False,False,False
1.74,2.1333265402630914,0.39332654026309144,False,False,False
1.74,2.1344488960077124,0.3944488960077124,False,False,False
1.74,2.1344488960077124,0.3944488960077124,False,False,False
1.74,2.1344488960077124,0.3944488960077124,False,False,False
1.74,2.1344488960077124,0.3944488960077124,False,False,False
1.74,2.1344488960077124,0.3944488960077124,False,False,False
1.74,2.1344488960077124,0.3944488960077124,False,False,False
1.74,2.1642647614122548,0.4242647614122548,False,False,False
1.74,2.227509855416257,0.4875098554162569,False,False,False
1.74,2.0343021129675236,0.2943021129675236,False,False,False
1.74,2.2582109459854776,0.5182109459854776,False,False,False
1.74,2.2116221838206465,0.47162218382064647,False,False,False
1.74,2.152280421132063,0.4122804211320632,False,False,False
1.74,2.1660546629220794,0.4260546629220794,False,False,False
1.74,2.1660546629220794,0.4260546629220794,False,False,False
1.74,2.181468539777267,0.4414685397772671,False,False,False
1.74,2.1972070433927877,0.4572070433927877,False,False,False
1.74,2.1660546629220794,0.4260546629220794,False,False,False
1.74,1.978794160533317,0.23879416053331703,False,False,False
1.74,2.152280421132063,0.4122804211320632,False,False,False
1.74,2.152280421132063,0.4122804211320632,False,False,False
1.74,2.152280421132063,0.4122804211320632,False,False,False
1.74,2.152280421132063,0.4122804211320632,False,False,False
1.74,2.152280421132063,0.4122804211320632,False,False,False
1.74,2.152280421132063,0.4122804211320632,False,False,False
1.74,2.1822659056213967,0.44226590562139667,False,False,False
1.74,2.081484713119447,0.34148471311944717,False,False,False
1.74,2.105822371078102,0.3658223710781019,False,False,False
1.74,2.1678993597719614,0.42789935977196136,False,False,False
1.74,2.1381562255574087,0.3981562255574087,False,False,False
1.74,2.1660546629220794,0.4260546629220794,False,False,False
1.74,2.181468539777267,0.4414685397772671,False,False,False
1.74,2.1660546629220794,0.4260546629220794,False,False,False
1.74,2.1344488960077124,0.3944488960077124,False,False,False
1.74,2.1972070433927877,0.4572070433927877,False,False,False
1.74,2.1972070433927877,0.4572070433927877,False,False,False
1.74,2.1972070433927877,0.4572070433927877,False,False,False
1.74,2.1972070433927877,0.4572070433927877,False,False,False
1.74,2.1972070433927877,0.4572070433927877,False,False,False
1.74,2.1972070433927877,0.4572070433927877,False,False,False
1.74,2.1972070433927877,0.4572070433927877,False,False,False
1.74,2.1972070433927877,0.4572070433927877,False,False,False
1.74,2.1642647614122548,0.4242647614122548,False,False,False
1.74,2.227509855416257,0.4875098554162569,False,False,False
1.74,2.1972070433927877,0.4572070433927877,False,False,False
1.74,2.1972070433927877,0.4572070433927877,False,False,False
1.74,2.1972070433927877,0.4572070433927877,False,False,False
1.74,2.1972070433927877,0.4572070433927877,False,False,False
1.74,2.1972070433927877,0.4572070433927877,False,False,False
1.74,2.1972070433927877,0.4572070433927877,False,False,False
1.74,2.1972070433927877,0.4572070433927877,False,False,False
1.74,2.2276198840671633,0.4876198840671633,False,False,False
1.74,2.227509855416257,0.4875098554162569,False,False,False
1.74,2.1972070433927877,0.4572070433927877,False,False,False
1.74,2.103908007272897,0.36390800727289707,False,False,False
1.74,2.0765571898215396,0.3365571898215396,False,False,False
1.74,1.9456921268899112,0.20569212688991123,False,False,False
1.74,2.027393583654432,0.2873935836544319,False,False,False
1.74,2.141874627839927,0.4018746278399272,False,False,False
1.74,2.1782854829745775,0.4382854829745775,False,False,False
1.74,2.0242530809146597,0.28425308091465973,False,False,False
1.74,2.059838326121539,0.3198383261215392,False,False,False
1.74,2.0035733359235253,0.2635733359235253,False,False,False
1.74,1.9965879061734988,0.2565879061734988,False,False,False
1.74,1.9297244157901563,0.1897244157901563,False,False,False
1.74,1.9715943467654968,0.23159434676549684,False,False,False
1.74,2.0626217894763617,0.32262178947636166,False,False,False
1.74,1.936158941915612,0.196158941915612,False,False,False
1.74,2.022126670475792,0.2821266704757919,False,False,False
1.74,1.822794833629032,0.08279483362903206,False,False,False
1.74,1.892110906861991,0.15211090686199102,False,False,False
1.74,1.8560095956333496,0.11600959563334956,False,False,False
1.74,1.8687827256359295,0.12878272563592952,False,False,False
1.74,1.9731754709719018,0.23317547097190183,False,False,False
1.74,2.0539531281672847,0.3139531281672847,False,False,False
1.74,1.9327186156958738,0.19271861569587379,False,False,False
1.74,2.0474454434929905,0.3074454434929905,False,False,False
1.74,2.0544199651429227,0.3144199651429227,False,False,False
1.74,1.9769532212558159,0.23695322125581586,False,False,False
1.74,2.059838326121539,0.3198383261215392,False,False,False
1.74,1.8981506621014566,0.15815066210145656,False,False,False
1.74,1.950745596319456,0.210745596319456,False,False,False
1.74,1.9880167123001011,0.24801671230010114,False,False,False
1.74,2.1700741150298177,0.43007411502981774,False,False,False
1.74,2.1699660480979377,0.4299660480979377,False,False,False
1.74,2.1591247790224215,0.4191247790224215,False,False,False
1.74,2.0413916961311447,0.3013916961311447,False,False,False
1.74,2.059733875145899,0.3197338751458989,False,False,False
1.74,2.0035733359235253,0.2635733359235253,False,False,False
1.74,2.0035733359235253,0.2635733359235253,False,False,False
1.74,2.0035733359235253,0.2635733359235253,False,False,False
1.74,1.968642440149316,0.22864244014931612,False,False,False
1.74,1.95293701769494,0.2129370176949401,False,False,False
1.74,2.1893012288265945,0.4493012288265945,False,False,False
1.74,2.2195291103218118,0.4795291103218118,False,False,False
1.74,2.249844592222493,0.5098445922224928,False,False,False
1.74,2.2886407027517794,0.5486407027517795,False,False,False
1.74,2.257763938468325,0.517763938468325,False,False,False
1.74,2.217258078563017,0.47725807856301716,False,False,False
1.74,2.062548564527407,0.3225485645274071,False,False,False
1.74,1.9256715464801193,0.1856715464801193,False,False,False
1.74,2.0899012492529505,0.3499012492529505,False,False,False
1.74,2.0952171053454496,0.3552171053454496,False,False,False
1.74,2.0765571898215396,0.3365571898215396,False,False,False
1.74,2.0765571898215396,0.3365571898215396,False,False,False
1.74,2.0765571898215396,0.3365571898215396,False,False,False
1.74,2.0765571898215396,0.3365571898215396,False,False,False
1.74,2.0765571898215396,0.3365571898215396,False,False,False
1.74,2.0765571898215396,0.3365571898215396,False,False,False
1.74,1.9792253144761873,0.23922531447618733,False,False,False
1.74,2.0765571898215396,0.3365571898215396,False,False,False
1.74,2.0765571898215396,0.3365571898215396,False,False,False
1.74,2.105822371078102,0.3658223710781019,False,False,False
1.74,2.105716494470038,0.36571649447003796,False,False,False
1.74,2.0765571898215396,0.3365571898215396,False,False,False
1.74,2.0765571898215396,0.3365571898215396,False,False,False
1.74,2.0765571898215396,0.3365571898215396,False,False,False
1.74,2.007564644270132,0.2675646442701318,False,False,False
1.74,2.105716494470038,0.36571649447003796,False,False,False
1.74,2.025841879218194,0.28584187921819404,False,False,False
1.74,2.0765571898215396,0.3365571898215396,False,False,False
1.74,2.0765571898215396,0.3365571898215396,False,False,False
1.74,2.0765571898215396,0.3365571898215396,False,False,False
1.74,2.0765571898215396,0.3365571898215396,False,False,False
1.74,2.025841879218194,0.28584187921819404,False,False,False
1.74,2.025841879218194,0.28584187921819404,False,False,False
1.74,2.0765571898215396,0.3365571898215396,False,False,False
1.74,2.0765571898215396,0.3365571898215396,False,False,False
1.74,2.0765571898215396,0.3365571898215396,False,False,False
1.74,1.9792253144761873,0.23922531447618733,False,False,False
1.74,2.0765571898215396,0.3365571898215396,False,False,False
1.74,2.0765571898215396,0.3365571898215396,False,False,False
1.74,2.0765571898215396,0.3365571898215396,False,False,False
1.74,2.0765571898215396,0.3365571898215396,False,False,False
1.74,2.0765571898215396,0.3365571898215396,False,False,False
1.74,2.0765571898215396,0.3365571898215396,False,False,False
1.74,2.0765571898215396,0.3365571898215396,False,False,False
1.74,2.025841879218194,0.28584187921819404,False,False,False
1.74,2.025841879218194,0.28584187921819404,False,False,False
1.74,2.054624640462477,0.31462464046247685,False,False,False
1.74,2.0018970310884687,0.26189703108846873,False,False,False
1.74,2.0545205091705996,0.3145205091705996,False,False,False
1.74,2.025841879218194,0.28584187921819404,False,False,False
1.74,2.025841879218194,0.28584187921819404,False,False,False
1.74,2.025841879218194,0.28584187921819404,False,False,False
1.99,2.0864254895816536,0.09642548958165365,False,False,False
1.99,2.144502887979939,0.15450288797993905,False,False,False
1.99,2.1972070433927877,0.20720704339278773,False,False,False
1.99,2.1972070433927877,0.20720704339278773,False,False,False
1.99,2.1972070433927877,0.20720704339278773,False,False,False
1.99,2.06589138989481,0.07589138989480992,False,False,False
1.99,2.1972070433927877,0.20720704339278773,False,False,False
1.99,2.1972070433927877,0.20720704339278773,False,False,False
1.99,2.1972070433927877,0.20720704339278773,False,False,False
1.99,2.1972070433927877,0.20720704339278773,False,False,False
1.99,2.1972070433927877,0.20720704339278773,False,False,False
1.99,2.1972070433927877,0.20720704339278773,False,False,False
1.99,2.1972070433927877,0.20720704339278773,False,False,False
1.99,2.1972070433927877,0.20720704339278773,False,False,False
1.99,2.1344488960077124,0.14444889600771238,False,False,False
1.99,2.1344488960077124,0.14444889600771238,False,False,False
1.99,2.1344488960077124,0.14444889600771238,False,False,False
1.99,2.1344488960077124,0.14444889600771238,False,False,False
1.99,2.1344488960077124,0.14444889600771238,False,False,False
1.99,2.1972070433927877,0.20720704339278773,False,False,False
1.99,2.1972070433927877,0.20720704339278773,False,False,False
1.99,2.1344488960077124,0.14444889600771238,False,False,False
1.99,2.1972070433927877,0.20720704339278773,False,False,False
1.99,2.1972070433927877,0.20720704339278773,False,False,False
1.99,2.06589138989481,0.07589138989480992,False,False,False
1.99,2.1972070433927877,0.20720704339278773,False,False,False
1.99,2.1972070433927877,0.20720704339278773,False,False,False
1.99,2.1972070433927877,0.20720704339278773,False,False,False
1.99,2.1972070433927877,0.20720704339278773,False,False,False
1.99,2.1972070433927877,0.20720704339278773,False,False,False
1.99,2.1972070433927877,0.20720704339278773,False,False,False
1.99,2.2276198840671633,0.23761988406716328,False,False,False
1.99,2.227509855416257,0.2375098554162569,False,False,False
1.99,2.1972070433927877,0.20720704339278773,False,False,False
1.99,2.1972070433927877,0.20720704339278773,False,False,False
1.99,2.1972070433927877,0.20720704339278773,False,False,False
1.99,2.1972070433927877,0.20720704339278773,False,False,False
1.99,2.1972070433927877,0.20720704339278773,False,False,False
1.99,2.06589138989481,0.07589138989480992,False,False,False
1.99,2.1972070433927877,0.20720704339278773,False,False,False
1.99,2.1972070433927877,0.20720704339278773,False,False,False
1.99,2.1972070433927877,0.20720704339278773,False,False,False
1.99,2.1972070433927877,0.20720704339278773,False,False,False
1.99,2.0057108444680507,0.01571084446805071,False,False,False
1.99,2.1972070433927877,0.20720704339278773,False,False,False
1.99,2.1344488960077124,0.14444889600771238,False,False,False
1.99,2.1344488960077124,0.14444889600771238,False,False,False
1.99,2.0827792732692614,0.09277927326926139,False,False,False
1.99,2.1344488960077124,0.14444889600771238,False,False,False
1.99,1.9490577586239448,0.04094224137605518,False,False,False
1.99,2.1344488960077124,0.14444889600771238,False,False,False
1.99,2.1344488960077124,0.14444889600771238,False,False,False
1.99,2.1344488960077124,0.14444889600771238,False,False,False
1.99,2.1344488960077124,0.14444889600771238,False,False,False
1.99,2.1344488960077124,0.14444889600771238,False,False,False
1.99,2.1344488960077124,0.14444889600771238,False,False,False
1.99,2.1344488960077124,0.14444889600771238,False,False,False
1.99,2.1344488960077124,0.14444889600771238,False,False,False
1.99,2.1344488960077124,0.14444889600771238,False,False,False
1.99,2.1344488960077124,0.14444889600771238,False,False,False
1.99,2.1642647614122548,0.17426476141225478,False,False,False
1.99,2.194255349746444,0.20425534974644388,False,False,False
1.99,2.1641568925195993,0.17415689251959932,False,False,False
1.99,2.1344488960077124,0.14444889600771238,False,False,False
1.99,2.1344488960077124,0.14444889600771238,False,False,False
1.99,2.1642647614122548,0.17426476141225478,False,False,False
1.99,2.1641568925195993,0.17415689251959932,False,False,False
1.99,2.0057108444680507,0.01571084446805071,False,False,False
1.99,2.1344488960077124,0.14444889600771238,False,False,False
1.99,2.1344488960077124,0.14444889600771238,False,False,False
1.99,2.1344488960077124,0.14444889600771238,False,False,False
1.99,2.1344488960077124,0.14444889600771238,False,False,False
1.99,2.0057108444680507,0.01571084446805071,False,False,False
1.99,2.1344488960077124,0.14444889600771238,False,False,False
1.99,2.1344488960077124,0.14444889600771238,False,False,False
1.99,2.1344488960077124,0.14444889600771238,False,False,False
1.99,2.1344488960077124,0.14444889600771238,False,False,False
1.99,2.1344488960077124,0.14444889600771238,False,False,False
1.99,2.1344488960077124,0.14444889600771238,False,False,False
1.99,2.1344488960077124,0.14444889600771238,False,False,False
1.99,2.1344488960077124,0.14444889600771238,False,False,False
1.99,2.1344488960077124,0.14444889600771238,False,False,False
1.99,2.1344488960077124,0.14444889600771238,False,False,False
1.99,2.0057108444680507,0.01571084446805071,False,False,False
1.99,2.1344488960077124,0.14444889600771238,False,False,False
1.99,2.1642647614122548,0.17426476141225478,False,False,False
1.99,2.194255349746444,0.20425534974644388,False,False,False
1.99,2.1641568925195993,0.17415689251959932,False,False,False
1.99,2.0343021129675236,0.04430211296752362,False,False,False
1.99,2.094949605146884,0.1049496051468839,False,False,False
1.99,2.132234154927378,0.142234154927378,False,False,False
1.99,2.1972070433927877,0.20720704339278773,False,False,False
1.99,2.152280421132063,0.1622804211320632,False,False,False
1.99,2.1381562255574087,0.1481562255574087,False,False,False
1.99,2.1680073562486193,0.1780073562486193,False,False,False
1.99,2.1678993597719614,0.17789935977196136,False,False,False
1.99,2.1381562255574087,0.1481562255574087,False,False,False
1.99,2.038875564833558,0.04887556483355815,False,False,False
1.99,2.038875564833558,0.04887556483355815,False,False,False
1.99,2.1381562255574087,0.1481562255574087,False,False,False
1.99,2.1381562255574087,0.1481562255574087,False,False,False
1.99,2.1381562255574087,0.1481562255574087,False,False,False
1.99,2.052552918578789,0.06255291857878897,False,False,False
1.99,2.1660546629220794,0.17605466292207939,False,False,False
1.99,2.1660546629220794,0.17605466292207939,False,False,False
1.99,2.1660546629220794,0.17605466292207939,False,False,False
1.99,2.1660546629220794,0.17605466292207939,False,False,False
1.99,2.1660546629220794,0.17605466292207939,False,False,False
1.99,2.1972070433927877,0.20720704339278773,False,False,False
1.99,2.1972070433927877,0.20720704339278773,False,False,False
1.99,2.1972070433927877,0.20720704339278773,False,False,False
1.99,2.1660546629220794,0.17605466292207939,False,False,False
1.99,2.1381562255574087,0.1481562255574087,False,False,False
1.99,2.0864254895816536,0.09642548958165365,False,False,False
1.99,2.1381562255574087,0.1481562255574087,False,False,False
1.99,2.1381562255574087,0.1481562255574087,False,False,False
1.99,2.1381562255574087,0.1481562255574087,False,False,False
1.99,2.1381562255574087,0.1481562255574087,False,False,False
1.99,2.1381562255574087,0.1481562255574087,False,False,False
1.99,2.1680073562486193,0.1780073562486193,False,False,False
1.99,2.0676777267686655,0.07767772676866547,False,False,False
1.99,2.1381562255574087,0.1481562255574087,False,False,False
1.99,2.1381562255574087,0.1481562255574087,False,False,False
1.99,2.038875564833558,0.04887556483355815,False,False,False
1.99,2.038875564833558,0.04887556483355815,False,False,False
1.99,2.1381562255574087,0.1481562255574087,False,False,False
1.99,2.1381562255574087,0.1481562255574087,False,False,False
1.99,2.1381562255574087,0.1481562255574087,False,False,False
1.99,2.1381562255574087,0.1481562255574087,False,False,False
1.99,2.1381562255574087,0.1481562255574087,False,False,False
1.99,2.1381562255574087,0.1481562255574087,False,False,False
1.99,2.0080165742005347,0.018016574200534707,False,False,False
1.99,2.1546069212078502,0.16460692120785025,False,False,False
1.99,2.152280421132063,0.1622804211320632,False,False,False
1.99,2.1660546629220794,0.17605466292207939,False,False,False
1.99,2.1660546629220794,0.17605466292207939,False,False,False
1.99,2.1660546629220794,0.17605466292207939,False,False,False
1.99,2.1972070433927877,0.20720704339278773,False,False,False
1.99,2.1972070433927877,0.20720704339278773,False,False,False
1.99,2.1972070433927877,0.20720704339278773,False,False,False
1.99,2.2276198840671633,0.23761988406716328,False,False,False
1.99,2.227509855416257,0.2375098554162569,False,False,False
1.99,2.1972070433927877,0.20720704339278773,False,False,False
1.99,2.1972070433927877,0.20720704339278773,False,False,False
1.99,2.1972070433927877,0.20720704339278773,False,False,False
1.99,2.1972070433927877,0.20720704339278773,False,False,False
1.99,2.144502887979939,0.15450288797993905,False,False,False
1.99,2.144502887979939,0.15450288797993905,False,False,False
1.99,2.144502887979939,0.15450288797993905,False,False,False
1.99,2.144502887979939,0.15450288797993905,False,False,False
1.99,2.144502887979939,0.15450288797993905,False,False,False
1.99,2.0313827172553363,0.041382717255336265,False,False,False
1.99,2.181468539777267,0.19146853977726708,False,False,False
1.99,2.1972070433927877,0.20720704339278773,False,False,False
1.99,2.1972070433927877,0.20720704339278773,False,False,False
1.99,2.1972070433927877,0.20720704339278773,False,False,False
1.99,2.0646185487365116,0.07461854873651164,False,False,False
1.99,2.2139672924759775,0.22396729247597746,False,False,False
1.99,2.1972070433927877,0.20720704339278773,False,False,False
1.99,2.1972070433927877,0.20720704339278773,False,False,False
1.99,2.06589138989481,0.07589138989480992,False,False,False
1.99,2.1972070433927877,0.20720704339278773,False,False,False
1.99,2.1972070433927877,0.20720704339278773,False,False,False
1.99,2.1972070433927877,0.20720704339278773,False,False,False
1.99,2.1972070433927877,0.20720704339278773,False,False,False
1.99,2.1972070433927877,0.20720704339278773,False,False,False
1.99,2.1972070433927877,0.20720704339278773,False,False,False
1.99,2.1972070433927877,0.20720704339278773,False,False,False
1.99,2.1972070433927877,0.20720704339278773,False,False,False
1.99,2.1972070433927877,0.20720704339278773,False,False,False
1.99,2.1972070433927877,0.20720704339278773,False,False,False
1.99,2.1972070433927877,0.20720704339278773,False,False,False
1.99,2.1972070433927877,0.20720704339278773,False,False,False
1.99,2.1972070433927877,0.20720704339278773,False,False,False
1.99,2.1972070433927877,0.20720704339278773,False,False,False
1.99,2.1972070433927877,0.20720704339278773,False,False,False
1.99,2.1972070433927877,0.20720704339278773,False,False,False
1.99,2.1972070433927877,0.20720704339278773,False,False,False
1.99,2.1972070433927877,0.20720704339278773,False,False,False
1.99,2.1972070433927877,0.20720704339278773,False,False,False
1.79,2.0072061202275013,0.2172061202275013,False,False,False
1.79,2.081191668645171,0.29119166864517076,False,False,False
1.79,2.1402035099247105,0.3502035099247105,False,False,False
1.79,2.0635931324944163,0.2735931324944163,False,False,False
1.79,1.989250575257424,0.19925057525742407,False,False,False
1.79,2.081191668645171,0.29119166864517076,False,False,False
1.79,2.0846282549446125,0.2946282549446124,False,False,False
1.79,2.1402035099247105,0.3502035099247105,False,False,False
1.79,2.1591247790224215,0.36912477902242147,False,False,False
1.79,2.081191668645171,0.29119166864517076,False,False,False
1.79,2.1591247790224215,0.36912477902242147,False,False,False
1.79,1.9880167123001011,0.1980167123001011,False,False,False
1.79,2.1591247790224215,0.36912477902242147,False,False,False
1.79,1.9880167123001011,0.1980167123001011,False,False,False
1.79,2.2381240883965248,0.44812408839652473,False,False,False
1.79,2.1402035099247105,0.3502035099247105,False,False,False
1.79,2.2381240883965248,0.44812408839652473,False,False,False
1.79,2.2381240883965248,0.44812408839652473,False,False,False
1.79,2.178465064480301,0.38846506448030116,False,False,False
1.79,2.02414984468084,0.23414984468083988,False,False,False
1.79,2.006020981164587,0.2160209811645868,False,False,False
1.79,1.8988559092298636,0.10885590922986355,False,False,False
1.79,1.8572084966359537,0.06720849663595363,False,False,False
1.79,1.9494202873418032,0.15942028734180314,False,False,False
1.79,1.9880167123001011,0.1980167123001011,False,False,False
1.79,2.1402035099247105,0.3502035099247105,False,False,False
1.79,2.0674193038986086,0.2774193038986086,False,False,False
1.79,2.307843209571944,0.5178432095719439,False,False,False
1.79,1.9214214817652162,0.13142148176521617,False,False,False
1.79,1.838504168548336,0.04850416854833606,False,False,False
1.79,1.812282397894947,0.022282397894946904,False,False,False
1.79,1.8424829435652654,0.052482943565265394,False,False,False
1.79,2.201941634703026,0.4119416347030258,False,False,False
1.79,2.3855466217465966,0.5955466217465966,False,False,False
1.79,1.9664701239520412,0.1764701239520412,False,False,False
1.79,1.9321801672141294,0.1421801672141294,False,False,False
1.79,1.986522812336052,0.19652281233605207,False,False,False
1.79,1.7978776751659677,0.007877675165967712,False,False,False
1.79,2.1447586592556775,0.3547586592556775,False,False,False
1.79,2.2587652212012563,0.4687652212012563,False,False,False
1.79,1.9065687032048775,0.11656870320487744,False,False,False
1.79,1.8040282274682502,0.014028227468250165,False,False,False
1.79,2.1023983132521833,0.31239831325218326,False,False,False
1.79,2.0996412772485438,0.30964127724854373,False,False,False
1.79,1.9326998279141172,0.14269982791411717,False,False,False
1.79,2.081191668645171,0.29119166864517076,False,False,False
1.79,2.1402035099247105,0.3502035099247105,False,False,False
1.79,1.9922927756415985,0.20229277564159842,False,False,False
1.79,2.110500934524392,0.3205009345243921,False,False,False
1.79,2.2999087034654186,0.5099087034654186,False,False,False
1.79,2.1699660480979377,0.37996604809793766,False,False,False
1.79,2.1037282145239207,0.31372821452392063,False,False,False
1.79,2.081191668645171,0.29119166864517076,False,False,False
1.79,2.1591247790224215,0.36912477902242147,False,False,False
1.79,1.915119179584833,0.12511917958483298,False,False,False
1.79,2.081191668645171,0.29119166864517076,False,False,False
1.79,2.1402035099247105,0.3502035099247105,False,False,False
1.79,2.2173138170101545,0.4273138170101545,False,False,False
1.79,2.2381240883965248,0.44812408839652473,False,False,False
1.79,2.1591247790224215,0.36912477902242147,False,False,False
1.79,2.0444416870736988,0.25444168707369874,False,False,False
1.79,2.1962970086251903,0.40629700862519025,False,False,False
1.79,1.9326998279141172,0.14269982791411717,False,False,False
1.79,2.081191668645171,0.29119166864517076,False,False,False
1.79,2.0823485694757875,0.29234856947578747,False,False,False
1.79,1.9880167123001011,0.1980167123001011,False,False,False
1.79,2.1591247790224215,0.36912477902242147,False,False,False
1.79,1.8807771255701269,0.09077712557012685,False,False,False
1.79,2.081191668645171,0.29119166864517076,False,False,False
1.79,2.132072027923792,0.3420720279237921,False,False,False
1.79,2.1286301847744658,0.3386301847744657,False,False,False
1.79,2.081191668645171,0.29119166864517076,False,False,False
1.79,2.3340508819588504,0.5440508819588503,False,False,False
1.79,1.9922927756415985,0.20229277564159842,False,False,False
1.79,2.110500934524392,0.3205009345243921,False,False,False
1.79,2.2688147081241783,0.47881470812417826,False,False,False
1.79,2.1402035099247105,0.3502035099247105,False,False,False
1.79,2.1415002164569756,0.3515002164569756,False,False,False
1.79,2.081191668645171,0.29119166864517076,False,False,False
1.79,2.1591247790224215,0.36912477902242147,False,False,False
1.79,1.915119179584833,0.12511917958483298,False,False,False
1.79,2.081191668645171,0.29119166864517076,False,False,False
1.79,2.0996412772485438,0.30964127724854373,False,False,False
1.79,1.9880167123001011,0.1980167123001011,False,False,False
1.79,2.2381240883965248,0.44812408839652473,False,False,False
1.79,2.0996412772485438,0.30964127724854373,False,False,False
1.79,2.059733875145899,0.26973387514589886,False,False,False
1.79,2.059733875145899,0.26973387514589886,False,False,False
1.79,1.9326998279141172,0.14269982791411717,False,False,False
1.79,1.932965653219331,0.14296565321933086,False,False,False
1.79,1.9427262772835423,0.15272627728354227,False,False,False
1.79,1.9949581447926517,0.20495814479265162,False,False,False
1.79,1.9257740958222835,0.1357740958222835,False,False,False
1.79,1.9798174907488502,0.18981749074885013,False,False,False
1.79,1.8477924693812873,0.05779246938128724,False,False,False
1.79,1.9015078224783273,0.11150782247832725,False,False,False
1.79,2.060786853240766,0.2707868532407658,False,False,False
1.79,2.08979668819948,0.2997966881994798,False,False,False
1.79,2.1114760775168104,0.3214760775168104,False,False,False
1.79,2.07623180764764,0.2862318076476398,False,False,False
1.79,1.9026582859672905,0.11265828596729044,False,False,False
1.79,1.9075550152166452,0.11755501521664513,False,False,False
1.79,1.8939335580050938,0.10393355800509374,False,False,False
1.79,1.9810674626893006,0.19106746268930053,False,False,False
1.79,1.9922927756415985,0.20229277564159842,False,False,False
1.79,1.9494202873418032,0.15942028734180314,False,False,False
1.79,2.059733875145899,0.26973387514589886,False,False,False
1.79,1.985465906683293,0.1954659066832929,False,False,False
1.79,1.985465906683293,0.1954659066832929,False,False,False
1.79,1.9326998279141172,0.14269982791411717,False,False,False
1.79,1.9880167123001011,0.1980167123001011,False,False,False
1.79,2.1073359400870553,0.31733594008705523,False,False,False
1.79,2.0443525333069945,0.2543525333069945,False,False,False
1.79,1.980605308155054,0.19060530815505405,False,False,False
1.79,2.1344488960077124,0.34444889600771234,False,False,False
1.79,2.1344488960077124,0.34444889600771234,False,False,False
1.79,2.1344488960077124,0.34444889600771234,False,False,False
1.79,2.1344488960077124,0.34444889600771234,False,False,False
1.79,2.1344488960077124,0.34444889600771234,False,False,False
1.79,2.1344488960077124,0.34444889600771234,False,False,False
1.79,2.1642647614122548,0.37426476141225473,False,False,False
1.79,2.1641568925195993,0.37415689251959927,False,False,False
1.79,2.1344488960077124,0.34444889600771234,False,False,False
1.79,2.0057108444680507,0.21571084446805067,False,False,False
1.79,1.9446294966521585,0.15462949665215842,False,False,False
1.79,2.070751363831402,0.28075136383140187,False,False,False
1.79,2.1344488960077124,0.34444889600771234,False,False,False
1.79,2.1344488960077124,0.34444889600771234,False,False,False
1.79,2.1344488960077124,0.34444889600771234,False,False,False
1.79,2.1344488960077124,0.34444889600771234,False,False,False
1.79,2.1344488960077124,0.34444889600771234,False,False,False
1.79,2.1344488960077124,0.34444889600771234,False,False,False
1.79,2.1344488960077124,0.34444889600771234,False,False,False
1.79,1.9515802206700963,0.16158022067009625,False,False,False
1.79,1.9880167123001011,0.1980167123001011,False,False,False
1.79,2.172004000125992,0.3820040001259919,False,False,False
1.79,2.0663522722821526,0.27635227228215253,False,False,False
1.79,2.2381240883965248,0.44812408839652473,False,False,False
1.79,2.1037282145239207,0.31372821452392063,False,False,False
1.79,2.0640018901024653,0.27400189010246523,False,False,False
1.79,2.1591247790224215,0.36912477902242147,False,False,False
1.79,1.982836032083172,0.1928360320831719,False,False,False
1.79,2.0757734688224154,0.2857734688224154,False,False,False
1.79,2.0064028618365164,0.21640286183651636,False,False,False
1.79,2.0996412772485438,0.30964127724854373,False,False,False
1.79,1.8981506621014566,0.10815066210145652,False,False,False
1.79,2.081191668645171,0.29119166864517076,False,False,False
1.79,2.1402035099247105,0.3502035099247105,False,False,False
1.79,2.1402035099247105,0.3502035099247105,False,False,False
1.79,2.1962970086251903,0.40629700862519025,False,False,False
1.79,2.02414984468084,0.23414984468083988,False,False,False
1.79,2.006020981164587,0.2160209811645868,False,False,False
1.79,1.915119179584833,0.12511917958483298,False,False,False
1.79,1.8472743226525221,0.05727432265252208,False,False,False
1.79,1.9880167123001011,0.1980167123001011,False,False,False
1.79,2.1402035099247105,0.3502035099247105,False,False,False
1.79,2.0674193038986086,0.2774193038986086,False,False,False
1.79,2.1591247790224215,0.36912477902242147,False,False,False
1.79,2.0413916961311447,0.25139169613114465,False,False,False
1.79,2.0640018901024653,0.27400189010246523,False,False,False
1.79,1.8027104328812729,0.012710432881272826,False,False,False
1.79,1.9880167123001011,0.1980167123001011,False,False,False
1.79,2.1591247790224215,0.36912477902242147,False,False,False
1.79,1.915119179584833,0.12511917958483298,False,False,False
1.79,2.006020981164587,0.2160209811645868,False,False,False
1.79,1.9880167123001011,0.1980167123001011,False,False,False
1.79,2.1402035099247105,0.3502035099247105,False,False,False
1.79,2.1402035099247105,0.3502035099247105,False,False,False
1.79,2.1962970086251903,0.40629700862519025,False,False,False
1.79,2.091267362102234,0.30126736210223415,False,False,False
1.79,2.2884174570680273,0.4984174570680273,False,False,False
1.79,2.122684507954162,0.3326845079541618,False,False,False
1.79,2.1320150664215283,0.34201506642152824,False,False,False
1.79,2.295916936614458,0.505916936614458,False,False,False
1.79,1.9611470726413596,0.17114707264135953,False,False,False
1.79,1.8350992864418614,0.04509928644186134,False,False,False
1.79,2.081191668645171,0.29119166864517076,False,False,False
1.79,2.1402035099247105,0.3502035099247105,False,False,False
1.79,2.1139702107154075,0.32397021071540744,False,False,False
1.79,2.2688147081241783,0.47881470812417826,False,False,False
2.53,2.280109712225311,0.2498902877746887,False,False,False
2.53,2.272559198916405,0.2574408010835949,False,False,False
2.53,2.1085789006342845,0.42142109936571526,False,False,False
2.53,2.2112866521387047,0.3187133478612951,False,False,False
2.53,2.2112866521387047,0.3187133478612951,False,False,False
2.53,2.07939272110087,0.45060727889912977,False,False,False
2.53,2.1460276411806727,0.3839723588193271,False,False,False
2.53,2.2112866521387047,0.3187133478612951,False,False,False
2.53,2.2112866521387047,0.3187133478612951,False,False,False
2.53,2.2112866521387047,0.3187133478612951,False,False,False
2.53,2.2418334224872414,0.2881665775127584,False,False,False
2.53,2.272559198916405,0.2574408010835949,False,False,False
2.53,2.272559198916405,0.2574408010835949,False,False,False
2.53,2.2308710494780404,0.2991289505219594,False,False,False
2.53,2.2112866521387047,0.3187133478612951,False,False,False
2.53,2.2112866521387047,0.3187133478612951,False,False,False
2.53,2.2112866521387047,0.3187133478612951,False,False,False
2.53,2.2112866521387047,0.3187133478612951,False,False,False
2.53,2.2112866521387047,0.3187133478612951,False,False,False
2.53,2.2112866521387047,0.3187133478612951,False,False,False
2.53,2.2112866521387047,0.3187133478612951,False,False,False
2.53,2.2112866521387047,0.3187133478612951,False,False,False
2.53,2.2112866521387047,0.3187133478612951,False,False,False
2.53,2.2112866521387047,0.3187133478612951,False,False,False
2.53,2.2112866521387047,0.3187133478612951,False,False,False
2.53,2.2418334224872414,0.2881665775127584,False,False,False
2.53,2.2417229093008224,0.2882770906991774,False,False,False
2.53,2.07939272110087,0.45060727889912977,False,False,False
2.53,2.1936428286285374,0.33635717137146237,False,False,False
2.53,2.2112866521387047,0.3187133478612951,False,False,False
2.53,2.2112866521387047,0.3187133478612951,False,False,False
2.53,2.2112866521387047,0.3187133478612951,False,False,False
2.53,2.2112866521387047,0.3187133478612951,False,False,False
2.53,2.2418334224872414,0.2881665775127584,False,False,False
2.53,2.272559198916405,0.2574408010835949,False,False,False
2.53,2.2417229093008224,0.2882770906991774,False,False,False
2.53,2.07939272110087,0.45060727889912977,False,False,False
2.53,2.2112866521387047,0.3187133478612951,False,False,False
2.53,2.2112866521387047,0.3187133478612951,False,False,False
2.53,2.2112866521387047,0.3187133478612951,False,False,False
2.53,2.2418334224872414,0.2881665775127584,False,False,False
2.53,2.2417229093008224,0.2882770906991774,False,False,False
2.53,2.07939272110087,0.45060727889912977,False,False,False
2.53,2.2646180409402867,0.26538195905971307,False,False,False
2.53,2.2112866521387047,0.3187133478612951,False,False,False
2.53,2.0958482512150067,0.4341517487849931,False,False,False
2.53,2.068115306517994,0.461884693482006,False,False,False
2.53,2.0696415842761167,0.46035841572388314,False,False,False
2.53,2.072932304237623,0.45706769576237694,False,False,False
2.53,2.042137466446416,0.4878625335535838,False,False,False
2.53,2.042137466446416,0.4878625335535838,False,False,False
2.53,2.2297563358049945,0.30024366419500526,False,False,False
2.53,2.117093971699569,0.4129060283004309,False,False,False
2.53,2.117093971699569,0.4129060283004309,False,False,False
2.53,2.0563874383708196,0.4736125616291802,False,False,False
2.53,2.0613413627772235,0.46865863722277634,False,False,False
2.53,2.2297563358049945,0.30024366419500526,False,False,False
2.53,2.2392752146227726,0.29072478537722724,False,False,False
2.53,2.192846982407976,0.33715301759202365,False,False,False
2.53,2.117093971699569,0.4129060283004309,False,False,False
2.53,2.0770152794460772,0.4529847205539226,False,False,False
2.53,1.9830395327900527,0.5469604672099471,False,False,False
2.53,1.9138572336340034,0.6161427663659964,False,False,False
2.53,1.9603109978220878,0.569689002177912,False,False,False
2.53,2.087557291156176,0.44244270884382386,False,False,False
2.53,2.2112866521387047,0.3187133478612951,False,False,False
2.53,2.098617736676396,0.43138226332360396,False,False,False
2.53,2.2956721162611164,0.23432788373888336,False,False,False
2.53,1.9787202003786284,0.5512797996213714,False,False,False
2.53,2.07939272110087,0.45060727889912977,False,False,False
2.53,2.2112866521387047,0.3187133478612951,False,False,False
2.53,2.2112866521387047,0.3187133478612951,False,False,False
2.53,2.2112866521387047,0.3187133478612951,False,False,False
2.53,2.069084271216765,0.4609157287832346,False,False,False
2.53,2.2112866521387047,0.3187133478612951,False,False,False
2.53,2.2112866521387047,0.3187133478612951,False,False,False
2.53,2.2005366794930485,0.32946332050695126,False,False,False
2.53,2.2005366794930485,0.32946332050695126,False,False,False
2.53,2.1856567703965077,0.34434322960349206,False,False,False
2.53,2.0560664767924717,0.47393352320752813,False,False,False
2.53,2.0342039468682773,0.4957960531317225,False,False,False
2.53,2.1580538075407225,0.3719461924592773,False,False,False
2.53,2.0563874383708196,0.4736125616291802,False,False,False
2.53,1.9576219768636318,0.572378023136368,False,False,False
2.53,2.042137466446416,0.4878625335535838,False,False,False
2.53,2.250144601138388,0.2798553988616117,False,False,False
2.53,2.3051414264754038,0.22485857352459604,False,False,False
2.53,2.308936204353361,0.2210637956466388,False,False,False
2.53,2.0861791387439808,0.44382086125601905,False,False,False
2.53,2.2112866521387047,0.3187133478612951,False,False,False
2.53,2.1909424261362234,0.33905757386377644,False,False,False
2.53,1.9619389359592225,0.5680610640407773,False,False,False
2.53,2.1450896676890143,0.3849103323109855,False,False,False
2.53,2.061264835677539,0.46873516432246065,False,False,False
2.53,2.312488745559983,0.21751125444001662,False,False,False
2.53,2.296182920533638,0.23381707946636165,False,False,False
2.53,2.317503334088808,0.21249666591119176,False,False,False
2.53,2.236567438772617,0.2934325612273829,False,False,False
2.53,2.1567238792132715,0.37327612078672834,False,False,False
2.53,2.236567438772617,0.2934325612273829,False,False,False
2.53,1.986580295731601,0.5434197042683988,False,False,False
2.53,2.186751631275781,0.3432483687242187,False,False,False
2.53,2.2476744702889992,0.28232552971100056,False,False,False
2.53,2.1756257607914518,0.35437423920854805,False,False,False
2.53,2.0982837342347995,0.4317162657652003,False,False,False
2.53,2.1567238792132715,0.37327612078672834,False,False,False
2.53,2.2171823344334163,0.3128176655665835,False,False,False
2.53,2.1756257607914518,0.35437423920854805,False,False,False
2.53,2.0982837342347995,0.4317162657652003,False,False,False
2.53,2.0722439729389284,0.45775602706107144,False,False,False
2.53,2.126252460518873,0.40374753948112696,False,False,False
2.53,2.2171823344334163,0.3128176655665835,False,False,False
2.53,2.231675189295588,0.29832481070441164,False,False,False
2.53,2.1567238792132715,0.37327612078672834,False,False,False
2.53,2.236567438772617,0.2934325612273829,False,False,False
2.53,2.061264835677539,0.46873516432246065,False,False,False
2.53,2.236567438772617,0.2934325612273829,False,False,False
2.53,1.986580295731601,0.5434197042683988,False,False,False
2.53,2.1567238792132715,0.37327612078672834,False,False,False
2.53,2.065645722266483,0.4643542777335168,False,False,False
2.53,2.061264835677539,0.46873516432246065,False,False,False
2.53,2.236567438772617,0.2934325612273829,False,False,False
2.53,1.986580295731601,0.5434197042683988,False,False,False
2.53,2.1567238792132715,0.37327612078672834,False,False,False
2.53,2.2171823344334163,0.3128176655665835,False,False,False
2.53,2.138693933244116,0.39130606675588364,False,False,False
2.53,2.115948251748881,0.414051748251119,False,False,False
2.53,2.0982837342347995,0.4317162657652003,False,False,False
2.53,2.061264835677539,0.46873516432246065,False,False,False
2.53,2.138693933244116,0.39130606675588364,False,False,False
2.53,2.061264835677539,0.46873516432246065,False,False,False
2.53,2.2746509069400678,0.25534909305993203,False,False,False
2.53,2.0045919153779406,0.5254080846220592,False,False,False
2.53,2.0797104604761047,0.45028953952389505,False,False,False
2.53,1.986580295731601,0.5434197042683988,False,False,False
2.53,2.1603124188122877,0.36968758118771206,False,False,False
2.53,2.0088840409825437,0.5211159590174561,False,False,False
2.53,2.138693933244116,0.39130606675588364,False,False,False
2.53,2.061264835677539,0.46873516432246065,False,False,False
2.53,2.317503334088808,0.21249666591119176,False,False,False
2.53,2.138693933244116,0.39130606675588364,False,False,False
2.53,2.0797104604761047,0.45028953952389505,False,False,False
2.53,2.1567238792132715,0.37327612078672834,False,False,False
2.53,2.138693933244116,0.39130606675588364,False,False,False
2.53,2.0959231609942863,0.4340768390057135,False,False,False
2.53,2.1567238792132715,0.37327612078672834,False,False,False
2.53,2.138693933244116,0.39130606675588364,False,False,False
2.53,2.061264835677539,0.46873516432246065,False,False,False
2.53,2.253877249882858,0.2761227501171417,False,False,False
2.53,2.0343337356496685,0.49566626435033134,False,False,False
2.53,2.154338840564701,0.37566115943529876,False,False,False
2.53,1.9440832862310424,0.5859167137689574,False,False,False
2.53,1.9738724923304978,0.556127507669502,False,False,False
2.53,1.9726352703559176,0.5573647296440822,False,False,False
2.53,2.101071718602625,0.4289282813973747,False,False,False
2.53,2.1044263858461534,0.4255736141538464,False,False,False
2.53,2.1909424261362234,0.33905757386377644,False,False,False
2.53,2.061264835677539,0.46873516432246065,False,False,False
2.53,2.317503334088808,0.21249666591119176,False,False,False
2.53,2.1756257607914518,0.35437423920854805,False,False,False
2.53,2.0982837342347995,0.4317162657652003,False,False,False
2.53,2.1567238792132715,0.37327612078672834,False,False,False
2.53,2.138693933244116,0.39130606675588364,False,False,False
2.53,2.061264835677539,0.46873516432246065,False,False,False
2.53,2.317503334088808,0.21249666591119176,False,False,False
2.53,2.1756257607914518,0.35437423920854805,False,False,False
2.53,2.1567238792132715,0.37327612078672834,False,False,False
2.53,2.2746509069400678,0.25534909305993203,False,False,False
2.53,2.0045919153779406,0.5254080846220592,False,False,False
2.53,2.1567238792132715,0.37327612078672834,False,False,False
2.53,2.138693933244116,0.39130606675588364,False,False,False
2.53,1.986580295731601,0.5434197042683988,False,False,False
2.53,2.115948251748881,0.414051748251119,False,False,False
2.53,2.053337763488528,0.4766622365114719,False,False,False
2.53,2.3167324537854874,0.21326754621451238,False,False,False
2.53,2.2057240275536913,0.32427597244630846,False,False,False
2.53,2.1900678709936323,0.3399321290063675,False,False,False
2.53,2.1567238792132715,0.37327612078672834,False,False,False
2.53,2.2171823344334163,0.3128176655665835,False,False,False
2.53,2.138693933244116,0.39130606675588364,False,False,False
2.05,2.213019509057911,0.16301950905791118,False,False,False
2.05,2.1770121930396162,0.12701219303961642,False,False,False
2.05,2.117283183802197,0.06728318380219722,False,False,False
2.05,2.1020016625328433,0.05200166253284344,False,False,False
2.05,2.0186628755999636,0.03133712440003622,False,False,False
2.05,2.1020016625328433,0.05200166253284344,False,False,False
2.05,2.1155562056649595,0.06555620566495968,False,False,False
2.05,2.0318532605835835,0.018146739416416313,False,False,False
2.05,2.1462117067949293,0.09621170679492952,False,False,False
2.05,2.1761394637615448,0.12613946376154495,False,False,False
2.05,2.176031190063637,0.12603119006363706,False,False,False
2.05,2.1462117067949293,0.09621170679492952,False,False,False
2.05,2.1462117067949293,0.09621170679492952,False,False,False
2.05,2.1462117067949293,0.09621170679492952,False,False,False
2.05,2.1462117067949293,0.09621170679492952,False,False,False
2.05,2.0469394395552345,0.0030605604447653256,False,False,False
2.05,2.0318532605835835,0.018146739416416313,False,False,False
2.05,2.1749915701776645,0.12499157017766471,False,False,False
2.05,2.1941691061979967,0.14416910619799683,False,False,False
2.05,2.145074629449,0.09507462944900036,False,False,False
2.05,2.060639228137637,0.010639228137637069,False,False,False
2.05,2.1155562056649595,0.06555620566495968,False,False,False
2.05,2.176083452003518,0.12608345200351811,False,False,False
2.05,2.1155562056649595,0.06555620566495968,False,False,False
2.05,2.1307242317423163,0.08072423174231647,False,False,False
2.05,2.1462117067949293,0.09621170679492952,False,False,False
2.05,2.0469394395552345,0.0030605604447653256,False,False,False
2.05,2.0053303710467967,0.044669628953203144,False,False,False
2.05,2.1161872581541132,0.06618725815411342,False,False,False
2.05,2.133348756741608,0.08334875674160802,False,False,False
2.05,2.069373679731378,0.019373679731378157,False,False,False
2.05,2.060639228137637,0.010639228137637069,False,False,False
2.05,1.9774399524384019,0.07256004756159795,False,False,False
2.05,2.059640663159499,0.009640663159498963,False,False,False
2.05,1.9774399524384019,0.07256004756159795,False,False,False
2.05,2.1020016625328433,0.05200166253284344,False,False,False
2.05,2.1020016625328433,0.05200166253284344,False,False,False
2.05,2.088102747366285,0.03810274736628516,False,False,False
2.05,2.1020016625328433,0.05200166253284344,False,False,False
2.05,2.1020016625328433,0.05200166253284344,False,False,False
2.05,2.1020016625328433,0.05200166253284344,False,False,False
2.05,2.131508879630097,0.08150887963009712,False,False,False
2.05,2.131402127376206,0.08140212737620622,False,False,False
2.05,2.1020016625328433,0.05200166253284344,False,False,False
2.05,2.1020016625328433,0.05200166253284344,False,False,False
2.05,2.1020016625328433,0.05200166253284344,False,False,False
2.05,2.1155562056649595,0.06555620566495968,False,False,False
2.05,2.1155562056649595,0.06555620566495968,False,False,False
2.05,2.1307242317423163,0.08072423174231647,False,False,False
2.05,2.1462117067949293,0.09621170679492952,False,False,False
2.05,2.0327017217555183,0.01729827824448149,False,False,False
2.05,2.0917597783284156,0.04175977832841582,False,False,False
2.05,1.9567064067119762,0.09329359328802367,False,False,False
2.05,2.1151556950689754,0.06515569506897556,False,False,False
2.05,1.9849451778392622,0.06505482216073766,False,False,False
2.05,2.10760327367349,0.057603273673490385,False,False,False
2.05,1.988548003515283,0.061451996484716886,False,False,False
2.05,1.994348831798468,0.05565116820153193,False,False,False
2.05,2.1030255191476384,0.05302551914763853,False,False,False
2.05,2.0693113415601934,0.01931134156019354,False,False,False
2.05,2.063258211852015,0.013258211852015034,False,False,False
2.05,2.1049046565498153,0.05490465654981547,False,False,False
2.05,1.9025396624780893,0.14746033752191057,False,False,False
2.05,2.093645174521487,0.043645174521487196,False,False,False
2.05,2.0212970453201473,0.02870295467985251,False,False,False
2.05,2.1307242317423163,0.08072423174231647,False,False,False
2.05,2.1155562056649595,0.06555620566495968,False,False,False
2.05,2.1155562056649595,0.06555620566495968,False,False,False
2.05,2.12778149788489,0.07778149788489008,False,False,False
2.05,2.131402127376206,0.08140212737620622,False,False,False
2.05,2.1020016625328433,0.05200166253284344,False,False,False
2.05,2.1020016625328433,0.05200166253284344,False,False,False
2.05,2.1020016625328433,0.05200166253284344,False,False,False
2.05,2.1155562056649595,0.06555620566495968,False,False,False
2.05,2.1020016625328433,0.05200166253284344,False,False,False
2.05,2.0186628755999636,0.03133712440003622,False,False,False
2.05,2.1020016625328433,0.05200166253284344,False,False,False
2.05,2.1155562056649595,0.06555620566495968,False,False,False
2.05,2.1020016625328433,0.05200166253284344,False,False,False
2.05,2.1020016625328433,0.05200166253284344,False,False,False
2.05,2.0186628755999636,0.03133712440003622,False,False,False
2.05,2.1020016625328433,0.05200166253284344,False,False,False
2.05,2.117477753603632,0.06747775360363217,False,False,False
2.05,2.117371479666868,0.06737147966686807,False,False,False
2.05,2.088102747366285,0.03810274736628516,False,False,False
2.05,2.088102747366285,0.03810274736628516,False,False,False
2.05,2.1020016625328433,0.05200166253284344,False,False,False
2.05,2.1020016625328433,0.05200166253284344,False,False,False
2.05,2.1155562056649595,0.06555620566495968,False,False,False
2.05,2.1761394637615448,0.12613946376154495,False,False,False
2.05,2.0605888658138007,0.010588865813800918,False,False,False
2.05,2.1462117067949293,0.09621170679492952,False,False,False
2.05,1.9456155821906038,0.104384417809396,False,False,False
2.05,1.9118756908063839,0.13812430919361596,False,False,False
2.05,2.091604687119846,0.04160468711984633,False,False,False
2.05,1.9293987670735806,0.12060123292641922,False,False,False
2.05,2.0683294367161973,0.018329436716197467,False,False,False
2.05,1.9160393476755724,0.13396065232442744,False,False,False
2.05,2.108848362895567,0.05884836289556716,False,False,False
2.05,1.9160393476755724,0.13396065232442744,False,False,False
2.05,1.9036511885115126,0.14634881148848722,False,False,False
2.05,1.955902888994212,0.09409711100578777,False,False,False
2.05,2.1254041287179795,0.07540412871797963,False,False,False
2.05,2.1076174111116055,0.057617411111605676,False,False,False
2.05,2.1076174111116055,0.057617411111605676,False,False,False
2.05,1.9053757334721504,0.14462426652784943,False,False,False
2.05,1.8734776940161035,0.1765223059838963,False,False,False
2.05,2.0647853616523117,0.014785361652311924,False,False,False
2.05,1.9148082102773594,0.13519178972264045,False,False,False
2.05,1.8757742530916741,0.1742257469083257,False,False,False
2.05,1.955902888994212,0.09409711100578777,False,False,False
2.05,2.1462117067949293,0.09621170679492952,False,False,False
2.05,2.1462117067949293,0.09621170679492952,False,False,False
2.05,2.0175891988477845,0.032410801152215285,False,False,False
2.05,2.0642559406568153,0.014255940656815458,False,False,False
2.05,1.9832994787547453,0.0667005212452545,False,False,False
2.05,2.0520753813798183,0.0020753813798184417,False,False,False
2.05,2.017707337818348,0.03229266218165172,False,False,False
2.05,1.960062159020901,0.08993784097909874,False,False,False
2.05,2.0520753813798183,0.0020753813798184417,False,False,False
2.05,1.9672838004779227,0.0827161995220771,False,False,False
2.05,2.2297563358049945,0.17975633580499473,False,False,False
2.05,2.117093971699569,0.0670939716995691,False,False,False
2.05,1.9567637542600793,0.09323624573992051,False,False,False
2.05,2.0520753813798183,0.0020753813798184417,False,False,False
2.05,2.141204574860625,0.09120457486062516,False,False,False
2.05,2.1639515747196123,0.11395157471961248,False,False,False
2.05,2.2679097429876283,0.21790974298762844,False,False,False
2.05,1.9808830371224646,0.06911696287753522,False,False,False
2.05,1.956188500265589,0.09381149973441083,False,False,False
2.05,2.0678272224446106,0.01782722244461077,False,False,False
2.05,2.201923710871182,0.1519237108711824,False,False,False
2.05,2.0904717256697816,0.040471725669781744,False,False,False
2.05,1.931510844712745,0.1184891552872549,False,False,False
2.05,1.9809086826912101,0.0690913173087897,False,False,False
2.05,1.9816377309209936,0.06836226907900622,False,False,False
2.05,2.1254041287179795,0.07540412871797963,False,False,False
2.05,2.075982934419641,0.025982934419641168,False,False,False
2.05,2.2314576300650835,0.18145763006508364,False,False,False
2.05,2.165399237169554,0.11539923716955425,False,False,False
2.05,2.1618798415550673,0.11187984155506747,False,False,False
2.05,2.0318532605835835,0.018146739416416313,False,False,False
2.05,2.0318532605835835,0.018146739416416313,False,False,False
2.05,2.1356795763907614,0.08567957639076162,False,False,False
2.05,2.1356795763907614,0.08567957639076162,False,False,False
2.05,2.1462117067949293,0.09621170679492952,False,False,False
2.05,2.1356795763907614,0.08567957639076162,False,False,False
2.05,2.1462117067949293,0.09621170679492952,False,False,False
2.05,1.9877907495691498,0.062209250430850016,False,False,False
2.05,2.1618798415550673,0.11187984155506747,False,False,False
2.05,2.1118771270346612,0.06187712703466142,False,False,False
2.05,2.162704630511991,0.11270463051199098,False,False,False
2.05,2.1462117067949293,0.09621170679492952,False,False,False
2.05,2.036739628957082,0.013260371042917996,False,False,False
2.05,2.0053303710467967,0.044669628953203144,False,False,False
2.05,2.1468489685221828,0.09684896852218294,False,False,False
2.05,2.162693990922715,0.11269399092271515,False,False,False
2.05,2.164179327597055,0.11417932759705529,False,False,False
2.05,2.176083452003518,0.12608345200351811,False,False,False
2.05,2.1462117067949293,0.09621170679492952,False,False,False
2.05,2.0469394395552345,0.0030605604447653256,False,False,False
2.05,2.1619035815061203,0.11190358150612045,False,False,False
2.05,1.9795369233714317,0.0704630766285681,False,False,False
2.05,2.164179327597055,0.11417932759705529,False,False,False
2.05,2.1462117067949293,0.09621170679492952,False,False,False
2.05,2.0318532605835835,0.018146739416416313,False,False,False
2.05,2.0318532605835835,0.018146739416416313,False,False,False
2.05,2.1761394637615448,0.12613946376154495,False,False,False
2.05,2.176031190063637,0.12603119006363706,False,False,False
2.05,2.1356795763907614,0.08567957639076162,False,False,False
2.05,2.1656758502154374,0.11567585021543758,False,False,False
2.05,1.9970214228895684,0.05297857711043141,False,False,False
2.05,2.0860911990510886,0.03609119905108882,False,False,False
2.05,2.0887381435123626,0.03873814351236282,False,False,False
2.05,2.1761394637615448,0.12613946376154495,False,False,False
2.05,2.165399237169554,0.11539923716955425,False,False,False
2.05,2.0217039518648456,0.028296048135154184,False,False,False
2.05,2.1462117067949293,0.09621170679492952,False,False,False
2.05,2.1462117067949293,0.09621170679492952,False,False,False
2.05,2.1462117067949293,0.09621170679492952,False,False,False
1.65,2.0968337257602316,0.4468337257602317,False,False,False
1.65,2.073184775127839,0.42318477512783925,False,False,False
1.65,2.0326913968159293,0.38269139681592934,False,False,False
1.65,2.0064583252461845,0.3564583252461846,False,False,False
1.65,2.028802875312943,0.3788028753129429,False,False,False
1.65,1.9814627710827275,0.3314627710827276,False,False,False
1.65,2.017487611289648,0.3674876112896479,False,False,False
1.65,1.9784831096176219,0.32848310961762195,False,False,False
1.65,2.0099583942310484,0.3599583942310485,False,False,False
1.65,1.9887479639906513,0.33874796399065144,False,False,False
1.65,2.0708791516254497,0.42087915162544975,False,False,False
1.65,2.0067129266933326,0.35671292669333265,False,False,False
1.65,2.0141932937347473,0.3641932937347474,False,False,False
1.65,2.0532022478867846,0.4032022478867847,False,False,False
1.65,2.0360113451725126,0.3860113451725127,False,False,False
1.65,1.961367332878237,0.31136733287823715,False,False,False
1.65,1.9914375712636416,0.3414375712636417,False,False,False
1.65,1.9869057623958595,0.33690576239585956,False,False,False
1.65,2.0125551640064905,0.36255516400649057,False,False,False
1.65,1.9896942926248724,0.3396942926248725,False,False,False
1.65,2.001255800471066,0.35125580047106597,False,False,False
1.65,1.9528740285144743,0.3028740285144744,False,False,False
1.65,1.9620344699203565,0.31203446992035655,False,False,False
1.65,2.0067129266933326,0.35671292669333265,False,False,False
1.65,1.963222448810944,0.3132224488109441,False,False,False
1.65,2.0167452505618653,0.36674525056186535,False,False,False
1.65,2.003245178695475,0.3532451786954751,False,False,False
1.65,2.0567439593700954,0.40674395937009544,False,False,False
1.65,2.0308715330700005,0.38087153307000055,False,False,False
1.65,1.9792941101875274,0.3292941101875275,False,False,False
1.65,1.9361661486584958,0.2861661486584959,False,False,False
1.65,1.951544724362086,0.3015447243620861,False,False,False
1.65,1.900362201189699,0.2503622011896991,False,False,False
1.65,1.9233920601561967,0.27339206015619677,False,False,False
1.65,1.9749243881178749,0.32492438811787494,False,False,False
1.65,1.8652955986214619,0.21529559862146197,False,False,False
1.65,1.9686549514740648,0.31865495147406486,False,False,False
1.65,1.915859303496675,0.2658593034966752,False,False,False
1.65,1.9612894353942374,0.3112894353942375,False,False,False
1.65,1.9446276129940592,0.29462761299405926,False,False,False
1.65,1.9199019454320343,0.2699019454320344,False,False,False
1.65,1.983406500167053,0.3334065001670532,False,False,False
1.65,1.9894950252696821,0.3394950252696822,False,False,False
1.65,1.978034052648149,0.3280340526481491,False,False,False
1.65,1.9813106080961465,0.33131060809614654,False,False,False
1.65,2.0140990825734244,0.3640990825734245,False,False,False
1.65,2.0894240107214004,0.43942401072140047,False,False,False
1.65,2.1303012534553445,0.4803012534553446,False,False,False
1.65,2.0028763099056754,0.35287630990567553,False,False,False
1.65,2.013474743726845,0.3634747437268451,False,False,False
1.65,2.2324890581864687,0.5824890581864688,False,False,False
1.65,2.0725783622856513,0.4225783622856514,False,False,False
1.65,1.950221837929575,0.30022183792957513,False,False,False
1.65,2.023596412155457,0.3735964121554569,False,False,False
1.65,2.072486152156338,0.4224861521563379,False,False,False
1.65,2.0998007777864007,0.4498007777864008,False,False,False
1.65,2.075983158352704,0.4259831583527043,False,False,False
1.65,2.0863147802405773,0.43631478024057735,False,False,False
1.65,2.1052428792410867,0.45524287924108675,False,False,False
1.65,2.1051370223877357,0.4551370223877358,False,False,False
1.65,2.0998007777864007,0.4498007777864008,False,False,False
1.65,1.9830106829669716,0.33301068296697167,False,False,False
1.65,2.20206238620909,0.5520623862090899,False,False,False
1.65,2.0683152292041975,0.4183152292041976,False,False,False
1.65,1.9688283120487875,0.3188283120487876,False,False,False
1.65,1.9983340875899205,0.34833408758992057,False,False,False
1.65,2.059832172357879,0.4098321723578793,False,False,False
1.65,2.0998007777864007,0.4498007777864008,False,False,False
1.65,2.0863147802405773,0.43631478024057735,False,False,False
1.65,2.019907188772172,0.3699071887721721,False,False,False
1.65,2.0782487743616205,0.42824877436162057,False,False,False
1.65,2.0106534565232512,0.3606534565232513,False,False,False
1.65,1.9432029158760202,0.2932029158760203,False,False,False
1.65,2.02852113254425,0.3785211325442499,False,False,False
1.65,2.0804358935975977,0.4304358935975978,False,False,False
1.65,2.0804358935975977,0.4304358935975978,False,False,False
1.65,2.0998007777864007,0.4498007777864008,False,False,False
1.65,2.023596412155457,0.3735964121554569,False,False,False
1.65,2.0894240107214004,0.43942401072140047,False,False,False
1.65,2.334860036791848,0.6848600367918483,False,False,False
1.65,1.9820994749903726,0.33209947499037273,False,False,False
1.65,2.1303012534553445,0.4803012534553446,False,False,False
1.65,2.1303012534553445,0.4803012534553446,False,False,False
1.65,2.1198223842379553,0.4698223842379554,False,False,False
1.65,2.1198223842379553,0.4698223842379554,False,False,False
1.65,2.015997713725231,0.36599771372523104,False,False,False
1.65,2.1148920988630615,0.4648920988630616,False,False,False
1.65,2.1303012534553445,0.4803012534553446,False,False,False
1.65,2.1303012534553445,0.4803012534553446,False,False,False
1.65,1.976857616369053,0.3268576163690531,False,False,False
1.65,1.9806822369664339,0.33068223696643395,False,False,False
1.65,1.9662443055602195,0.31624430556021954,False,False,False
1.65,2.042825613094892,0.39282561309489195,False,False,False
1.65,2.1115507812895022,0.46155078128950233,False,False,False
1.65,2.0993889286843443,0.44938892868434444,False,False,False
1.65,2.0908706818840623,0.4408706818840624,False,False,False
1.65,2.0407220476906387,0.3907220476906388,False,False,False
1.65,2.137927702797114,0.4879277027971143,False,False,False
1.65,2.118214227616854,0.46821422761685394,False,False,False
1.65,2.0407220476906387,0.3907220476906388,False,False,False
1.65,2.072402343270958,0.42240234327095827,False,False,False
1.65,2.0320495456288774,0.3820495456288775,False,False,False
1.65,2.1568794606028114,0.5068794606028115,False,False,False
1.65,2.0320495456288774,0.3820495456288775,False,False,False
1.65,2.1184440805988936,0.46844408059889364,False,False,False
1.65,2.0897750199336826,0.43977501993368273,False,False,False
1.65,2.0591910113591476,0.4091910113591477,False,False,False
1.65,2.102882122013345,0.452882122013345,False,False,False
1.65,2.0819500835442573,0.43195008354425735,False,False,False
1.65,1.986580295731601,0.3365802957316011,False,False,False
1.65,2.0219449997538437,0.37194499975384376,False,False,False
1.65,2.1261312370810845,0.4761312370810846,False,False,False
1.65,2.0034795023585317,0.35347950235853176,False,False,False
1.65,2.171902768920789,0.5219027689207891,False,False,False
1.65,2.079727094638173,0.42972709463817305,False,False,False
1.65,2.0922474391201837,0.4422474391201838,False,False,False
1.65,2.112461136955264,0.46246113695526425,False,False,False
1.65,2.0336502209436587,0.38365022094365875,False,False,False
1.65,2.0908706818840623,0.4408706818840624,False,False,False
1.65,1.950323985958553,0.30032398595855314,False,False,False
1.65,2.0712859794975973,0.4212859794975974,False,False,False
1.65,2.088937582828361,0.43893758282836126,False,False,False
1.65,2.0407220476906387,0.3907220476906388,False,False,False
1.65,2.0712859794975973,0.4212859794975974,False,False,False
1.65,2.088937582828361,0.43893758282836126,False,False,False
1.65,2.023672830926831,0.3736728309268309,False,False,False
1.65,2.0407220476906387,0.3907220476906388,False,False,False
1.65,2.099494589580123,0.449494589580123,False,False,False
1.65,2.0993889286843443,0.44938892868434444,False,False,False
1.65,2.1083600031606187,0.45836000316061876,False,False,False
1.65,2.1272397912723338,0.47723979127233385,False,False,False
1.65,2.0059055949581484,0.35590559495814844,False,False,False
1.65,2.1066077238679703,0.45660772386797044,False,False,False
1.65,2.092396676489295,0.44239667648929526,False,False,False
1.65,2.0725550901844203,0.4225550901844204,False,False,False
1.65,2.1074012775480555,0.4574012775480556,False,False,False
1.65,2.048780110355826,0.39878011035582617,False,False,False
1.65,1.988508182456564,0.3385081824565641,False,False,False
1.65,2.0034795023585317,0.35347950235853176,False,False,False
1.65,2.0530139196807657,0.40301391968076583,False,False,False
1.65,1.9674991115608012,0.31749911156080124,False,False,False
1.65,2.1280876124303285,0.4780876124303286,False,False,False
1.65,1.986580295731601,0.3365802957316011,False,False,False
1.65,2.073644645793176,0.4236446457931762,False,False,False
1.65,2.0702890330059684,0.42028903300596854,False,False,False
1.65,2.0530139196807657,0.40301391968076583,False,False,False
1.65,2.023613294280257,0.37361329428025725,False,False,False
1.65,2.0407220476906387,0.3907220476906388,False,False,False
1.65,2.0530139196807657,0.40301391968076583,False,False,False
1.65,2.0320495456288774,0.3820495456288775,False,False,False
1.65,2.1568794606028114,0.5068794606028115,False,False,False
1.65,1.9346647199252227,0.2846647199252228,False,False,False
1.65,2.023613294280257,0.37361329428025725,False,False,False
1.65,2.0036362815487387,0.35363628154873883,False,False,False
1.65,1.9674991115608012,0.31749911156080124,False,False,False
1.65,2.1072581415384204,0.4572581415384205,False,False,False
1.65,2.0702890330059684,0.42028903300596854,False,False,False
1.65,2.12433625080177,0.4743362508017701,False,False,False
1.65,2.0591910113591476,0.4091910113591477,False,False,False
1.65,2.0407220476906387,0.3907220476906388,False,False,False
1.65,2.0530139196807657,0.40301391968076583,False,False,False
1.65,2.0152650110025867,0.3652650110025868,False,False,False
1.65,2.100395324136182,0.4503953241361822,False,False,False
1.65,2.0530139196807657,0.40301391968076583,False,False,False
1.65,2.0407220476906387,0.3907220476906388,False,False,False
1.65,2.1272397912723338,0.47723979127233385,False,False,False
1.65,2.0320495456288774,0.3820495456288775,False,False,False
1.65,2.1568794606028114,0.5068794606028115,False,False,False
1.65,1.9691958126824907,0.31919581268249075,False,False,False
1.65,2.0776405353852887,0.4276405353852888,False,False,False
1.65,2.0184244965306917,0.36842449653069176,False,False,False
1.65,2.088937582828361,0.43893758282836126,False,False,False
1.65,2.0045919153779406,0.35459191537794066,False,False,False
1.65,2.0580872302686495,0.40808723026864957,False,False,False
1.65,2.088937582828361,0.43893758282836126,False,False,False
1.65,2.022299377972489,0.37229937797248924,False,False,False
1.65,2.004454755281096,0.35445475528109593,False,False,False
1.65,2.068205391838749,0.41820539183874894,False,False,False
1.65,1.986580295731601,0.3365802957316011,False,False,False
1.65,2.0407220476906387,0.3907220476906388,False,False,False
1.42,2.1040623064288497,0.6840623064288498,False,False,False
1.42,2.0459675741747865,0.6259675741747865,False,False,False
1.42,2.1997061193394503,0.7797061193394503,False,False,False
1.42,1.7919497447887989,0.37194974478879894,False,False,False
1.42,1.7946208356315574,0.37462083563155746,False,False,False
1.42,1.9599883165678476,0.5399883165678476,False,False,False
1.42,1.9751190713982214,0.5551190713982215,False,False,False
1.42,1.8458323101673648,0.4258323101673649,False,False,False
1.42,2.0445881184501355,0.6245881184501356,False,False,False
1.42,2.2013530652843056,0.7813530652843057,False,False,False
1.42,1.813096344063283,0.3930963440632831,False,False,False
1.42,1.8975210724701412,0.4775210724701413,False,False,False
1.42,1.9599883165678476,0.5399883165678476,False,False,False
1.42,1.8229969500099545,0.4029969500099546,False,False,False
1.42,2.249578148209731,0.8295781482097309,False,False,False
1.42,2.440908378125901,1.0209083781259012,False,False,False
1.42,1.8942788620553062,0.4742788620553062,False,False,False
1.42,1.79739922452249,0.37739922452249,False,False,False
1.42,2.078079315596602,0.658079315596602,False,False,False
1.42,2.1498437761814198,0.7298437761814198,False,False,False
1.42,1.8187148805159112,0.3987148805159113,False,False,False
1.42,1.877951106357747,0.45795110635774705,False,False,False
1.42,2.2104501618232257,0.7904501618232258,False,False,False
1.42,1.8633349882681212,0.44333498826812123,False,False,False
1.42,2.187409848805785,0.767409848805785,False,False,False
1.42,2.1420899659507553,0.7220899659507554,False,False,False
1.42,1.8828906409793786,0.4628906409793787,False,False,False
1.42,1.8299642069346382,0.4099642069346383,False,False,False
1.42,2.1799779061000257,0.7599779061000258,False,False,False
1.42,1.8279803093013993,0.4079803093013994,False,False,False
1.42,2.1560404124740686,0.7360404124740687,False,False,False
1.42,1.8458323101673648,0.4258323101673649,False,False,False
1.42,2.243100773216046,0.823100773216046,False,False,False
1.42,1.8352478520754425,0.41524785207544257,False,False,False
1.42,1.8042528964886038,0.38425289648860383,False,False,False
1.42,1.8042528964886038,0.38425289648860383,False,False,False
1.42,2.1396045833495463,0.7196045833495464,False,False,False
1.42,2.1374093754744456,0.7174093754744457,False,False,False
1.42,2.231651573888389,0.8116515738883892,False,False,False
1.42,1.8281805960408741,0.4081805960408742,False,False,False
1.42,2.2125778051009712,0.7925778051009713,False,False,False
1.42,1.8173698781202337,0.3973698781202337,False,False,False
1.42,1.8117931428698264,0.39179314286982647,False,False,False
1.42,2.1510227403562383,0.7310227403562384,False,False,False
1.42,1.8566114630450206,0.43661146304502063,False,False,False
1.42,1.8941480515008053,0.4741480515008054,False,False,False
1.42,1.8801537730704574,0.46015377307045746,False,False,False
1.42,1.8549091109644542,0.4349091109644543,False,False,False
1.42,1.8385439809869362,0.41854398098693624,False,False,False
1.42,1.868676156320419,0.44867615632041913,False,False,False
1.42,2.229731621694679,0.809731621694679,False,False,False
1.42,1.8989036172072216,0.47890361720722163,False,False,False
1.42,2.229731621694679,0.809731621694679,False,False,False
1.42,1.9486983181481436,0.5286983181481437,False,False,False
1.42,2.1023413076132407,0.6823413076132407,False,False,False
1.42,1.9432657324276446,0.5232657324276446,False,False,False
1.42,2.0504987233776384,0.6304987233776385,False,False,False
1.42,2.016785136108167,0.5967851361081671,False,False,False
1.42,2.0357749180638636,0.6157749180638636,False,False,False
1.42,2.1625016779772155,0.7425016779772156,False,False,False
1.42,1.9370501573528442,0.5170501573528443,False,False,False
1.42,2.216973302871888,0.796973302871888,False,False,False
1.42,1.9333422721655578,0.5133422721655578,False,False,False
1.42,2.0972733406097634,0.6772733406097635,False,False,False
1.42,1.9943894663864175,0.5743894663864175,False,False,False
1.42,2.239658193084518,0.8196581930845181,False,False,False
1.42,2.0367659434414325,0.6167659434414325,False,False,False
1.42,1.8981618215021774,0.47816182150217745,False,False,False
1.42,2.244790099045952,0.824790099045952,False,False,False
1.42,1.846914651977841,0.42691465197784106,False,False,False
1.42,1.8308908621535878,0.41089086215358783,False,False,False
1.42,2.1749221766449494,0.7549221766449494,False,False,False
1.42,1.8360323231443312,0.41603232314433125,False,False,False
1.42,1.8308908621535878,0.41089086215358783,False,False,False
1.42,1.8201622425090256,0.40016224250902566,False,False,False
1.42,2.1510227403562383,0.7310227403562384,False,False,False
1.42,2.2526135383143955,0.8326135383143956,False,False,False
1.42,1.9155425848828807,0.4955425848828807,False,False,False
1.42,2.2344772597930866,0.8144772597930867,False,False,False
1.42,1.8736303565415127,0.45363035654151274,False,False,False
1.42,2.254895326585439,0.8348953265854391,False,False,False
1.42,2.198736636910875,0.778736636910875,False,False,False
1.42,2.183395938794189,0.7633959387941891,False,False,False
1.42,2.1720378245911682,0.7520378245911683,False,False,False
1.42,1.9801186274045866,0.5601186274045866,False,False,False
1.42,1.864997068630506,0.44499706863050603,False,False,False
1.42,2.2089602805844457,0.7889602805844458,False,False,False
1.42,1.8911417106531734,0.47114171065317345,False,False,False
1.42,2.2052055888142856,0.7852055888142857,False,False,False
1.42,2.2014370197604403,0.7814370197604403,False,False,False
1.42,2.3397650116494217,0.9197650116494218,False,False,False
1.42,2.368211061900445,0.9482110619004449,False,False,False
1.42,2.076950465449879,0.6569504654498792,False,False,False
1.42,1.926682377743104,0.506682377743104,False,False,False
1.42,2.0290559931202243,0.6090559931202244,False,False,False
1.42,1.9531470637222141,0.5331470637222142,False,False,False
1.42,2.032935411123145,0.6129354111231451,False,False,False
1.42,2.061370660578666,0.6413706605786662,False,False,False
1.42,1.966220077938683,0.546220077938683,False,False,False
1.42,1.8828036227258371,0.4628036227258372,False,False,False
1.42,1.8781618706233454,0.45816187062334546,False,False,False
1.42,1.9434896875858771,0.5234896875858772,False,False,False
1.42,2.009981248077094,0.5899812480770943,False,False,False
1.42,1.9778131664891263,0.5578131664891264,False,False,False
1.42,2.0403383750222943,0.6203383750222944,False,False,False
1.42,2.0269873639416263,0.6069873639416263,False,False,False
1.42,1.9703905462567248,0.5503905462567249,False,False,False
1.42,2.024587482696058,0.6045874826960582,False,False,False
1.42,1.948320108457418,0.5283201084574181,False,False,False
1.42,2.024587482696058,0.6045874826960582,False,False,False
1.42,1.935760638073194,0.515760638073194,False,False,False
1.42,1.9870245267382058,0.5670245267382059,False,False,False
1.42,2.2365435424291356,0.8165435424291356,False,False,False
1.42,1.9724288648262869,0.552428864826287,False,False,False
1.42,1.9559846523649385,0.5359846523649385,False,False,False
1.42,2.2390868181278183,0.8190868181278184,False,False,False
1.42,2.0200559437900503,0.6000559437900503,False,False,False
1.42,1.9870245267382058,0.5670245267382059,False,False,False
1.42,2.202030336825387,0.7820303368253869,False,False,False
1.42,2.0200559437900503,0.6000559437900503,False,False,False
1.42,1.9801584596305921,0.5601584596305922,False,False,False
1.42,1.9884441621837414,0.5684441621837415,False,False,False
1.42,2.0028639658336966,0.5828639658336967,False,False,False
1.42,1.9724288648262869,0.552428864826287,False,False,False
1.42,1.9671002324495643,0.5471002324495644,False,False,False
1.42,2.009703946153117,0.5897039461531173,False,False,False
1.42,2.0200559437900503,0.6000559437900503,False,False,False
1.42,1.994492725913322,0.5744927259133221,False,False,False
1.42,2.149825012141906,0.7298250121419061,False,False,False
1.42,2.014363925211099,0.5943639252110993,False,False,False
1.42,2.013964639418592,0.593964639418592,False,False,False
1.42,1.9512406385392094,0.5312406385392094,False,False,False
1.42,2.195820299117906,0.775820299117906,False,False,False
1.42,1.9983142772919336,0.5783142772919336,False,False,False
1.42,1.9884441621837414,0.5684441621837415,False,False,False
1.42,2.1121803977324,0.6921803977323999,False,False,False
1.42,2.036657032546711,0.6166570325467111,False,False,False
1.42,1.979000926145873,0.559000926145873,False,False,False
1.42,2.1192744366384475,0.6992744366384476,False,False,False
1.42,1.8444398202490766,0.42443982024907667,False,False,False
1.42,1.8758962514394972,0.4558962514394973,False,False,False
1.42,1.9410530419359864,0.5210530419359864,False,False,False
1.42,1.8529563678199197,0.43295636781991975,False,False,False
1.42,1.8199716935159636,0.3999716935159636,False,False,False
1.42,1.8662695056743366,0.44626950567433665,False,False,False
1.42,1.8028924081860005,0.38289240818600057,False,False,False
1.42,1.9699018907487202,0.5499018907487203,False,False,False
1.42,2.0212576866969107,0.6012576866969108,False,False,False
1.42,1.8249993417193378,0.4049993417193378,False,False,False
1.42,1.8346643647285137,0.41466436472851376,False,False,False
1.42,2.122860373962678,0.702860373962678,False,False,False
1.42,1.8775301714287282,0.4575301714287283,False,False,False
1.42,1.8450663085424264,0.42506630854242644,False,False,False
1.42,2.0385621118149686,0.6185621118149687,False,False,False
1.42,1.8990706922432663,0.47907069224326637,False,False,False
1.42,1.8875134507313085,0.46751345073130857,False,False,False
1.42,1.8221129905607203,0.40211299056072036,False,False,False
1.42,1.86687698052802,0.44687698052802016,False,False,False
1.42,1.8720038381500483,0.4520038381500484,False,False,False
1.42,1.9490717735788992,0.5290717735788992,False,False,False
1.42,1.8777938248485198,0.4577938248485198,False,False,False
1.42,1.91109801893526,0.49109801893526006,False,False,False
1.42,1.9553243379987073,0.5353243379987074,False,False,False
1.42,2.0200559437900503,0.6000559437900503,False,False,False
1.42,1.9870245267382058,0.5670245267382059,False,False,False
1.42,1.9870245267382058,0.5670245267382059,False,False,False
1.42,1.9870245267382058,0.5670245267382059,False,False,False
1.42,1.9870245267382058,0.5670245267382059,False,False,False
1.42,1.994492725913322,0.5744927259133221,False,False,False
1.42,2.031644401935507,0.6116444019355072,False,False,False
1.42,2.045176182182849,0.625176182182849,False,False,False
1.42,1.9983340875899205,0.5783340875899206,False,False,False
1.42,2.026642458588105,0.6066424585881052,False,False,False
1.42,1.9886728211352627,0.5686728211352627,False,False,False
1.42,1.9809269198765822,0.5609269198765823,False,False,False
1.42,2.0113401672398044,0.5913401672398044,False,False,False
1.42,1.8985392184388603,0.4785392184388604,False,False,False
1.42,1.8878143776026328,0.4678143776026329,False,False,False
1.42,1.8610982092722241,0.4410982092722242,False,False,False
1.42,1.9195943063291274,0.4995943063291275,False,False,False
1.65,2.008404901535173,0.3584049015351729,False,False,False
1.65,2.1303012534553445,0.4803012534553446,False,False,False
1.65,2.1303012534553445,0.4803012534553446,False,False,False
1.65,2.1303012534553445,0.4803012534553446,False,False,False
1.65,2.0519191897714397,0.4019191897714398,False,False,False
1.65,2.036808354778727,0.3868083547787271,False,False,False
1.65,2.054086200549227,0.40408620054922695,False,False,False
1.65,2.1646812430405356,0.5146812430405356,False,False,False
1.65,2.1303012534553445,0.4803012534553446,False,False,False
1.65,2.1303012534553445,0.4803012534553446,False,False,False
1.65,2.1303012534553445,0.4803012534553446,False,False,False
1.65,2.1303012534553445,0.4803012534553446,False,False,False
1.65,2.036808354778727,0.3868083547787271,False,False,False
1.65,2.1303012534553445,0.4803012534553446,False,False,False
1.65,2.1303012534553445,0.4803012534553446,False,False,False
1.65,2.1303012534553445,0.4803012534553446,False,False,False
1.65,2.048724644231502,0.398724644231502,False,False,False
1.65,2.065590923901465,0.415590923901465,False,False,False
1.65,2.108242791911899,0.458242791911899,False,False,False
1.65,2.108242791911899,0.458242791911899,False,False,False
1.65,2.1303012534553445,0.4803012534553446,False,False,False
1.65,2.1303012534553445,0.4803012534553446,False,False,False
1.65,2.1303012534553445,0.4803012534553446,False,False,False
1.65,2.1303012534553445,0.4803012534553446,False,False,False
1.65,2.1303012534553445,0.4803012534553446,False,False,False
1.65,2.036808354778727,0.3868083547787271,False,False,False
1.65,2.1198223842379553,0.4698223842379554,False,False,False
1.65,2.0656954325935213,0.4156954325935214,False,False,False
1.65,2.065590923901465,0.415590923901465,False,False,False
1.65,2.1198223842379553,0.4698223842379554,False,False,False
1.65,2.1303012534553445,0.4803012534553446,False,False,False
1.65,2.1303012534553445,0.4803012534553446,False,False,False
1.65,2.1303012534553445,0.4803012534553446,False,False,False
1.65,2.1303012534553445,0.4803012534553446,False,False,False
1.65,2.160077665177217,0.5100776651772172,False,False,False
1.65,2.15996993902149,0.5099699390214902,False,False,False
1.65,2.1303012534553445,0.4803012534553446,False,False,False
1.65,2.1303012534553445,0.4803012534553446,False,False,False
1.65,2.1303012534553445,0.4803012534553446,False,False,False
1.65,2.1303012534553445,0.4803012534553446,False,False,False
1.65,2.1303012534553445,0.4803012534553446,False,False,False
1.65,2.1303012534553445,0.4803012534553446,False,False,False
1.65,2.1303012534553445,0.4803012534553446,False,False,False
1.65,2.1303012534553445,0.4803012534553446,False,False,False
1.65,2.1198223842379553,0.4698223842379554,False,False,False
1.65,2.1303012534553445,0.4803012534553446,False,False,False
1.65,2.1303012534553445,0.4803012534553446,False,False,False
1.65,2.1303012534553445,0.4803012534553446,False,False,False
1.65,2.0998007777864007,0.4498007777864008,False,False,False
1.65,2.129287059374559,0.4792870593745593,False,False,False
1.65,2.1291803828618936,0.4791803828618937,False,False,False
1.65,2.0998007777864007,0.4498007777864008,False,False,False
1.65,2.0863147802405773,0.43631478024057735,False,False,False
1.65,2.0863147802405773,0.43631478024057735,False,False,False
1.65,2.010048801740527,0.3600488017405272,False,False,False
1.65,2.010048801740527,0.3600488017405272,False,False,False
1.65,2.072486152156338,0.4224861521563379,False,False,False
1.65,2.072486152156338,0.4224861521563379,False,False,False
1.65,2.010048801740527,0.3600488017405272,False,False,False
1.65,2.010048801740527,0.3600488017405272,False,False,False
1.65,2.072486152156338,0.4224861521563379,False,False,False
1.65,2.072486152156338,0.4224861521563379,False,False,False
1.65,2.072486152156338,0.4224861521563379,False,False,False
1.65,2.072486152156338,0.4224861521563379,False,False,False
1.65,2.072486152156338,0.4224861521563379,False,False,False
1.65,2.023596412155457,0.3735964121554569,False,False,False
1.65,2.1303012534553445,0.4803012534553446,False,False,False
1.65,2.036808354778727,0.3868083547787271,False,False,False
1.65,2.1303012534553445,0.4803012534553446,False,False,False
1.65,2.1303012534553445,0.4803012534553446,False,False,False
1.65,2.1303012534553445,0.4803012534553446,False,False,False
1.65,2.1303012534553445,0.4803012534553446,False,False,False
1.65,2.1303012534553445,0.4803012534553446,False,False,False
1.65,2.1303012534553445,0.4803012534553446,False,False,False
1.65,2.1303012534553445,0.4803012534553446,False,False,False
1.65,2.036808354778727,0.3868083547787271,False,False,False
1.65,2.0304130673153447,0.38041306731534474,False,False,False
1.65,2.108242791911899,0.458242791911899,False,False,False
1.65,2.1303012534553445,0.4803012534553446,False,False,False
1.65,2.1481780116522047,0.49817801165220477,False,False,False
1.65,2.1303012534553445,0.4803012534553446,False,False,False
1.65,2.142584404531329,0.49258440453132923,False,False,False
1.65,2.15996993902149,0.5099699390214902,False,False,False
1.65,2.1303012534553445,0.4803012534553446,False,False,False
1.65,2.1303012534553445,0.4803012534553446,False,False,False
1.65,2.1303012534553445,0.4803012534553446,False,False,False
1.65,2.1303012534553445,0.4803012534553446,False,False,False
1.65,2.1303012534553445,0.4803012534553446,False,False,False
1.65,2.0998007777864007,0.4498007777864008,False,False,False
1.65,2.1198223842379553,0.4698223842379554,False,False,False
1.65,2.1198223842379553,0.4698223842379554,False,False,False
1.65,2.0553398144943533,0.4053398144943534,False,False,False
1.65,2.1303012534553445,0.4803012534553446,False,False,False
1.65,2.1303012534553445,0.4803012534553446,False,False,False
1.65,2.1303012534553445,0.4803012534553446,False,False,False
1.65,2.026642458588105,0.3766424585881052,False,False,False
1.65,2.160077665177217,0.5100776651772172,False,False,False
1.65,2.149391752118445,0.499391752118445,False,False,False
1.65,2.026642458588105,0.3766424585881052,False,False,False
1.65,2.7330005998761884,1.0830005998761885,False,False,False
1.65,2.1303012534553445,0.4803012534553446,False,False,False
1.65,2.1303012534553445,0.4803012534553446,False,False,False
1.65,2.1948980458018146,0.5448980458018147,False,False,False
1.65,2.1198223842379553,0.4698223842379554,False,False,False
1.65,2.0081958485221265,0.3581958485221266,False,False,False
1.65,1.9752941495153653,0.3252941495153654,False,False,False
1.65,2.2985718684025933,0.6485718684025934,False,False,False
1.65,2.15996993902149,0.5099699390214902,False,False,False
1.65,2.1303012534553445,0.4803012534553446,False,False,False
1.65,2.1303012534553445,0.4803012534553446,False,False,False
1.65,2.1198223842379553,0.4698223842379554,False,False,False
1.65,2.056754168697023,0.4067541686970233,False,False,False
1.65,2.115843597207109,0.4658435972071091,False,False,False
1.65,1.9983340875899205,0.34833408758992057,False,False,False
1.65,1.9250435231271488,0.27504352312714886,False,False,False
1.65,2.29854096634718,0.6485409663471802,False,False,False
1.65,1.9502086973370512,0.30020869733705124,False,False,False
1.65,1.9059835003956676,0.25598350039566764,False,False,False
1.65,1.9280243973508884,0.27802439735088846,False,False,False
1.65,2.318516910596128,0.6685169105961282,False,False,False
1.65,2.4275610093151356,0.7775610093151357,False,False,False
1.65,2.0137742666919913,0.3637742666919914,False,False,False
1.65,1.9856653197372522,0.33566531973725233,False,False,False
1.65,1.9169862213099447,0.26698622130994476,False,False,False
1.65,1.958301596276701,0.30830159627670106,False,False,False
1.65,1.9788682827960633,0.3288682827960634,False,False,False
1.65,2.147215688257355,0.4972156882573553,False,False,False
1.65,1.9491387864626488,0.2991387864626489,False,False,False
1.65,1.9942796781728491,0.3442796781728492,False,False,False
1.65,1.9942796781728491,0.3442796781728492,False,False,False
1.65,2.3792294913373455,0.7292294913373456,False,False,False
1.65,2.0256203839590037,0.37562038395900377,False,False,False
1.65,1.9784798528800542,0.3284798528800543,False,False,False
1.65,1.8535615065460007,0.2035615065460008,False,False,False
1.65,1.9595093438652698,0.30950934386526985,False,False,False
1.65,2.13041833470765,0.4804183347076503,False,False,False
1.65,2.1303012534553445,0.4803012534553446,False,False,False
1.65,2.1303012534553445,0.4803012534553446,False,False,False
1.65,2.1303012534553445,0.4803012534553446,False,False,False
1.65,2.1303012534553445,0.4803012534553446,False,False,False
1.65,2.1303012534553445,0.4803012534553446,False,False,False
1.65,2.1303012534553445,0.4803012534553446,False,False,False
1.65,2.1198223842379553,0.4698223842379554,False,False,False
1.65,2.1303012534553445,0.4803012534553446,False,False,False
1.65,2.160077665177217,0.5100776651772172,False,False,False
1.65,2.15996993902149,0.5099699390214902,False,False,False
1.65,2.1198223842379553,0.4698223842379554,False,False,False
1.65,2.1303012534553445,0.4803012534553446,False,False,False
1.65,2.1303012534553445,0.4803012534553446,False,False,False
1.65,2.1198223842379553,0.4698223842379554,False,False,False
1.65,2.1303012534553445,0.4803012534553446,False,False,False
1.65,1.944376172177789,0.2943761721777891,False,False,False
1.65,1.8734776940161035,0.22347769401610362,False,False,False
1.65,2.3460426048029075,0.6960426048029076,False,False,False
1.65,2.1303012534553445,0.4803012534553446,False,False,False
1.65,2.1198223842379553,0.4698223842379554,False,False,False
1.65,2.0656954325935213,0.4156954325935214,False,False,False
1.65,2.15996993902149,0.5099699390214902,False,False,False
1.65,2.1198223842379553,0.4698223842379554,False,False,False
1.65,2.1198223842379553,0.4698223842379554,False,False,False
1.65,2.1303012534553445,0.4803012534553446,False,False,False
1.65,2.1303012534553445,0.4803012534553446,False,False,False
1.65,2.1303012534553445,0.4803012534553446,False,False,False
1.65,2.1198223842379553,0.4698223842379554,False,False,False
1.65,2.1198223842379553,0.4698223842379554,False,False,False
1.65,2.1303012534553445,0.4803012534553446,False,False,False
1.65,2.1303012534553445,0.4803012534553446,False,False,False
1.65,2.1303012534553445,0.4803012534553446,False,False,False
1.65,2.036808354778727,0.3868083547787271,False,False,False
1.65,2.005314455027799,0.3553144550277989,False,False,False
1.65,2.160077665177217,0.5100776651772172,False,False,False
1.65,2.15996993902149,0.5099699390214902,False,False,False
1.65,2.1303012534553445,0.4803012534553446,False,False,False
1.65,2.1303012534553445,0.4803012534553446,False,False,False
1.65,2.0998007777864007,0.4498007777864008,False,False,False
1.65,2.1148920988630615,0.4648920988630616,False,False,False
1.65,2.1303012534553445,0.4803012534553446,False,False,False
1.65,2.1303012534553445,0.4803012534553446,False,False,False
1.65,2.036808354778727,0.3868083547787271,False,False,False
1.65,2.160077665177217,0.5100776651772172,False,False,False
2.13,2.0575824490929713,0.07241755090702862,False,False,False
2.13,2.02920411811447,0.10079588188552968,False,False,False
2.13,1.9637528703873905,0.16624712961260935,False,False,False
2.13,1.995247242025664,0.13475275797433595,False,False,False
2.13,1.9141938735281556,0.21580612647184427,False,False,False
2.13,1.9543801227827435,0.17561987721725636,False,False,False
2.13,1.9387441789790922,0.19125582102090766,False,False,False
2.13,1.9560743569260133,0.1739256430739866,False,False,False
2.13,1.99229421469986,0.13770578530014,False,False,False
2.13,1.946951158594846,0.18304884140515387,False,False,False
2.13,1.9458600863531874,0.18413991364681248,False,False,False
2.13,1.9477622695998233,0.18223773040017655,False,False,False
2.13,1.9463884281106365,0.1836115718893634,False,False,False
2.13,1.910724231291883,0.21927576870811682,False,False,False
2.13,1.9926405337019983,0.13735946629800155,False,False,False
2.13,1.9649772272511004,0.16502277274889954,False,False,False
2.13,1.9463468071453338,0.18365319285466608,False,False,False
2.13,2.0102775612258483,0.11972243877415156,False,False,False
2.13,2.033459893747036,0.09654010625296383,False,False,False
2.13,2.0021200988934345,0.12787990110656544,False,False,False
2.13,2.0503364290712764,0.07966357092872345,False,False,False
2.13,2.1107458285765515,0.01925417142344843,False,False,False
2.13,2.036808354778727,0.09319164522127288,False,False,False
2.13,2.1303012534553445,0.0003012534553445967,False,False,False
2.13,2.1303012534553445,0.0003012534553445967,False,False,False
2.13,2.160077665177217,0.030077665177217217,False,False,False
2.13,2.130866606957574,0.0008666069575742341,False,False,False
2.13,2.1303012534553445,0.0003012534553445967,False,False,False
2.13,2.0656954325935213,0.06430456740647861,False,False,False
2.13,2.0446420159211267,0.08535798407887318,False,False,False
2.13,2.130866606957574,0.0008666069575742341,False,False,False
2.13,2.1303012534553445,0.0003012534553445967,False,False,False
2.13,2.074390095235681,0.05560990476431904,False,False,False
2.13,2.1303012534553445,0.0003012534553445967,False,False,False
2.13,2.1303012534553445,0.0003012534553445967,False,False,False
2.13,2.0860911990510886,0.04390880094891125,False,False,False
2.13,2.1467107721387695,0.016710772138769592,False,False,False
2.13,2.1303012534553445,0.0003012534553445967,False,False,False
2.13,2.1303012534553445,0.0003012534553445967,False,False,False
2.13,2.1303012534553445,0.0003012534553445967,False,False,False
2.13,2.1303012534553445,0.0003012534553445967,False,False,False
2.13,2.1303012534553445,0.0003012534553445967,False,False,False
2.13,2.1303012534553445,0.0003012534553445967,False,False,False
2.13,1.9218713409292585,0.2081286590707414,False,False,False
2.13,2.0247525292038366,0.10524747079616326,False,False,False
2.13,2.0039023094996105,0.12609769050038944,False,False,False
2.13,1.9534800888668205,0.17651991113317944,False,False,False
2.13,2.0320495456288774,0.09795045437112249,False,False,False
2.13,2.016495824050518,0.11350417594948192,False,False,False
2.13,2.0530139196807657,0.07698608031923415,False,False,False
2.13,2.023613294280257,0.10638670571974274,False,False,False
2.13,2.0330340754644927,0.09696592453550723,False,False,False
2.13,2.100054379191243,0.029945620808756956,False,False,False
2.13,2.0535653145696573,0.0764346854303426,False,False,False
2.13,1.9873116220851768,0.14268837791482314,False,False,False
2.13,2.0851312278746885,0.044868772125311374,False,False,False
2.13,2.0535653145696573,0.0764346854303426,False,False,False
2.13,2.0041816074443877,0.12581839255561222,False,False,False
2.13,2.0407220476906387,0.0892779523093612,False,False,False
2.13,2.0530139196807657,0.07698608031923415,False,False,False
2.13,2.0034795023585317,0.12652049764146822,False,False,False
2.13,2.0908706818840623,0.03912931811593756,False,False,False
2.13,2.0034795023585317,0.12652049764146822,False,False,False
2.13,2.1083600031606187,0.021639996839381226,False,False,False
2.13,2.118809547678391,0.01119045232160909,False,False,False
2.13,2.064116855355899,0.06588314464410105,False,False,False
2.13,2.0564939260960777,0.07350607390392216,False,False,False
2.13,2.0070217889228745,0.12297821107712537,False,False,False
2.13,2.05085947329274,0.0791405267072598,False,False,False
2.13,1.9844260963823044,0.1455739036176955,False,False,False
2.13,2.0344991785270374,0.09550082147296246,False,False,False
2.13,2.0118884437024342,0.11811155629756565,False,False,False
2.13,1.9723184012439017,0.15768159875609822,False,False,False
2.13,2.0071047352635287,0.12289526473647117,False,False,False
2.13,2.0918411204341973,0.03815887956580255,False,False,False
2.13,2.063260825724944,0.06673917427505582,False,False,False
2.13,2.1199667496548216,0.010033250345178324,False,False,False
2.13,2.0704828470749552,0.05951715292504467,False,False,False
2.13,2.0407220476906387,0.0892779523093612,False,False,False
2.13,2.0446398002070993,0.08536019979290055,False,False,False
2.13,2.070843547896748,0.05915645210325193,False,False,False
2.13,2.0908706818840623,0.03912931811593756,False,False,False
2.13,2.023613294280257,0.10638670571974274,False,False,False
2.13,2.0407220476906387,0.0892779523093612,False,False,False
2.13,2.0702890330059684,0.059710966994031445,False,False,False
2.13,2.0159511229524902,0.11404887704750966,False,False,False
2.13,2.0908706818840623,0.03912931811593756,False,False,False
2.13,2.0591910113591476,0.07080898864085228,False,False,False
2.13,2.0407220476906387,0.0892779523093612,False,False,False
2.13,2.1270299807751503,0.0029700192248496293,False,False,False
2.13,2.130866606957574,0.0008666069575742341,False,False,False
2.13,2.1303012534553445,0.0003012534553445967,False,False,False
2.13,2.1303012534553445,0.0003012534553445967,False,False,False
2.13,2.1303012534553445,0.0003012534553445967,False,False,False
2.13,2.1303012534553445,0.0003012534553445967,False,False,False
2.13,2.1303012534553445,0.0003012534553445967,False,False,False
2.13,2.036808354778727,0.09319164522127288,False,False,False
2.13,2.036808354778727,0.09319164522127288,False,False,False
2.13,2.1303012534553445,0.0003012534553445967,False,False,False
2.13,2.1303012534553445,0.0003012534553445967,False,False,False
2.13,2.1303012534553445,0.0003012534553445967,False,False,False
2.13,2.036808354778727,0.09319164522127288,False,False,False
2.13,2.1303012534553445,0.0003012534553445967,False,False,False
2.13,2.1303012534553445,0.0003012534553445967,False,False,False
2.13,2.1303012534553445,0.0003012534553445967,False,False,False
2.13,2.1303012534553445,0.0003012534553445967,False,False,False
2.13,2.1303012534553445,0.0003012534553445967,False,False,False
2.13,2.036808354778727,0.09319164522127288,False,False,False
2.13,2.1303012534553445,0.0003012534553445967,False,False,False
2.13,2.160077665177217,0.030077665177217217,False,False,False
2.13,2.130866606957574,0.0008666069575742341,False,False,False
2.13,2.1303012534553445,0.0003012534553445967,False,False,False
2.13,2.1303012534553445,0.0003012534553445967,False,False,False
2.13,2.1303012534553445,0.0003012534553445967,False,False,False
2.13,2.0998007777864007,0.030199222213599164,False,False,False
2.13,2.072486152156338,0.05751384784366209,False,False,False
2.13,2.072486152156338,0.05751384784366209,False,False,False
2.13,2.072486152156338,0.05751384784366209,False,False,False
2.13,2.072486152156338,0.05751384784366209,False,False,False
2.13,2.072486152156338,0.05751384784366209,False,False,False
2.13,2.072486152156338,0.05751384784366209,False,False,False
2.13,2.072486152156338,0.05751384784366209,False,False,False
2.13,2.010048801740527,0.11995119825947276,False,False,False
2.13,2.072486152156338,0.05751384784366209,False,False,False
2.13,2.0863147802405773,0.04368521975942263,False,False,False
2.13,2.0998007777864007,0.030199222213599164,False,False,False
2.13,2.1148920988630615,0.015107901136938384,False,False,False
2.13,2.1303012534553445,0.0003012534553445967,False,False,False
2.13,2.0998007777864007,0.030199222213599164,False,False,False
2.13,2.0998007777864007,0.030199222213599164,False,False,False
2.13,2.036808354778727,0.09319164522127288,False,False,False
2.13,2.015408714653113,0.1145912853468869,False,False,False
2.13,2.1148920988630615,0.015107901136938384,False,False,False
2.13,2.160077665177217,0.030077665177217217,False,False,False
2.13,2.100360622697174,0.029639377302825842,False,False,False
2.13,2.0863147802405773,0.04368521975942263,False,False,False
2.13,2.0863147802405773,0.04368521975942263,False,False,False
2.13,2.0656954325935213,0.06430456740647861,False,False,False
2.13,2.130866606957574,0.0008666069575742341,False,False,False
2.13,2.1303012534553445,0.0003012534553445967,False,False,False
2.13,2.1303012534553445,0.0003012534553445967,False,False,False
2.13,2.160077665177217,0.030077665177217217,False,False,False
2.13,2.130866606957574,0.0008666069575742341,False,False,False
2.13,2.036808354778727,0.09319164522127288,False,False,False
2.13,2.1303012534553445,0.0003012534553445967,False,False,False
2.13,2.1303012534553445,0.0003012534553445967,False,False,False
2.13,2.1303012534553445,0.0003012534553445967,False,False,False
2.13,2.1303012534553445,0.0003012534553445967,False,False,False
2.13,2.1303012534553445,0.0003012534553445967,False,False,False
2.13,2.036808354778727,0.09319164522127288,False,False,False
2.13,2.1303012534553445,0.0003012534553445967,False,False,False
2.13,2.1303012534553445,0.0003012534553445967,False,False,False
2.13,2.1303012534553445,0.0003012534553445967,False,False,False
2.13,2.1303012534553445,0.0003012534553445967,False,False,False
2.13,2.1303012534553445,0.0003012534553445967,False,False,False
2.13,2.1303012534553445,0.0003012534553445967,False,False,False
2.13,2.1303012534553445,0.0003012534553445967,False,False,False
2.13,2.1303012534553445,0.0003012534553445967,False,False,False
2.13,2.036808354778727,0.09319164522127288,False,False,False
2.13,2.1303012534553445,0.0003012534553445967,False,False,False
2.13,2.1303012534553445,0.0003012534553445967,False,False,False
2.13,2.1303012534553445,0.0003012534553445967,False,False,False
2.13,2.1303012534553445,0.0003012534553445967,False,False,False
2.13,2.0998007777864007,0.030199222213599164,False,False,False
2.13,2.0998007777864007,0.030199222213599164,False,False,False
2.13,2.0998007777864007,0.030199222213599164,False,False,False
2.13,2.0998007777864007,0.030199222213599164,False,False,False
2.13,2.0998007777864007,0.030199222213599164,False,False,False
2.13,2.1148920988630615,0.015107901136938384,False,False,False
2.13,2.1303012534553445,0.0003012534553445967,False,False,False
2.13,2.0656954325935213,0.06430456740647861,False,False,False
2.13,2.130866606957574,0.0008666069575742341,False,False,False
2.13,2.1303012534553445,0.0003012534553445967,False,False,False
2.13,2.1303012534553445,0.0003012534553445967,False,False,False
2.13,2.1303012534553445,0.0003012534553445967,False,False,False
2.13,2.036808354778727,0.09319164522127288,False,False,False
2.13,2.1303012534553445,0.0003012534553445967,False,False,False
2.13,2.160077665177217,0.030077665177217217,False,False,False
2.13,2.130866606957574,0.0008666069575742341,False,False,False
2.13,2.1303012534553445,0.0003012534553445967,False,False,False
1.84,2.002289873333734,0.1622898733337339,False,False,False
1.84,2.0863147802405773,0.24631478024057718,False,False,False
1.84,2.072486152156338,0.23248615215633772,False,False,False
1.84,2.072486152156338,0.23248615215633772,False,False,False
1.84,2.072486152156338,0.23248615215633772,False,False,False
1.84,2.072486152156338,0.23248615215633772,False,False,False
1.84,2.010048801740527,0.17004880174052706,False,False,False
1.84,2.010048801740527,0.17004880174052706,False,False,False
1.84,2.072486152156338,0.23248615215633772,False,False,False
1.84,2.072486152156338,0.23248615215633772,False,False,False
1.84,2.072486152156338,0.23248615215633772,False,False,False
1.84,2.072486152156338,0.23248615215633772,False,False,False
1.84,2.072486152156338,0.23248615215633772,False,False,False
1.84,2.072486152156338,0.23248615215633772,False,False,False
1.84,2.072486152156338,0.23248615215633772,False,False,False
1.84,2.072486152156338,0.23248615215633772,False,False,False
1.84,2.072486152156338,0.23248615215633772,False,False,False
1.84,2.072486152156338,0.23248615215633772,False,False,False
1.84,2.010048801740527,0.17004880174052706,False,False,False
1.84,2.1303012534553445,0.2903012534553444,False,False,False
1.84,2.031999893083684,0.1919998930836837,False,False,False
1.84,2.0641175064116415,0.2241175064116414,False,False,False
1.84,2.1303012534553445,0.2903012534553444,False,False,False
1.84,2.06435561507006,0.22435561507006008,False,False,False
1.84,1.986088150164834,0.1460881501648339,False,False,False
1.84,2.0293886575543056,0.18938865755430556,False,False,False
1.84,1.9477622695998233,0.10776226959982327,False,False,False
1.84,1.9292850778491446,0.08928507784914452,False,False,False
1.84,1.9772916408693164,0.13729164086931633,False,False,False
1.84,2.0234684159169727,0.1834684159169726,False,False,False
1.84,2.027197792367997,0.18719779236799705,False,False,False
1.84,2.140336222936055,0.3003362229360549,False,False,False
1.84,2.140903388821401,0.300903388821401,False,False,False
1.84,2.1113076502372587,0.27130765023725867,False,False,False
1.84,2.1303012534553445,0.2903012534553444,False,False,False
1.84,2.1303012534553445,0.2903012534553444,False,False,False
1.84,2.1303012534553445,0.2903012534553444,False,False,False
1.84,2.1303012534553445,0.2903012534553444,False,False,False
1.84,2.036808354778727,0.19680835477872693,False,False,False
1.84,2.1303012534553445,0.2903012534553444,False,False,False
1.84,2.1303012534553445,0.2903012534553444,False,False,False
1.84,2.1303012534553445,0.2903012534553444,False,False,False
1.84,2.17172037911101,0.3317203791110097,False,False,False
1.84,2.072486152156338,0.23248615215633772,False,False,False
1.84,2.010048801740527,0.17004880174052706,False,False,False
1.84,2.072486152156338,0.23248615215633772,False,False,False
1.84,2.072486152156338,0.23248615215633772,False,False,False
1.84,2.1017126084200513,0.2617126084200512,False,False,False
1.84,2.0730410638616434,0.23304106386164336,False,False,False
1.84,2.072486152156338,0.23248615215633772,False,False,False
1.84,2.072486152156338,0.23248615215633772,False,False,False
1.84,2.010048801740527,0.17004880174052706,False,False,False
1.84,2.072486152156338,0.23248615215633772,False,False,False
1.84,2.072486152156338,0.23248615215633772,False,False,False
1.84,2.072486152156338,0.23248615215633772,False,False,False
1.84,2.072486152156338,0.23248615215633772,False,False,False
1.84,2.072486152156338,0.23248615215633772,False,False,False
1.84,2.072486152156338,0.23248615215633772,False,False,False
1.84,2.072486152156338,0.23248615215633772,False,False,False
1.84,2.072486152156338,0.23248615215633772,False,False,False
1.84,2.072486152156338,0.23248615215633772,False,False,False
1.84,2.072486152156338,0.23248615215633772,False,False,False
1.84,2.0218379503135084,0.18183795031350836,False,False,False
1.84,1.9913800469428509,0.1513800469428508,False,False,False
1.84,2.1097250592988543,0.26972505929885426,False,False,False
1.84,2.072486152156338,0.23248615215633772,False,False,False
1.84,2.0845424395645065,0.2445424395645064,False,False,False
1.84,2.010592436839567,0.17059243683956704,False,False,False
1.84,2.0845424395645065,0.2445424395645064,False,False,False
1.84,2.0730410638616434,0.23304106386164336,False,False,False
1.84,2.072486152156338,0.23248615215633772,False,False,False
1.84,2.072486152156338,0.23248615215633772,False,False,False
1.84,2.072486152156338,0.23248615215633772,False,False,False
1.84,2.072486152156338,0.23248615215633772,False,False,False
1.84,2.072486152156338,0.23248615215633772,False,False,False
1.84,2.072486152156338,0.23248615215633772,False,False,False
1.84,2.072486152156338,0.23248615215633772,False,False,False
1.84,2.072486152156338,0.23248615215633772,False,False,False
1.84,2.072486152156338,0.23248615215633772,False,False,False
1.84,2.072486152156338,0.23248615215633772,False,False,False
1.84,2.072486152156338,0.23248615215633772,False,False,False
1.84,2.072486152156338,0.23248615215633772,False,False,False
1.84,2.072486152156338,0.23248615215633772,False,False,False
1.84,2.1017126084200513,0.2617126084200512,False,False,False
1.84,2.102272798620322,0.26227279862032193,False,False,False
1.84,2.010592436839567,0.17059243683956704,False,False,False
1.84,2.072486152156338,0.23248615215633772,False,False,False
1.84,2.072486152156338,0.23248615215633772,False,False,False
1.84,2.0224017117714292,0.18240171177142916,False,False,False
1.84,2.1096312677849953,0.26963126778499524,False,False,False
1.84,1.9347228827931406,0.09472288279314056,False,False,False
1.84,1.9819597775229854,0.14195977752298528,False,False,False
1.84,2.0034795023585317,0.1634795023585316,False,False,False
1.84,2.1083600031606187,0.2683600031606186,False,False,False
1.84,2.0530139196807657,0.21301391968076566,False,False,False
1.84,2.0407220476906387,0.20072204769063862,False,False,False
1.84,2.1083600031606187,0.2683600031606186,False,False,False
1.84,2.0702890330059684,0.23028903300596837,False,False,False
1.84,2.1083600031606187,0.2683600031606186,False,False,False
1.84,2.0908706818840623,0.25087068188406225,False,False,False
1.84,2.023613294280257,0.18361329428025708,False,False,False
1.84,2.023613294280257,0.18361329428025708,False,False,False
1.84,1.986580295731601,0.14658029573160092,False,False,False
1.84,1.986580295731601,0.14658029573160092,False,False,False
1.84,2.0034795023585317,0.1634795023585316,False,False,False
1.84,2.0702890330059684,0.23028903300596837,False,False,False
1.84,2.0530139196807657,0.21301391968076566,False,False,False
1.84,2.0407220476906387,0.20072204769063862,False,False,False
1.84,2.0908706818840623,0.25087068188406225,False,False,False
1.84,1.986580295731601,0.14658029573160092,False,False,False
1.84,2.0505765015680613,0.21057650156806118,False,False,False
1.84,2.1072581415384204,0.2672581415384203,False,False,False
1.84,2.0159511229524902,0.17595112295249016,False,False,False
1.84,2.1718468318775948,0.3318468318775947,False,False,False
1.84,2.0908706818840623,0.25087068188406225,False,False,False
1.84,2.023613294280257,0.18361329428025708,False,False,False
1.84,2.023613294280257,0.18361329428025708,False,False,False
1.84,1.9170722926627097,0.07707229266270965,False,False,False
1.84,2.0217222594860047,0.18172225948600462,False,False,False
1.84,2.0034795023585317,0.1634795023585316,False,False,False
1.84,2.0446398002070993,0.20463980020709926,False,False,False
1.84,2.0535653145696573,0.21356531456965722,False,False,False
1.84,2.0591910113591476,0.21919101135914754,False,False,False
1.84,2.004454755281096,0.16445475528109577,False,False,False
1.84,2.0702890330059684,0.23028903300596837,False,False,False
1.84,2.088937582828361,0.2489375828283611,False,False,False
1.84,2.0418482544090786,0.2018482544090785,False,False,False
1.84,2.0407220476906387,0.20072204769063862,False,False,False
1.84,2.0530139196807657,0.21301391968076566,False,False,False
1.84,2.0034795023585317,0.1634795023585316,False,False,False
1.84,2.1083600031606187,0.2683600031606186,False,False,False
1.84,2.088937582828361,0.2489375828283611,False,False,False
1.84,2.023672830926831,0.18367283092683073,False,False,False
1.84,2.052653694285558,0.21265369428555814,False,False,False
1.84,2.070843547896748,0.23084354789674788,False,False,False
1.84,2.0530139196807657,0.21301391968076566,False,False,False
1.84,2.0591910113591476,0.21919101135914754,False,False,False
1.84,2.023672830926831,0.18367283092683073,False,False,False
1.84,2.0230800570354606,0.1830800570354605,False,False,False
1.84,2.0320495456288774,0.19204954562887733,False,False,False
1.84,2.034056164848104,0.19405616484810406,False,False,False
1.84,2.0178653204440433,0.17786532044404324,False,False,False
1.84,2.0407220476906387,0.20072204769063862,False,False,False
1.84,2.1045395003308314,0.2645395003308313,False,False,False
1.84,2.0530139196807657,0.21301391968076566,False,False,False
1.84,2.0591910113591476,0.21919101135914754,False,False,False
1.84,2.0418482544090786,0.2018482544090785,False,False,False
1.84,1.986580295731601,0.14658029573160092,False,False,False
1.84,2.0034795023585317,0.1634795023585316,False,False,False
1.84,2.0530139196807657,0.21301391968076566,False,False,False
1.84,1.9340538456229153,0.09405384562291519,False,False,False
1.84,2.0406311584583836,0.20063115845838353,False,False,False
1.84,2.0530139196807657,0.21301391968076566,False,False,False
1.84,1.9662206979049852,0.12622069790498514,False,False,False
1.84,2.0418482544090786,0.2018482544090785,False,False,False
1.84,2.0034795023585317,0.1634795023585316,False,False,False
1.84,2.0530139196807657,0.21301391968076566,False,False,False
1.84,2.0034795023585317,0.1634795023585316,False,False,False
1.84,2.1083600031606187,0.2683600031606186,False,False,False
1.84,2.088937582828361,0.2489375828283611,False,False,False
1.84,2.004454755281096,0.16445475528109577,False,False,False
1.84,2.0908706818840623,0.25087068188406225,False,False,False
1.84,1.986580295731601,0.14658029573160092,False,False,False
1.84,2.0591910113591476,0.21919101135914754,False,False,False
1.84,2.0034795023585317,0.1634795023585316,False,False,False
1.84,2.099494589580123,0.25949458958012284,False,False,False
1.84,2.0535653145696573,0.21356531456965722,False,False,False
1.84,2.0407220476906387,0.20072204769063862,False,False,False
1.84,2.1083600031606187,0.2683600031606186,False,False,False
1.84,2.0702890330059684,0.23028903300596837,False,False,False
1.84,2.1272397912723338,0.2872397912723337,False,False,False
1.84,2.0776405353852887,0.23764053538528862,False,False,False
1.84,2.0407220476906387,0.20072204769063862,False,False,False
1.84,2.0530139196807657,0.21301391968076566,False,False,False
1.84,2.0217222594860047,0.18172225948600462,False,False,False
1.84,2.0776405353852887,0.23764053538528862,False,False,False
1.84,2.0045919153779406,0.1645919153779405,False,False,False
1.84,2.0034795023585317,0.1634795023585316,False,False,False
1.84,2.0530139196807657,0.21301391968076566,False,False,False
1.84,2.039530679194221,0.19953067919422085,False,False,False
2.4,2.1208069961921514,0.2791930038078485,False,False,False
2.4,2.0863147802405773,0.31368521975942265,False,False,False
2.4,2.072486152156338,0.3275138478436621,False,False,False
2.4,2.1017126084200513,0.29828739157994866,False,False,False
2.4,2.010592436839567,0.3894075631604328,False,False,False
2.4,2.0211545460465,0.3788454539534998,False,False,False
2.4,2.0211545460465,0.3788454539534998,False,False,False
2.4,2.068553467285355,0.33144653271464497,False,False,False
2.4,2.0682580363335212,0.3317419636664787,False,False,False
2.4,2.090032735554556,0.3099672644454441,False,False,False
2.4,2.072486152156338,0.3275138478436621,False,False,False
2.4,2.072486152156338,0.3275138478436621,False,False,False
2.4,2.072486152156338,0.3275138478436621,False,False,False
2.4,2.072486152156338,0.3275138478436621,False,False,False
2.4,2.072486152156338,0.3275138478436621,False,False,False
2.4,2.072486152156338,0.3275138478436621,False,False,False
2.4,2.072486152156338,0.3275138478436621,False,False,False
2.4,2.072486152156338,0.3275138478436621,False,False,False
2.4,2.072486152156338,0.3275138478436621,False,False,False
2.4,2.072486152156338,0.3275138478436621,False,False,False
2.4,2.1015965075224314,0.2984034924775685,False,False,False
2.4,2.072486152156338,0.3275138478436621,False,False,False
2.4,2.072486152156338,0.3275138478436621,False,False,False
2.4,2.038627746595642,0.36137225340435775,False,False,False
2.4,2.0037098678609335,0.3962901321390664,False,False,False
2.4,1.988837729590907,0.4111622704090929,False,False,False
2.4,2.0508350993845648,0.34916490061543515,False,False,False
2.4,2.090032735554556,0.3099672644454441,False,False,False
2.4,2.072486152156338,0.3275138478436621,False,False,False
2.4,2.072486152156338,0.3275138478436621,False,False,False
2.4,2.072486152156338,0.3275138478436621,False,False,False
2.4,2.072486152156338,0.3275138478436621,False,False,False
2.4,2.072486152156338,0.3275138478436621,False,False,False
2.4,2.072486152156338,0.3275138478436621,False,False,False
2.4,2.072486152156338,0.3275138478436621,False,False,False
2.4,2.0845424395645065,0.31545756043549344,False,False,False
2.4,2.0730410638616434,0.32695893613835647,False,False,False
2.4,2.072486152156338,0.3275138478436621,False,False,False
2.4,2.072486152156338,0.3275138478436621,False,False,False
2.4,2.072486152156338,0.3275138478436621,False,False,False
2.4,2.072486152156338,0.3275138478436621,False,False,False
2.4,2.072486152156338,0.3275138478436621,False,False,False
2.4,2.072486152156338,0.3275138478436621,False,False,False
2.4,2.072486152156338,0.3275138478436621,False,False,False
2.4,2.072486152156338,0.3275138478436621,False,False,False
2.4,2.1017126084200513,0.29828739157994866,False,False,False
2.4,2.0730410638616434,0.32695893613835647,False,False,False
2.4,2.072486152156338,0.3275138478436621,False,False,False
2.4,2.072486152156338,0.3275138478436621,False,False,False
2.4,2.072486152156338,0.3275138478436621,False,False,False
2.4,2.072486152156338,0.3275138478436621,False,False,False
2.4,2.072486152156338,0.3275138478436621,False,False,False
2.4,2.072486152156338,0.3275138478436621,False,False,False
2.4,2.072486152156338,0.3275138478436621,False,False,False
2.4,2.072486152156338,0.3275138478436621,False,False,False
2.4,2.072486152156338,0.3275138478436621,False,False,False
2.4,2.072486152156338,0.3275138478436621,False,False,False
2.4,2.010048801740527,0.3899511982594728,False,False,False
2.4,2.072486152156338,0.3275138478436621,False,False,False
2.4,2.072486152156338,0.3275138478436621,False,False,False
2.4,2.072486152156338,0.3275138478436621,False,False,False
2.4,2.1017126084200513,0.29828739157994866,False,False,False
2.4,2.0730410638616434,0.32695893613835647,False,False,False
2.4,2.072486152156338,0.3275138478436621,False,False,False
2.4,2.072486152156338,0.3275138478436621,False,False,False
2.4,2.072486152156338,0.3275138478436621,False,False,False
2.4,2.072486152156338,0.3275138478436621,False,False,False
2.4,2.072486152156338,0.3275138478436621,False,False,False
2.4,2.010048801740527,0.3899511982594728,False,False,False
2.4,2.072486152156338,0.3275138478436621,False,False,False
2.4,2.072486152156338,0.3275138478436621,False,False,False
2.4,2.072486152156338,0.3275138478436621,False,False,False
2.4,2.072486152156338,0.3275138478436621,False,False,False
2.4,2.072486152156338,0.3275138478436621,False,False,False
2.4,2.072486152156338,0.3275138478436621,False,False,False
2.4,2.072486152156338,0.3275138478436621,False,False,False
2.4,2.072486152156338,0.3275138478436621,False,False,False
2.4,2.072486152156338,0.3275138478436621,False,False,False
2.4,2.072486152156338,0.3275138478436621,False,False,False
2.4,2.072486152156338,0.3275138478436621,False,False,False
2.4,2.1017126084200513,0.29828739157994866,False,False,False
2.4,2.0730410638616434,0.32695893613835647,False,False,False
2.4,2.072486152156338,0.3275138478436621,False,False,False
2.4,2.072486152156338,0.3275138478436621,False,False,False
2.4,2.072486152156338,0.3275138478436621,False,False,False
2.4,2.072486152156338,0.3275138478436621,False,False,False
2.4,2.038681334256246,0.3613186657437537,False,False,False
2.4,2.102272798620322,0.2977272013796779,False,False,False
2.4,2.0730410638616434,0.32695893613835647,False,False,False
2.4,2.010048801740527,0.3899511982594728,False,False,False
2.4,2.010048801740527,0.3899511982594728,False,False,False
2.4,2.0508350993845648,0.34916490061543515,False,False,False
2.4,2.134003677301261,0.26599632269873874,False,False,False
2.4,2.134003677301261,0.26599632269873874,False,False,False
2.4,2.1638153076452022,0.23618469235479767,False,False,False
2.4,2.134569699486189,0.265430300513811,False,False,False
2.4,2.134003677301261,0.26599632269873874,False,False,False
2.4,2.134003677301261,0.26599632269873874,False,False,False
2.4,2.134003677301261,0.26599632269873874,False,False,False
2.4,2.134003677301261,0.26599632269873874,False,False,False
2.4,2.134003677301261,0.26599632269873874,False,False,False
2.4,2.134003677301261,0.26599632269873874,False,False,False
2.4,2.134003677301261,0.26599632269873874,False,False,False
2.4,2.134003677301261,0.26599632269873874,False,False,False
2.4,2.134003677301261,0.26599632269873874,False,False,False
2.4,2.134003677301261,0.26599632269873874,False,False,False
2.4,2.134003677301261,0.26599632269873874,False,False,False
2.4,2.134003677301261,0.26599632269873874,False,False,False
2.4,2.134003677301261,0.26599632269873874,False,False,False
2.4,2.134003677301261,0.26599632269873874,False,False,False
2.4,2.070316202040627,0.32968379795937297,False,False,False
2.4,2.134003677301261,0.26599632269873874,False,False,False
2.4,2.134003677301261,0.26599632269873874,False,False,False
2.4,2.134003677301261,0.26599632269873874,False,False,False
2.4,2.134003677301261,0.26599632269873874,False,False,False
2.4,2.134003677301261,0.26599632269873874,False,False,False
2.4,2.134003677301261,0.26599632269873874,False,False,False
2.4,2.134003677301261,0.26599632269873874,False,False,False
2.4,2.134003677301261,0.26599632269873874,False,False,False
2.4,2.134003677301261,0.26599632269873874,False,False,False
2.4,2.134003677301261,0.26599632269873874,False,False,False
2.4,2.134003677301261,0.26599632269873874,False,False,False
2.4,2.134003677301261,0.26599632269873874,False,False,False
2.4,2.1638153076452022,0.23618469235479767,False,False,False
2.4,2.134569699486189,0.265430300513811,False,False,False
2.4,2.134003677301261,0.26599632269873874,False,False,False
2.4,2.134003677301261,0.26599632269873874,False,False,False
2.4,2.134003677301261,0.26599632269873874,False,False,False
2.4,2.134003677301261,0.26599632269873874,False,False,False
2.4,2.070316202040627,0.32968379795937297,False,False,False
2.4,2.134003677301261,0.26599632269873874,False,False,False
2.4,2.134003677301261,0.26599632269873874,False,False,False
2.4,2.134003677301261,0.26599632269873874,False,False,False
2.4,2.134003677301261,0.26599632269873874,False,False,False
2.4,2.134003677301261,0.26599632269873874,False,False,False
2.4,2.070316202040627,0.32968379795937297,False,False,False
2.4,2.134003677301261,0.26599632269873874,False,False,False
2.4,2.0486804403725847,0.35131955962741523,False,False,False
2.4,2.111919125689349,0.2880808743106509,False,False,False
2.4,2.134003677301261,0.26599632269873874,False,False,False
2.4,2.1638153076452022,0.23618469235479767,False,False,False
2.4,2.134569699486189,0.265430300513811,False,False,False
2.4,2.134003677301261,0.26599632269873874,False,False,False
2.4,2.134003677301261,0.26599632269873874,False,False,False
2.4,2.06385034959899,0.33614965040100975,False,False,False
2.4,2.134003677301261,0.26599632269873874,False,False,False
2.4,2.1015965075224314,0.2984034924775685,False,False,False
2.4,2.090032735554556,0.3099672644454441,False,False,False
2.4,2.072486152156338,0.3275138478436621,False,False,False
2.4,2.10165790919224,0.29834209080775986,False,False,False
2.4,2.072486152156338,0.3275138478436621,False,False,False
2.4,2.072486152156338,0.3275138478436621,False,False,False
2.4,2.072486152156338,0.3275138478436621,False,False,False
2.4,2.072486152156338,0.3275138478436621,False,False,False
2.4,2.072486152156338,0.3275138478436621,False,False,False
2.4,2.134003677301261,0.26599632269873874,False,False,False
2.4,2.134003677301261,0.26599632269873874,False,False,False
2.4,2.134003677301261,0.26599632269873874,False,False,False
2.4,2.072486152156338,0.3275138478436621,False,False,False
2.4,2.134003677301261,0.26599632269873874,False,False,False
2.4,2.114944908553208,0.28505509144679175,False,False,False
2.4,2.134569699486189,0.265430300513811,False,False,False
2.4,2.0486804403725847,0.35131955962741523,False,False,False
2.4,2.1818834604058566,0.21811653959414334,False,False,False
2.4,2.1643867140114774,0.2356132859885225,False,False,False
2.4,2.134569699486189,0.265430300513811,False,False,False
2.4,2.2252240579519404,0.17477594204805946,False,False,False
2.4,1.9576366258139277,0.4423633741860722,False,False,False
2.4,2.2064156081427435,0.1935843918572564,False,False,False
2.4,2.3359825823799936,0.06401741762000634,False,False,False
2.4,2.262532960364372,0.13746703963562812,False,False,False
2.4,2.262532960364372,0.13746703963562812,False,False,False
2.4,2.134003677301261,0.26599632269873874,False,False,False
2.4,2.134003677301261,0.26599632269873874,False,False,False
2.4,2.134003677301261,0.26599632269873874,False,False,False
2.4,2.1638153076452022,0.23618469235479767,False,False,False
2.4,2.1643867140114774,0.2356132859885225,False,False,False
2.4,2.070870721838317,0.329129278161683,False,False,False
2.4,2.134003677301261,0.26599632269873874,False,False,False
2.4,2.134003677301261,0.26599632269873874,False,False,False
1.56,1.9856204881553507,0.4256204881553507,False,False,False
1.56,2.0159511229524902,0.4559511229524902,False,False,False
1.56,2.1062505252595156,0.5462505252595156,False,False,False
1.56,2.0219449997538437,0.4619449997538436,False,False,False
1.56,2.1806428181069895,0.6206428181069894,False,False,False
1.56,2.0245441219423856,0.4645441219423856,False,False,False
1.56,2.107070980709455,0.5470709807094551,False,False,False
1.56,2.0541005722314507,0.49410057223145065,False,False,False
1.56,2.122466417780864,0.5624664177808638,False,False,False
1.56,2.0230800570354606,0.4630800570354605,False,False,False
1.56,2.0036362815487387,0.4436362815487387,False,False,False
1.56,2.0217222594860047,0.46172225948600465,False,False,False
1.56,2.022299377972489,0.4622993779724891,False,False,False
1.56,2.0034795023585317,0.4434795023585316,False,False,False
1.56,2.099494589580123,0.5394945895801229,False,False,False
1.56,2.016495824050518,0.4564958240505179,False,False,False
1.56,2.1083600031606187,0.5483600031606186,False,False,False
1.56,2.0908706818840623,0.5308706818840623,False,False,False
1.56,2.023613294280257,0.4636132942802571,False,False,False
1.56,2.023613294280257,0.4636132942802571,False,False,False
1.56,2.0320495456288774,0.47204954562887735,False,False,False
1.56,2.070843547896748,0.5108435478967479,False,False,False
1.56,2.0883836793797905,0.5283836793797905,False,False,False
1.56,2.1083600031606187,0.5483600031606186,False,False,False
1.56,2.036670981314305,0.47667098131430485,False,False,False
1.56,2.0407220476906387,0.48072204769063864,False,False,False
1.56,2.1083600031606187,0.5483600031606186,False,False,False
1.56,2.0702890330059684,0.5102890330059684,False,False,False
1.56,2.1083600031606187,0.5483600031606186,False,False,False
1.56,2.1083600031606187,0.5483600031606186,False,False,False
1.56,2.089165277740552,0.5291652777405518,False,False,False
1.56,2.145787521247497,0.585787521247497,False,False,False
1.56,2.1083600031606187,0.5483600031606186,False,False,False
1.56,2.142014932988808,0.582014932988808,False,False,False
1.56,2.137927702797114,0.5779277027971141,False,False,False
1.56,2.1010609907199846,0.5410609907199846,False,False,False
1.56,2.1089213939251774,0.5489213939251774,False,False,False
1.56,2.1083600031606187,0.5483600031606186,False,False,False
1.56,2.1083600031606187,0.5483600031606186,False,False,False
1.56,2.036670981314305,0.47667098131430485,False,False,False
1.56,2.023613294280257,0.4636132942802571,False,False,False
1.56,2.0407220476906387,0.48072204769063864,False,False,False
1.56,2.099494589580123,0.5394945895801229,False,False,False
1.56,2.0535653145696573,0.49356531456965724,False,False,False
1.56,2.069646353785418,0.5096463537854179,False,False,False
1.56,2.1089213939251774,0.5489213939251774,False,False,False
1.56,2.0702890330059684,0.5102890330059684,False,False,False
1.56,2.0908706818840623,0.5308706818840623,False,False,False
1.56,2.0407220476906387,0.48072204769063864,False,False,False
1.56,2.1535416968976686,0.5935416968976686,False,False,False
1.56,2.016495824050518,0.4564958240505179,False,False,False
1.56,2.119182050059695,0.5591820500596949,False,False,False
1.56,2.1643241146415653,0.6043241146415652,False,False,False
1.56,2.1083600031606187,0.5483600031606186,False,False,False
1.56,2.1718468318775948,0.6118468318775947,False,False,False
1.56,2.1272397912723338,0.5672397912723337,False,False,False
1.56,2.0407220476906387,0.48072204769063864,False,False,False
1.56,2.1083600031606187,0.5483600031606186,False,False,False
1.56,2.0702890330059684,0.5102890330059684,False,False,False
1.56,2.0908706818840623,0.5308706818840623,False,False,False
1.56,2.023613294280257,0.4636132942802571,False,False,False
1.56,2.023613294280257,0.4636132942802571,False,False,False
1.56,1.986580295731601,0.42658029573160094,False,False,False
1.56,2.0320495456288774,0.47204954562887735,False,False,False
1.56,2.0535653145696573,0.49356531456965724,False,False,False
1.56,2.0034795023585317,0.4434795023585316,False,False,False
1.56,2.1083600031606187,0.5483600031606186,False,False,False
1.56,2.0530139196807657,0.4930139196807657,False,False,False
1.56,2.023613294280257,0.4636132942802571,False,False,False
1.56,2.0407220476906387,0.48072204769063864,False,False,False
1.56,2.0702890330059684,0.5102890330059684,False,False,False
1.56,2.0530139196807657,0.4930139196807657,False,False,False
1.56,2.0591910113591476,0.49919101135914756,False,False,False
1.56,2.0776405353852887,0.5176405353852886,False,False,False
1.56,2.0230800570354606,0.4630800570354605,False,False,False
1.56,2.0034795023585317,0.4434795023585316,False,False,False
1.56,2.0702890330059684,0.5102890330059684,False,False,False
1.56,2.0702890330059684,0.5102890330059684,False,False,False
1.56,2.089165277740552,0.5291652777405518,False,False,False
1.56,2.1280876124303285,0.5680876124303285,False,False,False
1.56,2.0591910113591476,0.49919101135914756,False,False,False
1.56,2.0747830462112002,0.5147830462112002,False,False,False
1.56,1.986580295731601,0.42658029573160094,False,False,False
1.56,1.986580295731601,0.42658029573160094,False,False,False
1.56,2.0034795023585317,0.4434795023585316,False,False,False
1.56,2.099494589580123,0.5394945895801229,False,False,False
1.56,2.070843547896748,0.5108435478967479,False,False,False
1.56,2.1083600031606187,0.5483600031606186,False,False,False
1.56,2.1272397912723338,0.5672397912723337,False,False,False
1.56,2.0776405353852887,0.5176405353852886,False,False,False
1.56,2.0776405353852887,0.5176405353852886,False,False,False
1.56,2.0034795023585317,0.4434795023585316,False,False,False
1.56,1.9917715381802168,0.43177153818021674,False,False,False
1.56,1.9435763521916112,0.3835763521916111,False,False,False
1.56,1.9639935127371282,0.40399351273712814,False,False,False
1.56,1.9034729915245796,0.34347299152457955,False,False,False
1.56,1.9187712372249819,0.35877123722498183,False,False,False
1.56,1.9108563654022626,0.3508563654022625,False,False,False
1.56,1.9653950631383141,0.4053950631383141,False,False,False
1.56,1.9826652742016662,0.4226652742016661,False,False,False
1.56,1.9653950631383141,0.4053950631383141,False,False,False
1.56,1.8970032837922566,0.3370032837922565,False,False,False
1.56,1.9199019454320343,0.35990194543203424,False,False,False
1.56,1.9653950631383141,0.4053950631383141,False,False,False
1.56,1.9314338323831586,0.3714338323831585,False,False,False
1.56,1.9376370629797721,0.37763706297977206,False,False,False
1.56,1.9456283355986659,0.38562833559866583,False,False,False
1.56,1.9121233530497959,0.3521233530497958,False,False,False
1.56,1.8769632496888726,0.3169632496888726,False,False,False
1.56,1.8769632496888726,0.3169632496888726,False,False,False
1.56,1.8769632496888726,0.3169632496888726,False,False,False
1.56,1.90279442297568,0.34279442297567986,False,False,False
1.56,1.948020999357178,0.38802099935717793,False,False,False
1.56,1.948020999357178,0.38802099935717793,False,False,False
1.56,2.0617884625162244,0.5017884625162243,False,False,False
1.56,2.072486152156338,0.5124861521563377,False,False,False
1.56,2.010048801740527,0.4500488017405271,False,False,False
1.56,1.97616867504378,0.41616867504377986,False,False,False
1.56,2.0218379503135084,0.4618379503135084,False,False,False
1.56,2.0218379503135084,0.4618379503135084,False,False,False
1.56,2.0218379503135084,0.4618379503135084,False,False,False
1.56,2.072486152156338,0.5124861521563377,False,False,False
1.56,1.993510642563883,0.43351064256388305,False,False,False
1.56,2.050582624924616,0.4905826249246159,False,False,False
1.56,2.0444511958943568,0.4844511958943567,False,False,False
1.56,1.9587662444482947,0.39876624444829467,False,False,False
1.56,1.9487101402470133,0.3887101402470132,False,False,False
1.56,1.9034729915245796,0.34347299152457955,False,False,False
1.56,1.9199019454320343,0.35990194543203424,False,False,False
1.56,1.9659269085054607,0.40592690850546065,False,False,False
1.56,1.9038695447823213,0.34386954478232123,False,False,False
1.56,1.9034729915245796,0.34347299152457955,False,False,False
1.56,1.9204256315814803,0.3604256315814802,False,False,False
1.56,1.90279442297568,0.34279442297567986,False,False,False
1.56,1.9267163667873666,0.3667163667873665,False,False,False
1.56,1.9888154273767262,0.4288154273767262,False,False,False
1.56,1.9185327545090254,0.35853275450902533,False,False,False
1.56,1.9762320084219467,0.41623200842194663,False,False,False
1.56,2.0710067557483507,0.5110067557483506,False,False,False
1.56,1.9340538456229153,0.3740538456229152,False,False,False
1.56,2.0600203839173425,0.5000203839173425,False,False,False
1.56,1.986580295731601,0.42658029573160094,False,False,False
1.56,2.0368998092494603,0.4768998092494603,False,False,False
1.56,2.0045919153779406,0.4445919153779405,False,False,False
1.56,2.0217222594860047,0.46172225948600465,False,False,False
1.56,2.0045919153779406,0.4445919153779405,False,False,False
1.56,2.0320495456288774,0.47204954562887735,False,False,False
1.56,2.016495824050518,0.4564958240505179,False,False,False
1.56,2.09951881295533,0.5395188129553299,False,False,False
1.56,2.0773351424806226,0.5173351424806225,False,False,False
1.56,2.1083600031606187,0.5483600031606186,False,False,False
1.56,2.115370330003969,0.555370330003969,False,False,False
1.56,2.0591910113591476,0.49919101135914756,False,False,False
1.56,2.0776405353852887,0.5176405353852886,False,False,False
1.56,2.0034795023585317,0.4434795023585316,False,False,False
1.56,2.069342049795877,0.5093420497958769,False,False,False
1.56,1.9854003633031163,0.42540036330311626,False,False,False
1.56,2.1089213939251774,0.5489213939251774,False,False,False
1.56,2.0530139196807657,0.4930139196807657,False,False,False
1.56,2.005546826963736,0.44554682696373593,False,False,False
1.56,2.0418482544090786,0.4818482544090785,False,False,False
1.56,1.9170722926627097,0.3570722926627097,False,False,False
1.56,1.9796343868040172,0.4196343868040171,False,False,False
1.56,1.986580295731601,0.42658029573160094,False,False,False
1.56,1.9170722926627097,0.3570722926627097,False,False,False
1.56,2.0034795023585317,0.4434795023585316,False,False,False
1.56,2.0530139196807657,0.4930139196807657,False,False,False
1.56,1.986580295731601,0.42658029573160094,False,False,False
1.56,2.0407220476906387,0.48072204769063864,False,False,False
1.56,2.0702890330059684,0.5102890330059684,False,False,False
1.56,2.088937582828361,0.5289375828283611,False,False,False
1.56,2.023672830926831,0.46367283092683076,False,False,False
1.56,2.0418482544090786,0.4818482544090785,False,False,False
1.56,1.986580295731601,0.42658029573160094,False,False,False
1.56,1.986580295731601,0.42658029573160094,False,False,False
1.56,1.986580295731601,0.42658029573160094,False,False,False
1.56,2.0320495456288774,0.47204954562887735,False,False,False
1.56,2.070843547896748,0.5108435478967479,False,False,False
1.56,2.0702890330059684,0.5102890330059684,False,False,False
1.56,2.087194800080785,0.5271948000807849,False,False,False
1.25,1.8279524402127016,0.5779524402127016,False,False,False
1.25,2.035994445500825,0.7859944455008252,False,False,False
1.25,2.073976568573161,0.823976568573161,False,False,False
1.25,2.1809465986018086,0.9309465986018086,False,False,False
1.25,2.0550722617274593,0.8050722617274593,False,False,False
1.25,2.0569841674056675,0.8069841674056675,False,False,False
1.25,2.0036362815487387,0.7536362815487387,False,False,False
1.25,1.9682514368590724,0.7182514368590724,False,False,False
1.25,2.0217507632978218,0.7717507632978218,False,False,False
1.25,2.0034795023585317,0.7534795023585317,False,False,False
1.25,2.099494589580123,0.8494945895801229,False,False,False
1.25,2.070843547896748,0.820843547896748,False,False,False
1.25,2.089165277740552,0.8391652777405518,False,False,False
1.25,2.1280876124303285,0.8780876124303285,False,False,False
1.25,2.0591910113591476,0.8091910113591476,False,False,False
1.25,2.0930989522643384,0.8430989522643384,False,False,False
1.25,2.0586514997128376,0.8086514997128376,False,False,False
1.25,2.0230800570354606,0.7730800570354606,False,False,False
1.25,2.040315809211386,0.790315809211386,False,False,False
1.25,2.0586514997128376,0.8086514997128376,False,False,False
1.25,2.0034795023585317,0.7534795023585317,False,False,False
1.25,2.088937582828361,0.8389375828283612,False,False,False
1.25,2.0045919153779406,0.7545919153779406,False,False,False
1.25,2.069646353785418,0.819646353785418,False,False,False
1.25,2.070843547896748,0.820843547896748,False,False,False
1.25,2.0159511229524902,0.7659511229524902,False,False,False
1.25,2.1083600031606187,0.8583600031606187,False,False,False
1.25,2.1272397912723338,0.8772397912723338,False,False,False
1.25,2.0418482544090786,0.7918482544090786,False,False,False
1.25,2.0407220476906387,0.7907220476906387,False,False,False
1.25,2.0530139196807657,0.8030139196807657,False,False,False
1.25,2.039530679194221,0.7895306791942209,False,False,False
1.25,2.0418482544090786,0.7918482544090786,False,False,False
1.25,2.0320495456288774,0.7820495456288774,False,False,False
1.25,2.100054379191243,0.8500543791912429,False,False,False
1.25,2.100054379191243,0.8500543791912429,False,False,False
1.25,2.1089213939251774,0.8589213939251774,False,False,False
1.25,2.1083600031606187,0.8583600031606187,False,False,False
1.25,2.137927702797114,0.8879277027971142,False,False,False
1.25,2.0718406744436315,0.8218406744436315,False,False,False
1.25,2.1272397912723338,0.8772397912723338,False,False,False
1.25,2.0776405353852887,0.8276405353852887,False,False,False
1.25,2.0407220476906387,0.7907220476906387,False,False,False
1.25,2.0530139196807657,0.8030139196807657,False,False,False
1.25,1.9340538456229153,0.6840538456229153,False,False,False
1.25,2.1066077238679703,0.8566077238679703,False,False,False
1.25,2.070843547896748,0.820843547896748,False,False,False
1.25,2.1035317596698717,0.8535317596698717,False,False,False
1.25,2.0908706818840623,0.8408706818840623,False,False,False
1.25,2.0407220476906387,0.7907220476906387,False,False,False
1.25,2.1083600031606187,0.8583600031606187,False,False,False
1.25,2.0702890330059684,0.8202890330059684,False,False,False
1.25,2.1062505252595156,0.8562505252595156,False,False,False
1.25,2.0591910113591476,0.8091910113591476,False,False,False
1.25,2.0407220476906387,0.7907220476906387,False,False,False
1.25,2.0508322785347124,0.8008322785347124,False,False,False
1.25,2.1072581415384204,0.8572581415384204,False,False,False
1.25,2.1083600031606187,0.8583600031606187,False,False,False
1.25,2.1429473360029228,0.8929473360029228,False,False,False
1.25,2.0776405353852887,0.8276405353852887,False,False,False
1.25,2.0776405353852887,0.8276405353852887,False,False,False
1.25,2.0034795023585317,0.7534795023585317,False,False,False
1.25,1.9819597775229854,0.7319597775229854,False,False,False
1.25,1.986580295731601,0.736580295731601,False,False,False
1.25,2.0407220476906387,0.7907220476906387,False,False,False
1.25,2.0530139196807657,0.8030139196807657,False,False,False
1.25,1.986580295731601,0.736580295731601,False,False,False
1.25,1.9705929799237745,0.7205929799237745,False,False,False
1.25,2.0034795023585317,0.7534795023585317,False,False,False
1.25,2.0702890330059684,0.8202890330059684,False,False,False
1.25,1.9819597775229854,0.7319597775229854,False,False,False
1.25,2.023613294280257,0.7736132942802572,False,False,False
1.25,2.069646353785418,0.819646353785418,False,False,False
1.25,2.070843547896748,0.820843547896748,False,False,False
1.25,2.0530139196807657,0.8030139196807657,False,False,False
1.25,2.0230434288631267,0.7730434288631267,False,False,False
1.25,2.114698162779128,0.8646981627791281,False,False,False
1.25,2.0586514997128376,0.8086514997128376,False,False,False
1.25,2.048562942594878,0.7985629425948781,False,False,False
1.25,2.095480481623092,0.8454804816230919,False,False,False
1.25,2.0230800570354606,0.7730800570354606,False,False,False
1.25,2.0648241949061443,0.8148241949061443,False,False,False
1.25,2.0702890330059684,0.8202890330059684,False,False,False
1.25,2.0702890330059684,0.8202890330059684,False,False,False
1.25,2.1083600031606187,0.8583600031606187,False,False,False
1.25,2.1083600031606187,0.8583600031606187,False,False,False
1.25,2.1083600031606187,0.8583600031606187,False,False,False
1.25,2.0908706818840623,0.8408706818840623,False,False,False
1.25,2.0407220476906387,0.7907220476906387,False,False,False
1.25,2.0712859794975973,0.8212859794975973,False,False,False
1.25,2.0702890330059684,0.8202890330059684,False,False,False
1.25,2.137927702797114,0.8879277027971142,False,False,False
1.25,2.1089213939251774,0.8589213939251774,False,False,False
1.25,2.0908706818840623,0.8408706818840623,False,False,False
1.25,2.0407220476906387,0.7907220476906387,False,False,False
1.25,2.0908706818840623,0.8408706818840623,False,False,False
1.25,2.0217222594860047,0.7717222594860047,False,False,False
1.25,2.0418482544090786,0.7918482544090786,False,False,False
1.25,2.0034795023585317,0.7534795023585317,False,False,False
1.25,2.0702890330059684,0.8202890330059684,False,False,False
1.25,2.0702890330059684,0.8202890330059684,False,False,False
1.25,2.1083600031606187,0.8583600031606187,False,False,False
1.25,2.089165277740552,0.8391652777405518,False,False,False
1.25,2.1280876124303285,0.8780876124303285,False,False,False
1.25,2.0591910113591476,0.8091910113591476,False,False,False
1.25,2.0930989522643384,0.8430989522643384,False,False,False
1.25,2.0586514997128376,0.8086514997128376,False,False,False
1.25,1.987466151663579,0.737466151663579,False,False,False
1.25,2.0586514997128376,0.8086514997128376,False,False,False
1.25,2.0586514997128376,0.8086514997128376,False,False,False
1.25,2.0586514997128376,0.8086514997128376,False,False,False
1.25,2.0230800570354606,0.7730800570354606,False,False,False
1.25,2.040315809211386,0.790315809211386,False,False,False
1.25,2.0034795023585317,0.7534795023585317,False,False,False
1.25,2.088937582828361,0.8389375828283612,False,False,False
1.25,2.039945815066453,0.7899458150664529,False,False,False
1.25,2.0776405353852887,0.8276405353852887,False,False,False
1.25,2.0586514997128376,0.8086514997128376,False,False,False
1.25,1.987466151663579,0.737466151663579,False,False,False
1.25,2.0045919153779406,0.7545919153779406,False,False,False
1.25,2.0034795023585317,0.7534795023585317,False,False,False
1.25,2.0702890330059684,0.8202890330059684,False,False,False
1.25,2.0702890330059684,0.8202890330059684,False,False,False
1.25,2.1272397912723338,0.8772397912723338,False,False,False
1.25,2.0418482544090786,0.7918482544090786,False,False,False
1.25,2.0407220476906387,0.7907220476906387,False,False,False
1.25,2.0530139196807657,0.8030139196807657,False,False,False
1.25,1.9170722926627097,0.6670722926627097,False,False,False
1.25,2.0591910113591476,0.8091910113591476,False,False,False
1.25,2.0045919153779406,0.7545919153779406,False,False,False
1.25,2.004957606572532,0.7549576065725319,False,False,False
1.25,1.986580295731601,0.736580295731601,False,False,False
1.25,2.0320495456288774,0.7820495456288774,False,False,False
1.25,2.0535653145696573,0.8035653145696573,False,False,False
1.25,2.0217222594860047,0.7717222594860047,False,False,False
1.25,2.0418482544090786,0.7918482544090786,False,False,False
1.25,2.040315809211386,0.790315809211386,False,False,False
1.25,2.0034795023585317,0.7534795023585317,False,False,False
1.25,2.0702890330059684,0.8202890330059684,False,False,False
1.25,2.0530139196807657,0.8030139196807657,False,False,False
1.25,2.0407220476906387,0.7907220476906387,False,False,False
1.25,2.089165277740552,0.8391652777405518,False,False,False
1.25,2.1255706641246954,0.8755706641246954,False,False,False
1.25,2.1083600031606187,0.8583600031606187,False,False,False
1.25,2.142014932988808,0.8920149329888081,False,False,False
1.25,2.1083600031606187,0.8583600031606187,False,False,False
1.25,2.1083600031606187,0.8583600031606187,False,False,False
1.25,2.1083600031606187,0.8583600031606187,False,False,False
1.25,2.1083600031606187,0.8583600031606187,False,False,False
1.25,2.1083600031606187,0.8583600031606187,False,False,False
1.25,2.1062505252595156,0.8562505252595156,False,False,False
1.25,2.0591910113591476,0.8091910113591476,False,False,False
1.25,1.988508182456564,0.738508182456564,False,False,False
1.25,2.020631997427057,0.7706319974270568,False,False,False
1.25,1.9819597775229854,0.7319597775229854,False,False,False
1.25,2.0217222594860047,0.7717222594860047,False,False,False
1.25,1.988508182456564,0.738508182456564,False,False,False
1.25,2.040315809211386,0.790315809211386,False,False,False
1.25,2.0586514997128376,0.8086514997128376,False,False,False
1.25,2.0230800570354606,0.7730800570354606,False,False,False
1.25,2.040315809211386,0.790315809211386,False,False,False
1.25,2.0320495456288774,0.7820495456288774,False,False,False
1.25,2.070843547896748,0.820843547896748,False,False,False
1.25,2.0702890330059684,0.8202890330059684,False,False,False
1.25,2.0908706818840623,0.8408706818840623,False,False,False
1.25,2.0591910113591476,0.8091910113591476,False,False,False
1.25,2.0418482544090786,0.7918482544090786,False,False,False
1.25,2.0217222594860047,0.7717222594860047,False,False,False
1.25,2.0586514997128376,0.8086514997128376,False,False,False
1.25,1.987466151663579,0.737466151663579,False,False,False
1.25,1.9346647199252227,0.6846647199252227,False,False,False
1.25,1.986580295731601,0.736580295731601,False,False,False
1.25,2.0034795023585317,0.7534795023585317,False,False,False
1.25,2.0530139196807657,0.8030139196807657,False,False,False
1.25,1.986580295731601,0.736580295731601,False,False,False
1.25,2.0407220476906387,0.7907220476906387,False,False,False
1.25,2.0159511229524902,0.7659511229524902,False,False,False
1.25,2.0170473733825602,0.7670473733825602,False,False,False
1.25,2.0418482544090786,0.7918482544090786,False,False,False
1.25,2.023613294280257,0.7736132942802572,False,False,False
1.33,2.1170004233992326,0.7870004233992325,False,False,False
1.33,2.1736881322401675,0.8436881322401675,False,False,False
1.33,2.1742536479710726,0.8442536479710725,False,False,False
1.33,2.1901973345731975,0.8601973345731975,False,False,False
1.33,2.2066658044428586,0.8766658044428586,False,False,False
1.33,2.244922694945915,0.9149226949459148,False,False,False
1.33,2.284627851211625,0.9546278512116251,False,False,False
1.33,2.245434243312279,0.9154342433122791,False,False,False
1.33,2.189492243001468,0.8594922430014678,False,False,False
1.33,2.245434243312279,0.9154342433122791,False,False,False
1.33,2.0990145573032466,0.7690145573032465,False,False,False
1.33,2.1014592545259805,0.7714592545259804,False,False,False
1.33,2.1884569264848803,0.8584569264848803,False,False,False
1.33,2.1126787398855815,0.7826787398855815,False,False,False
1.33,2.0637751987454416,0.7337751987454415,False,False,False
1.33,2.1748135505332256,0.8448135505332255,False,False,False
1.33,2.1901973345731975,0.8601973345731975,False,False,False
1.33,2.0815272794013295,0.7515272794013295,False,False,False
1.33,2.15522495756036,0.8252249575603599,False,False,False
1.33,2.132027683564027,0.802027683564027,False,False,False
1.33,2.2056843977054688,0.8756843977054687,False,False,False
1.33,2.1562879683967267,0.8262879683967266,False,False,False
1.33,2.2076905585021542,0.8776905585021542,False,False,False
1.33,2.2131543049976066,0.8831543049976065,False,False,False
1.33,2.299796777139102,0.9697967771391021,False,False,False
1.33,2.2056843977054688,0.8756843977054687,False,False,False
1.33,2.1379529556543506,0.8079529556543505,False,False,False
1.33,2.2279931548929097,0.8979931548929097,False,False,False
1.33,2.259381103120927,0.9293811031209271,False,False,False
1.33,2.2056843977054688,0.8756843977054687,False,False,False
1.33,2.1568153217321338,0.8268153217321337,False,False,False
1.33,2.2279931548929097,0.8979931548929097,False,False,False
1.33,2.2056843977054688,0.8756843977054687,False,False,False
1.33,2.207247991411566,0.8772479914115658,False,False,False
1.33,2.2856943951680306,0.9556943951680306,False,False,False
1.33,2.284627851211625,0.9546278512116251,False,False,False
1.33,2.250827840957007,0.9208278409570068,False,False,False
1.33,2.245434243312279,0.9154342433122791,False,False,False
1.33,2.1939603768221323,0.8639603768221322,False,False,False
1.33,2.1568153217321338,0.8268153217321337,False,False,False
1.33,2.1884569264848803,0.8584569264848803,False,False,False
1.33,2.2056843977054688,0.8756843977054687,False,False,False
1.33,2.1548409794365377,0.8248409794365377,False,False,False
1.33,2.2279931548929097,0.8979931548929097,False,False,False
1.33,2.259381103120927,0.9293811031209271,False,False,False
1.33,2.284627851211625,0.9546278512116251,False,False,False
1.33,2.2076905585021542,0.8776905585021542,False,False,False
1.33,2.137891168812146,0.8078911688121457,False,False,False
1.33,2.137891168812146,0.8078911688121457,False,False,False
1.33,2.116996417494114,0.7869964174941138,False,False,False
1.33,2.259381103120927,0.9293811031209271,False,False,False
1.33,2.0946633517398157,0.7646633517398156,False,False,False
1.33,2.1748135505332256,0.8448135505332255,False,False,False
1.33,2.1939603768221323,0.8639603768221322,False,False,False
1.33,2.1181508743144604,0.7881508743144603,False,False,False
1.33,2.1884569264848803,0.8584569264848803,False,False,False
1.33,2.284627851211625,0.9546278512116251,False,False,False
1.33,2.224576992161231,0.8945769921612308,False,False,False
1.33,2.1939603768221323,0.8639603768221322,False,False,False
1.33,2.155646549878031,0.825646549878031,False,False,False
1.33,2.296539009575962,0.9665390095759618,False,False,False
1.33,2.324177796579886,0.9941777965798861,False,False,False
1.33,2.269392911391765,0.939392911391765,False,False,False
1.33,2.3613609816121186,1.0313609816121185,False,False,False
1.33,2.250827840957007,0.9208278409570068,False,False,False
1.33,2.3253565798584455,0.9953565798584454,False,False,False
1.33,2.3253565798584455,0.9953565798584454,False,False,False
1.33,2.3253565798584455,0.9953565798584454,False,False,False
1.33,2.212054575254997,0.8820545752549971,False,False,False
1.33,2.2076905585021542,0.8776905585021542,False,False,False
1.33,2.1748135505332256,0.8448135505332255,False,False,False
1.33,2.155646549878031,0.825646549878031,False,False,False
1.33,2.1126787398855815,0.7826787398855815,False,False,False
1.33,2.1367788388857427,0.8067788388857426,False,False,False
1.33,2.2279931548929097,0.8979931548929097,False,False,False
1.33,2.2027080239682935,0.8727080239682934,False,False,False
1.33,2.1170004233992326,0.7870004233992325,False,False,False
1.33,2.175674269339741,0.845674269339741,False,False,False
1.33,2.1884569264848803,0.8584569264848803,False,False,False
1.33,2.146803906803295,0.8168039068032948,False,False,False
1.33,2.1181508743144604,0.7881508743144603,False,False,False
1.33,2.155646549878031,0.825646549878031,False,False,False
1.33,2.1684029948370984,0.8384029948370983,False,False,False
1.33,2.099458503060781,0.7694585030607808,False,False,False
1.33,2.137891168812146,0.8078911688121457,False,False,False
1.33,2.099458503060781,0.7694585030607808,False,False,False
1.33,2.099458503060781,0.7694585030607808,False,False,False
1.33,2.1884569264848803,0.8584569264848803,False,False,False
1.33,2.2056843977054688,0.8756843977054687,False,False,False
1.33,2.1562879683967267,0.8262879683967266,False,False,False
1.33,2.3253565798584455,0.9953565798584454,False,False,False
1.33,2.1929450381666964,0.8629450381666963,False,False,False
1.33,2.1748135505332256,0.8448135505332255,False,False,False
1.33,2.2279931548929097,0.8979931548929097,False,False,False
1.33,2.296539009575962,0.9665390095759618,False,False,False
1.33,2.2442837911650244,0.9142837911650243,False,False,False
1.33,2.1568153217321338,0.8268153217321337,False,False,False
1.33,2.2085569501927513,0.8785569501927513,False,False,False
1.33,2.2452770149436776,0.9152770149436775,False,False,False
1.33,2.1684029948370984,0.8384029948370983,False,False,False
1.33,2.150744855769866,0.820744855769866,False,False,False
1.33,2.245434243312279,0.9154342433122791,False,False,False
1.33,2.1884569264848803,0.8584569264848803,False,False,False
1.33,2.2076905585021542,0.8776905585021542,False,False,False
1.33,2.1884569264848803,0.8584569264848803,False,False,False
1.33,2.1885242065264174,0.8585242065264174,False,False,False
1.33,2.1548409794365377,0.8248409794365377,False,False,False
1.33,2.2279931548929097,0.8979931548929097,False,False,False
1.33,2.259381103120927,0.9293811031209271,False,False,False
1.33,2.284627851211625,0.9546278512116251,False,False,False
1.33,2.3253565798584455,0.9953565798584454,False,False,False
1.33,2.3253565798584455,0.9953565798584454,False,False,False
1.33,2.2076905585021542,0.8776905585021542,False,False,False
1.33,2.1748135505332256,0.8448135505332255,False,False,False
1.33,2.1568153217321338,0.8268153217321337,False,False,False
1.33,2.116996417494114,0.7869964174941138,False,False,False
1.33,2.259381103120927,0.9293811031209271,False,False,False
1.33,2.1684029948370984,0.8384029948370983,False,False,False
1.33,2.2279931548929097,0.8979931548929097,False,False,False
1.33,2.2076905585021542,0.8776905585021542,False,False,False
1.33,2.027323435588945,0.6973234355889448,False,False,False
1.33,2.2279931548929097,0.8979931548929097,False,False,False
1.33,2.1684029948370984,0.8384029948370983,False,False,False
1.33,2.135928662101375,0.8059286621013748,False,False,False
1.33,2.1939603768221323,0.8639603768221322,False,False,False
1.33,2.137337777793363,0.807337777793363,False,False,False
1.33,2.1884569264848803,0.8584569264848803,False,False,False
1.33,2.284627851211625,0.9546278512116251,False,False,False
1.33,2.1929450381666964,0.8629450381666963,False,False,False
1.33,2.137891168812146,0.8078911688121457,False,False,False
1.33,2.2279931548929097,0.8979931548929097,False,False,False
1.33,2.284627851211625,0.9546278512116251,False,False,False
1.33,2.284627851211625,0.9546278512116251,False,False,False
1.33,2.3253565798584455,0.9953565798584454,False,False,False
1.33,2.2325369182622543,0.9025369182622542,False,False,False
1.33,2.252996775961353,0.9229967759613529,False,False,False
1.33,2.3253565798584455,0.9953565798584454,False,False,False
1.33,2.284627851211625,0.9546278512116251,False,False,False
1.33,2.2076905585021542,0.8776905585021542,False,False,False
1.33,2.155646549878031,0.825646549878031,False,False,False
1.33,2.2076905585021542,0.8776905585021542,False,False,False
1.33,2.15522495756036,0.8252249575603599,False,False,False
1.33,2.1939603768221323,0.8639603768221322,False,False,False
1.33,2.1742536479710726,0.8442536479710725,False,False,False
1.33,2.0455807710258,0.7155807710257998,False,False,False
1.33,2.135928662101375,0.8059286621013748,False,False,False
1.33,2.1548409794365377,0.8248409794365377,False,False,False
1.33,2.1742536479710726,0.8442536479710725,False,False,False
1.33,2.0643211292208545,0.7343211292208545,False,False,False
1.33,2.099458503060781,0.7694585030607808,False,False,False
1.33,2.1884569264848803,0.8584569264848803,False,False,False
1.33,2.284627851211625,0.9546278512116251,False,False,False
1.33,2.0946633517398157,0.7646633517398156,False,False,False
1.33,2.11914187691315,0.78914187691315,False,False,False
1.33,2.174843498450415,0.8448434984504147,False,False,False
1.33,2.099458503060781,0.7694585030607808,False,False,False
1.33,2.0618318811426333,0.7318318811426332,False,False,False
1.33,2.322073578045489,0.9920735780454888,False,False,False
1.33,2.2442837911650244,0.9142837911650243,False,False,False
1.33,2.2279931548929097,0.8979931548929097,False,False,False
1.33,2.335524437020512,1.005524437020512,False,False,False
1.33,2.284627851211625,0.9546278512116251,False,False,False
1.33,2.3253565798584455,0.9953565798584454,False,False,False
1.33,2.2325369182622543,0.9025369182622542,False,False,False
1.33,2.1800897834206707,0.8500897834206707,False,False,False
1.33,2.245434243312279,0.9154342433122791,False,False,False
1.33,2.0455807710258,0.7155807710257998,False,False,False
1.33,2.2279931548929097,0.8979931548929097,False,False,False
1.33,2.284627851211625,0.9546278512116251,False,False,False
1.33,2.2110160616855667,0.8810160616855667,False,False,False
1.33,2.2668611663414633,0.9368611663414632,False,False,False
1.33,2.2076905585021542,0.8776905585021542,False,False,False
1.33,2.1507489050478426,0.8207489050478425,False,False,False
1.33,2.2668611663414633,0.9368611663414632,False,False,False
1.33,2.2056843977054688,0.8756843977054687,False,False,False
1.33,2.151911812160158,0.8219118121601579,False,False,False
1.33,2.192944512880811,0.8629445128808109,False,False,False
1.33,2.1181508743144604,0.7881508743144603,False,False,False
1.33,2.1884569264848803,0.8584569264848803,False,False,False
1.33,2.284627851211625,0.9546278512116251,False,False,False
1.5,2.284627851211625,0.7846278512116251,False,False,False
1.5,2.383024985206717,0.8830249852067169,False,False,False
1.5,2.426580849750193,0.9265808497501928,False,False,False
1.5,2.385199632547038,0.8851996325470379,False,False,False
1.5,2.327753545810307,0.8277535458103071,False,False,False
1.5,2.321026062982257,0.821026062982257,False,False,False
1.5,2.4137790804082617,0.9137790804082617,False,False,False
1.5,2.1929450381666964,0.6929450381666964,False,False,False
1.5,2.2513716279924094,0.7513716279924094,False,False,False
1.5,2.28451226153341,0.7845122615334099,False,False,False
1.5,2.1359582432186253,0.6359582432186253,False,False,False
1.5,2.1898134620409486,0.6898134620409486,False,False,False
1.5,2.2056843977054688,0.7056843977054688,False,False,False
1.5,2.10037784003785,0.6003778400378499,False,False,False
1.5,2.2279931548929097,0.7279931548929097,False,False,False
1.5,2.1863310234133473,0.6863310234133473,False,False,False
1.5,2.322073578045489,0.8220735780454889,False,False,False
1.5,2.2714596408078225,0.7714596408078225,False,False,False
1.5,2.214197640943179,0.714197640943179,False,False,False
1.5,2.3613609816121186,0.8613609816121186,False,False,False
1.5,2.284627851211625,0.7846278512116251,False,False,False
1.5,2.245434243312279,0.7454342433122791,False,False,False
1.5,2.1568153217321338,0.6568153217321338,False,False,False
1.5,2.137891168812146,0.6378911688121458,False,False,False
1.5,2.099458503060781,0.5994585030607809,False,False,False
1.5,2.1884569264848803,0.6884569264848803,False,False,False
1.5,2.1684029948370984,0.6684029948370984,False,False,False
1.5,2.2131543049976066,0.7131543049976066,False,False,False
1.5,2.245434243312279,0.7454342433122791,False,False,False
1.5,2.1548409794365377,0.6548409794365377,False,False,False
1.5,2.1568153217321338,0.6568153217321338,False,False,False
1.5,2.1884569264848803,0.6884569264848803,False,False,False
1.5,2.284627851211625,0.7846278512116251,False,False,False
1.5,2.211011934953475,0.7110119349534751,False,False,False
1.5,2.2325369182622543,0.7325369182622543,False,False,False
1.5,2.252996775961353,0.752996775961353,False,False,False
1.5,2.3253565798584455,0.8253565798584455,False,False,False
1.5,2.211011934953475,0.7110119349534751,False,False,False
1.5,2.3253565798584455,0.8253565798584455,False,False,False
1.5,2.3253565798584455,0.8253565798584455,False,False,False
1.5,2.3253565798584455,0.8253565798584455,False,False,False
1.5,2.3253565798584455,0.8253565798584455,False,False,False
1.5,2.3253565798584455,0.8253565798584455,False,False,False
1.5,2.245434243312279,0.7454342433122791,False,False,False
1.5,2.140319371549105,0.6403193715491051,False,False,False
1.5,2.0908330012190444,0.5908330012190444,False,False,False
1.5,2.0396987456159916,0.5396987456159916,False,False,False
1.5,2.087349802672425,0.5873498026724251,False,False,False
1.5,2.078172971211102,0.5781729712111021,False,False,False
1.5,2.067991700901122,0.5679917009011222,False,False,False
1.5,2.0313823673215605,0.5313823673215605,False,False,False
1.5,1.9955559376597272,0.49555593765972716,False,False,False
1.5,2.132073181270899,0.6320731812708988,False,False,False
1.5,2.200980945976109,0.7009809459761089,False,False,False
1.5,2.266444144251514,0.7664441442515142,False,False,False
1.5,2.2000652876681666,0.7000652876681666,False,False,False
1.5,2.213309756343745,0.7133097563437452,False,False,False
1.5,2.213309756343745,0.7133097563437452,False,False,False
1.5,2.1886111829799866,0.6886111829799866,False,False,False
1.5,2.1886111829799866,0.6886111829799866,False,False,False
1.5,2.1954308139711194,0.6954308139711194,False,False,False
1.5,2.213309756343745,0.7133097563437452,False,False,False
1.5,2.1886111829799866,0.6886111829799866,False,False,False
1.5,2.1886111829799866,0.6886111829799866,False,False,False
1.5,2.06663338655297,0.56663338655297,False,False,False
1.5,2.097102997054766,0.5971029970547659,False,False,False
1.5,2.070176991808211,0.5701769918082111,False,False,False
1.5,2.1403083507772163,0.6403083507772163,False,False,False
1.5,2.110648092853642,0.610648092853642,False,False,False
1.5,2.062386339854106,0.5623863398541058,False,False,False
1.5,2.1736680518867133,0.6736680518867133,False,False,False
1.5,2.1684029948370984,0.6684029948370984,False,False,False
1.5,2.1884569264848803,0.6884569264848803,False,False,False
1.5,2.2258408910483296,0.7258408910483296,False,False,False
1.5,2.111381189670373,0.6113811896703729,False,False,False
1.5,2.206013355064655,0.706013355064655,False,False,False
1.5,2.281762138632539,0.7817621386325388,False,False,False
1.5,2.1564508460060727,0.6564508460060727,False,False,False
1.5,2.1449068850153137,0.6449068850153137,False,False,False
1.5,2.137227820657678,0.637227820657678,False,False,False
1.5,2.124770195058925,0.6247701950589248,False,False,False
1.5,2.1926280063581793,0.6926280063581793,False,False,False
1.5,2.140031025479078,0.640031025479078,False,False,False
1.5,2.0215727910802475,0.5215727910802475,False,False,False
1.5,2.1303336694989388,0.6303336694989388,False,False,False
1.5,2.1513567771257045,0.6513567771257045,False,False,False
1.5,2.0557038788315927,0.5557038788315927,False,False,False
1.5,2.0032945805741216,0.5032945805741216,False,False,False
1.5,2.0895317353820624,0.5895317353820624,False,False,False
1.5,2.1883143570272634,0.6883143570272634,False,False,False
1.5,2.1929450381666964,0.6929450381666964,False,False,False
1.5,2.155646549878031,0.6556465498780311,False,False,False
1.5,2.3048218585233062,0.8048218585233062,False,False,False
1.5,2.265346568584558,0.7653465685845582,False,False,False
1.5,2.3253565798584455,0.8253565798584455,False,False,False
1.5,2.2675363401569286,0.7675363401569286,False,False,False
1.5,2.1969051991326576,0.6969051991326576,False,False,False
1.5,2.223335684981807,0.7233356849818069,False,False,False
1.5,2.1466571992240824,0.6466571992240824,False,False,False
1.5,2.2565374173670576,0.7565374173670576,False,False,False
1.5,2.1396593189363,0.6396593189363,False,False,False
1.5,2.099354734556556,0.599354734556556,False,False,False
1.5,2.108332311221434,0.6083323112214338,False,False,False
1.5,2.1318221250726825,0.6318221250726825,False,False,False
1.5,2.0796585168741895,0.5796585168741895,False,False,False
1.5,1.9618377703583114,0.4618377703583114,False,False,False
1.5,2.0648434208551523,0.5648434208551523,False,False,False
1.5,2.0551543459249464,0.5551543459249464,False,False,False
1.5,2.0238145498074736,0.5238145498074736,False,False,False
1.5,2.07915998017236,0.5791599801723599,False,False,False
1.5,2.107989032618709,0.607989032618709,False,False,False
1.5,2.082318423076442,0.5823184230764422,False,False,False
1.5,2.189492243001468,0.6894922430014678,False,False,False
1.5,2.1929450381666964,0.6929450381666964,False,False,False
1.5,2.117725058736911,0.617725058736911,False,False,False
1.5,2.155646549878031,0.6556465498780311,False,False,False
1.5,2.1808257962166167,0.6808257962166167,False,False,False
1.5,2.2056843977054688,0.7056843977054688,False,False,False
1.5,2.1939603768221323,0.6939603768221323,False,False,False
1.5,2.194114421349779,0.694114421349779,False,False,False
1.5,2.132027683564027,0.632027683564027,False,False,False
1.5,2.259381103120927,0.7593811031209272,False,False,False
1.5,2.1929450381666964,0.6929450381666964,False,False,False
1.5,2.137891168812146,0.6378911688121458,False,False,False
1.5,2.1748135505332256,0.6748135505332256,False,False,False
1.5,2.1181508743144604,0.6181508743144604,False,False,False
1.5,2.1884569264848803,0.6884569264848803,False,False,False
1.5,2.1684029948370984,0.6684029948370984,False,False,False
1.5,2.135928662101375,0.6359286621013749,False,False,False
1.5,2.28397308163079,0.7839730816307902,False,False,False
1.5,2.3174651001358835,0.8174651001358835,False,False,False
1.5,2.1684029948370984,0.6684029948370984,False,False,False
1.5,2.1718658393739494,0.6718658393739494,False,False,False
1.5,2.202113579610986,0.7021135796109861,False,False,False
1.5,2.1872511743260343,0.6872511743260343,False,False,False
1.5,2.1536965362453016,0.6536965362453016,False,False,False
1.5,2.202113579610986,0.7021135796109861,False,False,False
1.5,2.1377508603644193,0.6377508603644193,False,False,False
1.5,2.0957724080137776,0.5957724080137776,False,False,False
1.5,2.2372496349755076,0.7372496349755076,False,False,False
1.5,2.147191420158873,0.6471914201588729,False,False,False
1.5,2.3253565798584455,0.8253565798584455,False,False,False
1.5,2.3201912736375485,0.8201912736375485,False,False,False
1.5,2.270572960815235,0.770572960815235,False,False,False
1.5,2.1568153217321338,0.6568153217321338,False,False,False
1.5,2.28397308163079,0.7839730816307902,False,False,False
1.5,2.2442837911650244,0.7442837911650244,False,False,False
1.5,2.137337777793363,0.6373377777933631,False,False,False
1.5,2.1907600494219452,0.6907600494219452,False,False,False
1.5,2.1742536479710726,0.6742536479710726,False,False,False
1.5,2.1884569264848803,0.6884569264848803,False,False,False
1.5,2.1126787398855815,0.6126787398855815,False,False,False
1.5,2.1367788388857427,0.6367788388857427,False,False,False
1.5,2.155646549878031,0.6556465498780311,False,False,False
1.5,2.2946711731891707,0.7946711731891707,False,False,False
1.5,2.258294222337696,0.7582942223376961,False,False,False
1.5,2.1377508603644193,0.6377508603644193,False,False,False
1.5,2.1856751193712576,0.6856751193712576,False,False,False
1.5,2.2159917417747135,0.7159917417747135,False,False,False
1.5,2.168230064869767,0.6682300648697672,False,False,False
1.5,2.2742850784933792,0.7742850784933792,False,False,False
1.5,2.1193504702257204,0.6193504702257204,False,False,False
1.5,2.0569587580405515,0.5569587580405515,False,False,False
1.5,1.9782258190439985,0.4782258190439985,False,False,False
1.5,2.0815708836469518,0.5815708836469518,False,False,False
1.5,2.1538242088449313,0.6538242088449313,False,False,False
1.5,2.0780245182633323,0.5780245182633323,False,False,False
1.5,2.0569587580405515,0.5569587580405515,False,False,False
1.5,2.0202883629784316,0.5202883629784316,False,False,False
1.5,2.067895667256116,0.5678956672561162,False,False,False
1.5,2.0390482283109,0.5390482283109002,False,False,False
1.5,2.0341206128422558,0.5341206128422558,False,False,False
1.5,2.0361421207354056,0.5361421207354056,False,False,False
1.5,2.0324124452984735,0.5324124452984735,False,False,False
1.5,1.9543220319253312,0.45432203192533116,False,False,False
1.5,2.086972585557715,0.586972585557715,False,False,False
1.5,2.1142320456947132,0.6142320456947132,False,False,False
1.5,2.1027547444545807,0.6027547444545807,False,False,False
1.5,2.003704767358487,0.5037047673584869,False,False,False
1.5,2.094743716581707,0.5947437165817071,False,False,False
2.94,2.1775091727090614,0.7624908272909385,False,False,False
2.94,2.261713537808031,0.6782864621919691,False,False,False
2.94,2.10180125693896,0.83819874306104,False,False,False
2.94,2.1661418257323017,0.7738581742676982,False,False,False
2.94,2.1661418257323017,0.7738581742676982,False,False,False
2.94,2.2068209418774787,0.7331790581225213,False,False,False
2.94,2.261713537808031,0.6782864621919691,False,False,False
2.94,2.1886111829799866,0.7513888170200134,False,False,False
2.94,2.261713537808031,0.6782864621919691,False,False,False
2.94,2.261713537808031,0.6782864621919691,False,False,False
2.94,2.213309756343745,0.7266902436562548,False,False,False
2.94,2.220182211322088,0.7198177886779118,False,False,False
2.94,2.2869783526387395,0.6530216473612604,False,False,False
2.94,2.1886111829799866,0.7513888170200134,False,False,False
2.94,2.1886111829799866,0.7513888170200134,False,False,False
2.94,2.1238140044372065,0.8161859955627935,False,False,False
2.94,2.338896577597102,0.6011034224028982,False,False,False
2.94,2.283662096653436,0.656337903346564,False,False,False
2.94,2.2466933658038766,0.6933066341961234,False,False,False
2.94,2.3647592423572226,0.5752407576427774,False,False,False
2.94,2.1886111829799866,0.7513888170200134,False,False,False
2.94,2.1886111829799866,0.7513888170200134,False,False,False
2.94,2.1238140044372065,0.8161859955627935,False,False,False
2.94,2.1886111829799866,0.7513888170200134,False,False,False
2.94,2.10180125693896,0.83819874306104,False,False,False
2.94,2.2068209418774787,0.7331790581225213,False,False,False
2.94,2.261713537808031,0.6782864621919691,False,False,False
2.94,2.1624724752510853,0.7775275247489146,False,False,False
2.94,2.2640643768166253,0.6759356231833746,False,False,False
2.94,2.1238140044372065,0.8161859955627935,False,False,False
2.94,2.261713537808031,0.6782864621919691,False,False,False
2.94,2.1886111829799866,0.7513888170200134,False,False,False
2.94,2.1886111829799866,0.7513888170200134,False,False,False
2.94,2.1886111829799866,0.7513888170200134,False,False,False
2.94,2.1886111829799866,0.7513888170200134,False,False,False
2.94,2.1886111829799866,0.7513888170200134,False,False,False
2.94,2.1886111829799866,0.7513888170200134,False,False,False
2.94,2.1238140044372065,0.8161859955627935,False,False,False
2.94,2.1886111829799866,0.7513888170200134,False,False,False
2.94,2.1729134004643784,0.7670865995356215,False,False,False
2.94,2.1886111829799866,0.7513888170200134,False,False,False
2.94,2.1661418257323017,0.7738581742676982,False,False,False
2.94,2.1881788560386837,0.7518211439613163,False,False,False
2.94,2.174025346256584,0.7659746537434158,False,False,False
2.94,2.1886111829799866,0.7513888170200134,False,False,False
2.94,2.261713537808031,0.6782864621919691,False,False,False
2.94,2.1886111829799866,0.7513888170200134,False,False,False
2.94,2.1954308139711194,0.7445691860288806,False,False,False
2.94,2.1954308139711194,0.7445691860288806,False,False,False
2.94,2.3647592423572226,0.5752407576427774,False,False,False
2.94,2.30574987411565,0.6342501258843498,False,False,False
2.94,2.213309756343745,0.7266902436562548,False,False,False
2.94,2.2869783526387395,0.6530216473612604,False,False,False
2.94,2.2869783526387395,0.6530216473612604,False,False,False
2.94,2.213309756343745,0.7266902436562548,False,False,False
2.94,2.1886111829799866,0.7513888170200134,False,False,False
2.94,2.088653373756997,0.8513466262430032,False,False,False
2.94,2.0668883945586374,0.8731116054413626,False,False,False
2.94,2.2838567501024234,0.6561432498975766,False,False,False
2.94,2.1360487254793954,0.8039512745206046,False,False,False
2.94,2.1360487254793954,0.8039512745206046,False,False,False
2.94,2.1626259451060066,0.7773740548939934,False,False,False
2.94,2.139187149625151,0.8008128503748488,False,False,False
2.94,2.1360487254793954,0.8039512745206046,False,False,False
2.94,2.1539583067687627,0.7860416932312373,False,False,False
2.94,2.261713537808031,0.6782864621919691,False,False,False
2.94,2.3647592423572226,0.5752407576427774,False,False,False
2.94,2.213309756343745,0.7266902436562548,False,False,False
2.94,2.2869783526387395,0.6530216473612604,False,False,False
2.94,2.261713537808031,0.6782864621919691,False,False,False
2.94,2.1886111829799866,0.7513888170200134,False,False,False
2.94,2.1886111829799866,0.7513888170200134,False,False,False
2.94,2.261713537808031,0.6782864621919691,False,False,False
2.94,2.261713537808031,0.6782864621919691,False,False,False
2.94,2.2869783526387395,0.6530216473612604,False,False,False
2.94,2.2869783526387395,0.6530216473612604,False,False,False
2.94,2.2869783526387395,0.6530216473612604,False,False,False
2.94,2.220182211322088,0.7198177886779118,False,False,False
2.94,2.2869783526387395,0.6530216473612604,False,False,False
2.94,2.148010667164589,0.7919893328354108,False,False,False
2.94,2.1238140044372065,0.8161859955627935,False,False,False
2.94,2.2640643768166253,0.6759356231833746,False,False,False
2.94,2.261713537808031,0.6782864621919691,False,False,False
2.94,2.220182211322088,0.7198177886779118,False,False,False
2.94,2.1258274117468057,0.8141725882531943,False,False,False
2.94,2.2640643768166253,0.6759356231833746,False,False,False
2.94,2.1954308139711194,0.7445691860288806,False,False,False
2.94,2.1954308139711194,0.7445691860288806,False,False,False
2.94,2.1661418257323017,0.7738581742676982,False,False,False
2.94,2.1661418257323017,0.7738581742676982,False,False,False
2.94,2.2349755719766233,0.7050244280233766,False,False,False
2.94,2.1729134004643784,0.7670865995356215,False,False,False
2.94,2.1906663543359524,0.7493336456640476,False,False,False
2.94,2.2640643768166253,0.6759356231833746,False,False,False
2.94,2.280340775093406,0.6596592249065938,False,False,False
2.94,2.148010667164589,0.7919893328354108,False,False,False
2.94,2.2869783526387395,0.6530216473612604,False,False,False
2.94,2.3647592423572226,0.5752407576427774,False,False,False
2.94,2.30574987411565,0.6342501258843498,False,False,False
2.94,2.213309756343745,0.7266902436562548,False,False,False
2.94,2.261713537808031,0.6782864621919691,False,False,False
2.94,2.1886111829799866,0.7513888170200134,False,False,False
2.94,2.220182211322088,0.7198177886779118,False,False,False
2.94,2.10180125693896,0.83819874306104,False,False,False
2.94,2.2640643768166253,0.6759356231833746,False,False,False
2.94,2.2068209418774787,0.7331790581225213,False,False,False
2.94,2.1886111829799866,0.7513888170200134,False,False,False
2.94,2.1886111829799866,0.7513888170200134,False,False,False
2.94,2.1886111829799866,0.7513888170200134,False,False,False
2.94,2.2869783526387395,0.6530216473612604,False,False,False
2.94,2.213309756343745,0.7266902436562548,False,False,False
2.94,2.2869783526387395,0.6530216473612604,False,False,False
2.94,2.213309756343745,0.7266902436562548,False,False,False
2.94,2.1886111829799866,0.7513888170200134,False,False,False
2.94,2.1238140044372065,0.8161859955627935,False,False,False
2.94,2.1886111829799866,0.7513888170200134,False,False,False
2.94,2.1886111829799866,0.7513888170200134,False,False,False
2.94,2.261713537808031,0.6782864621919691,False,False,False
2.94,2.1886111829799866,0.7513888170200134,False,False,False
2.94,2.1886111829799866,0.7513888170200134,False,False,False
2.94,2.1238140044372065,0.8161859955627935,False,False,False
2.94,2.261713537808031,0.6782864621919691,False,False,False
2.94,2.1886111829799866,0.7513888170200134,False,False,False
2.94,2.1886111829799866,0.7513888170200134,False,False,False
2.94,2.1238140044372065,0.8161859955627935,False,False,False
2.94,2.1886111829799866,0.7513888170200134,False,False,False
2.94,2.338896577597102,0.6011034224028982,False,False,False
2.94,2.2869783526387395,0.6530216473612604,False,False,False
2.94,2.148010667164589,0.7919893328354108,False,False,False
2.94,2.1238140044372065,0.8161859955627935,False,False,False
2.94,2.2640643768166253,0.6759356231833746,False,False,False
2.94,2.261713537808031,0.6782864621919691,False,False,False
2.94,2.1886111829799866,0.7513888170200134,False,False,False
2.94,2.213309756343745,0.7266902436562548,False,False,False
2.94,2.1886111829799866,0.7513888170200134,False,False,False
2.94,2.261713537808031,0.6782864621919691,False,False,False
2.94,2.1954308139711194,0.7445691860288806,False,False,False
2.94,2.2869783526387395,0.6530216473612604,False,False,False
2.94,2.213309756343745,0.7266902436562548,False,False,False
2.94,2.10180125693896,0.83819874306104,False,False,False
2.94,2.238729046280241,0.7012709537197588,False,False,False
2.94,2.2410633195056513,0.6989366804943486,False,False,False
2.94,2.1624724752510853,0.7775275247489146,False,False,False
2.94,2.2640643768166253,0.6759356231833746,False,False,False
2.94,2.1238140044372065,0.8161859955627935,False,False,False
2.94,2.1954308139711194,0.7445691860288806,False,False,False
2.94,2.1661418257323017,0.7738581742676982,False,False,False
2.94,2.2068209418774787,0.7331790581225213,False,False,False
2.94,2.2068209418774787,0.7331790581225213,False,False,False
2.94,2.1954308139711194,0.7445691860288806,False,False,False
2.94,2.191340763830598,0.7486592361694018,False,False,False
2.94,2.1845298617509386,0.7554701382490614,False,False,False
2.94,2.1842232649462128,0.7557767350537872,False,False,False
2.94,2.1401873110354916,0.7998126889645083,False,False,False
2.94,2.1886111829799866,0.7513888170200134,False,False,False
2.94,2.338896577597102,0.6011034224028982,False,False,False
2.94,2.2068209418774787,0.7331790581225213,False,False,False
2.94,2.2767513380681614,0.6632486619318385,False,False,False
2.94,2.174025346256584,0.7659746537434158,False,False,False
2.94,2.1238140044372065,0.8161859955627935,False,False,False
2.94,2.1870446507573034,0.7529553492426966,False,False,False
2.94,2.242752347003977,0.697247652996023,False,False,False
2.94,2.174025346256584,0.7659746537434158,False,False,False
2.94,2.1238140044372065,0.8161859955627935,False,False,False
2.94,2.2869783526387395,0.6530216473612604,False,False,False
2.94,2.2869783526387395,0.6530216473612604,False,False,False
2.94,2.3647592423572226,0.5752407576427774,False,False,False
2.94,2.2869783526387395,0.6530216473612604,False,False,False
2.94,2.213309756343745,0.7266902436562548,False,False,False
2.94,2.1729134004643784,0.7670865995356215,False,False,False
2.94,2.3647592423572226,0.5752407576427774,False,False,False
2.94,2.2869783526387395,0.6530216473612604,False,False,False
2.94,2.3839749607485032,0.5560250392514967,False,False,False
2.94,2.2869783526387395,0.6530216473612604,False,False,False
2.94,2.2869783526387395,0.6530216473612604,False,False,False
2.94,2.2869783526387395,0.6530216473612604,False,False,False
2.94,2.148010667164589,0.7919893328354108,False,False,False
2.94,2.1886111829799866,0.7513888170200134,False,False,False
2.94,2.261713537808031,0.6782864621919691,False,False,False
2.94,2.2869783526387395,0.6530216473612604,False,False,False
4.1,2.3527904551008967,1.747209544899103,True,False,True
4.1,2.2110403492472472,1.8889596507527524,True,False,True
4.1,2.163905731090741,1.9360942689092586,True,False,True
4.1,2.182280780518419,1.9177192194815809,True,False,True
4.1,2.322761306588502,1.7772386934114976,True,False,True
4.1,2.247977998106166,1.8520220018938338,True,False,True
4.1,2.348431581345997,1.7515684186540028,True,False,True
4.1,2.252453771331016,1.8475462286689837,True,False,True
4.1,2.3270197864421602,1.7729802135578394,True,False,True
4.1,2.252453771331016,1.8475462286689837,True,False,True
4.1,2.3527904551008967,1.747209544899103,True,False,True
4.1,2.3270197864421602,1.7729802135578394,True,False,True
4.1,2.3527904551008967,1.747209544899103,True,False,True
4.1,2.3527904551008967,1.747209544899103,True,False,True
4.1,2.3527904551008967,1.747209544899103,True,False,True
4.1,2.252453771331016,1.8475462286689837,True,False,True
4.1,2.3270197864421602,1.7729802135578394,True,False,True
4.1,2.3270197864421602,1.7729802135578394,True,False,True
4.1,2.3527904551008967,1.747209544899103,True,False,True
4.1,2.4321286790438776,1.667871320956122,True,False,False
4.1,2.277646861197926,1.8223531388020735,True,False,True
4.1,2.3527904551008967,1.747209544899103,True,False,True
4.1,2.252453771331016,1.8475462286689837,True,False,True
4.1,2.186359219305355,1.9136407806946445,True,False,True
4.1,2.23644168675421,1.8635583132457896,True,False,True
4.1,2.329417694108077,1.7705823058919226,True,False,True
4.1,2.2710281272503927,1.828971872749607,True,False,True
4.1,2.2710281272503927,1.828971872749607,True,False,True
4.1,2.252453771331016,1.8475462286689837,True,False,True
4.1,2.252453771331016,1.8475462286689837,True,False,True
4.1,2.252453771331016,1.8475462286689837,True,False,True
4.1,2.252453771331016,1.8475462286689837,True,False,True
4.1,2.252453771331016,1.8475462286689837,True,False,True
4.1,2.252453771331016,1.8475462286689837,True,False,True
4.1,2.3270197864421602,1.7729802135578394,True,False,True
4.1,2.252453771331016,1.8475462286689837,True,False,True
4.1,2.3527904551008967,1.747209544899103,True,False,True
4.1,2.186359219305355,1.9136407806946445,True,False,True
4.1,2.405748190264085,1.6942518097359147,True,False,False
4.1,2.252453771331016,1.8475462286689837,True,False,True
4.1,2.284656916933767,1.8153430830662325,True,False,True
4.1,2.284656916933767,1.8153430830662325,True,False,True
4.1,2.277646861197926,1.8223531388020735,True,False,True
4.1,2.3270197864421602,1.7729802135578394,True,False,True
4.1,2.3527904551008967,1.747209544899103,True,False,True
4.1,2.3527904551008967,1.747209544899103,True,False,True
4.1,2.3527904551008967,1.747209544899103,True,False,True
4.1,2.3527904551008967,1.747209544899103,True,False,True
4.1,2.284656916933767,1.8153430830662325,True,False,True
4.1,2.3527904551008967,1.747209544899103,True,False,True
4.1,2.3527904551008967,1.747209544899103,True,False,True
4.1,2.316353327481528,1.7836466725184716,True,False,True
4.1,2.2975215948694236,1.802478405130576,True,False,True
4.1,2.2236167007433503,1.8763832992566494,True,False,True
4.1,2.163905731090741,1.9360942689092586,True,False,True
4.1,2.1032559201330954,1.9967440798669043,True,False,True
4.1,2.305956108074949,1.7940438919250505,True,False,True
4.1,2.2710281272503927,1.828971872749607,True,False,True
4.1,2.3460199795298844,1.7539800204701153,True,False,True
4.1,2.252453771331016,1.8475462286689837,True,False,True
4.1,2.186359219305355,1.9136407806946445,True,False,True
4.1,2.163905731090741,1.9360942689092586,True,False,True
4.1,2.305956108074949,1.7940438919250505,True,False,True
4.1,2.2710281272503927,1.828971872749607,True,False,True
4.1,2.2710281272503927,1.828971872749607,True,False,True
4.1,2.252453771331016,1.8475462286689837,True,False,True
4.1,2.3270197864421602,1.7729802135578394,True,False,True
4.1,2.252453771331016,1.8475462286689837,True,False,True
4.1,2.3527904551008967,1.747209544899103,True,False,True
4.1,2.3527904551008967,1.747209544899103,True,False,True
4.1,2.3527904551008967,1.747209544899103,True,False,True
4.1,2.284656916933767,1.8153430830662325,True,False,True
4.1,2.4321286790438776,1.667871320956122,True,False,False
4.1,2.355206936652121,1.7447930633478785,True,False,False
4.1,2.3527904551008967,1.747209544899103,True,False,True
4.1,2.284656916933767,1.8153430830662325,True,False,True
4.1,2.277646861197926,1.8223531388020735,True,False,True
4.1,2.3270197864421602,1.7729802135578394,True,False,True
4.1,2.252453771331016,1.8475462286689837,True,False,True
4.1,2.186359219305355,1.9136407806946445,True,False,True
4.1,2.252453771331016,1.8475462286689837,True,False,True
4.1,2.252453771331016,1.8475462286689837,True,False,True
4.1,2.3270197864421602,1.7729802135578394,True,False,True
4.1,2.252453771331016,1.8475462286689837,True,False,True
4.1,2.252453771331016,1.8475462286689837,True,False,True
4.1,2.186359219305355,1.9136407806946445,True,False,True
4.1,2.252453771331016,1.8475462286689837,True,False,True
4.1,2.3527904551008967,1.747209544899103,True,False,True
4.1,2.277646861197926,1.8223531388020735,True,False,True
4.1,2.3527904551008967,1.747209544899103,True,False,True
4.1,2.252453771331016,1.8475462286689837,True,False,True
4.1,2.252453771331016,1.8475462286689837,True,False,True
4.1,2.210258115958794,1.8897418840412055,True,False,True
4.1,2.1886111829799866,1.911388817020013,True,False,True
4.1,2.1954308139711194,1.9045691860288803,True,False,True
4.1,2.238729046280241,1.8612709537197585,True,False,True
4.1,2.2869783526387395,1.8130216473612601,True,False,True
4.1,2.30574987411565,1.7942501258843495,True,False,True
4.1,2.2869783526387395,1.8130216473612601,True,False,True
4.1,2.213309756343745,1.8866902436562545,True,False,True
4.1,2.1886111829799866,1.911388817020013,True,False,True
4.1,2.261713537808031,1.8382864621919688,True,False,True
4.1,2.1886111829799866,1.911388817020013,True,False,True
4.1,2.1886111829799866,1.911388817020013,True,False,True
4.1,2.220182211322088,1.8798177886779115,True,False,True
4.1,2.220182211322088,1.8798177886779115,True,False,True
4.1,2.2638158261867614,1.8361841738132383,True,False,True
4.1,2.3527904551008967,1.747209544899103,True,False,True
4.1,2.252453771331016,1.8475462286689837,True,False,True
4.1,2.3270197864421602,1.7729802135578394,True,False,True
4.1,2.2594099454342085,1.8405900545657912,True,False,True
4.1,2.3527904551008967,1.747209544899103,True,False,True
4.1,2.3527904551008967,1.747209544899103,True,False,True
4.1,2.30574987411565,1.7942501258843495,True,False,True
4.1,2.309293083416252,1.7907069165837477,True,False,True
4.1,2.1360487254793954,1.9639512745206043,True,False,True
4.1,2.1360487254793954,1.9639512745206043,True,False,True
4.1,2.139187149625151,1.9608128503748485,True,False,True
4.1,2.1626259451060066,1.937374054893993,True,False,True
4.1,2.140339699426164,1.9596603005738356,True,False,True
4.1,2.1759449295960938,1.9240550704039059,True,False,True
4.1,2.108946465346171,1.9910535346538287,True,False,True
4.1,2.139187149625151,1.9608128503748485,True,False,True
4.1,2.2761549916633004,1.8238450083366993,True,False,True
4.1,2.2360296108778788,1.8639703891221209,True,False,True
4.1,2.2360296108778788,1.8639703891221209,True,False,True
4.1,2.2360296108778788,1.8639703891221209,True,False,True
4.1,2.139187149625151,1.9608128503748485,True,False,True
4.1,2.211156405114328,1.8888435948856714,True,False,True
4.1,2.211156405114328,1.8888435948856714,True,False,True
4.1,2.163502890763939,1.9364971092360608,True,False,True
4.1,2.1360487254793954,1.9639512745206043,True,False,True
4.1,2.1360487254793954,1.9639512745206043,True,False,True
4.1,2.1594640878617515,1.9405359121382482,True,False,True
4.1,2.1360487254793954,1.9639512745206043,True,False,True
4.1,2.2745341206631893,1.8254658793368104,True,False,True
4.1,2.126876717443263,1.9731232825567369,True,False,True
4.1,2.200013355648593,1.8999866443514066,True,False,True
4.1,2.176297475275476,1.9237025247245239,True,False,True
4.1,2.176297475275476,1.9237025247245239,True,False,True
4.1,2.3460199795298844,1.7539800204701153,True,False,True
4.1,2.3527904551008967,1.747209544899103,True,False,True
4.1,2.3527904551008967,1.747209544899103,True,False,True
4.1,2.3527904551008967,1.747209544899103,True,False,True
4.1,2.3527904551008967,1.747209544899103,True,False,True
4.1,2.3527904551008967,1.747209544899103,True,False,True
4.1,2.277646861197926,1.8223531388020735,True,False,True
4.1,2.186359219305355,1.9136407806946445,True,False,True
4.1,2.252453771331016,1.8475462286689837,True,False,True
4.1,2.252453771331016,1.8475462286689837,True,False,True
4.1,2.252453771331016,1.8475462286689837,True,False,True
4.1,2.3270197864421602,1.7729802135578394,True,False,True
4.1,2.3270197864421602,1.7729802135578394,True,False,True
4.1,2.252453771331016,1.8475462286689837,True,False,True
4.1,2.3270197864421602,1.7729802135578394,True,False,True
4.1,2.252453771331016,1.8475462286689837,True,False,True
4.1,2.1988389047581482,1.9011610952418514,True,False,True
4.1,2.247685890936875,1.8523141090631245,True,False,True
4.1,2.1988389047581482,1.9011610952418514,True,False,True
4.1,2.2615107490671384,1.8384892509328612,True,False,True
4.1,2.252453771331016,1.8475462286689837,True,False,True
4.1,2.2975215948694236,1.802478405130576,True,False,True
4.1,2.189483254157966,1.9105167458420338,True,False,True
4.1,2.2745341206631893,1.8254658793368104,True,False,True
4.1,2.1988389047581482,1.9011610952418514,True,False,True
4.1,2.2721757411531205,1.8278242588468792,True,False,True
4.1,2.1988389047581482,1.9011610952418514,True,False,True
4.1,2.1504946001041674,1.9495053998958323,True,False,True
4.1,2.1282938410230656,1.971706158976934,True,False,True
4.1,2.375551972924379,1.7244480270756206,True,False,False
4.1,2.2975215948694236,1.802478405130576,True,False,True
4.1,2.217107072893068,1.8828929271069317,True,False,True
4.1,2.1988389047581482,1.9011610952418514,True,False,True
4.1,2.2721757411531205,1.8278242588468792,True,False,True
4.1,2.1988389047581482,1.9011610952418514,True,False,True
4.1,2.2227230911067646,1.877276908893235,True,False,True
4.1,2.249117525056523,1.8508824749434765,True,False,True
4.1,2.2236167007433503,1.8763832992566494,True,False,True
4.1,2.1504946001041674,1.9495053998958323,True,False,True
4.1,2.2721757411531205,1.8278242588468792,True,False,True
1.57,2.1360487254793954,0.5660487254793953,False,False,False
1.57,2.084699995354897,0.5146999953548967,False,False,False
1.57,2.084699995354897,0.5146999953548967,False,False,False
1.57,2.279653517566928,0.7096535175669281,False,False,False
1.57,2.328192041524349,0.7581920415243488,False,False,False
1.57,2.25125645133859,0.6812564513385901,False,False,False
1.57,2.1125776867476014,0.5425776867476013,False,False,False
1.57,2.210013662545922,0.6400136625459221,False,False,False
1.57,2.137200123010744,0.5672001230107437,False,False,False
1.57,2.2068209418774787,0.6368209418774786,False,False,False
1.57,2.338896577597102,0.7688965775971017,False,False,False
1.57,2.1886111829799866,0.6186111829799865,False,False,False
1.57,2.220182211322088,0.6501822113220881,False,False,False
1.57,2.10180125693896,0.5318012569389599,False,False,False
1.57,2.197490380817619,0.6274903808176189,False,False,False
1.57,2.1661418257323017,0.5961418257323017,False,False,False
1.57,2.2640643768166253,0.6940643768166253,False,False,False
1.57,2.2068209418774787,0.6368209418774786,False,False,False
1.57,2.3647592423572226,0.7947592423572225,False,False,False
1.57,2.2869783526387395,0.7169783526387394,False,False,False
1.57,2.3647592423572226,0.7947592423572225,False,False,False
1.57,2.284656916933767,0.7146569169337671,False,False,False
1.57,2.220182211322088,0.6501822113220881,False,False,False
1.57,2.1258274117468057,0.5558274117468056,False,False,False
1.57,2.3527904551008967,0.7827904551008966,False,False,False
1.57,2.277646861197926,0.7076468611979261,False,False,False
1.57,2.2710281272503927,0.7010281272503927,False,False,False
1.57,2.186359219305355,0.6163592193053551,False,False,False
1.57,2.252453771331016,0.6824537713310159,False,False,False
1.57,2.252453771331016,0.6824537713310159,False,False,False
1.57,2.3270197864421602,0.7570197864421602,False,False,False
1.57,2.1988389047581482,0.6288389047581482,False,False,False
1.57,2.2236167007433503,0.6536167007433502,False,False,False
1.57,2.1504946001041674,0.5804946001041673,False,False,False
1.57,2.1775438998111114,0.6075438998111113,False,False,False
1.57,2.207946029205771,0.6379460292057708,False,False,False
1.57,2.1360487254793954,0.5660487254793953,False,False,False
1.57,2.220182211322088,0.6501822113220881,False,False,False
1.57,2.2869783526387395,0.7169783526387394,False,False,False
1.57,2.3647592423572226,0.7947592423572225,False,False,False
1.57,2.30574987411565,0.7357498741156501,False,False,False
1.57,2.2869783526387395,0.7169783526387394,False,False,False
1.57,2.213309756343745,0.6433097563437451,False,False,False
1.57,2.1258274117468057,0.5558274117468056,False,False,False
1.57,2.255238004033677,0.6852380040336767,False,False,False
1.57,2.1661418257323017,0.5961418257323017,False,False,False
1.57,2.1401873110354916,0.5701873110354916,False,False,False
1.57,2.1624724752510853,0.5924724752510853,False,False,False
1.57,2.1886111829799866,0.6186111829799865,False,False,False
1.57,2.1886111829799866,0.6186111829799865,False,False,False
1.57,2.1954308139711194,0.6254308139711193,False,False,False
1.57,2.261713537808031,0.6917135378080308,False,False,False
1.57,2.2869783526387395,0.7169783526387394,False,False,False
1.57,2.148010667164589,0.578010667164589,False,False,False
1.57,2.1886111829799866,0.6186111829799865,False,False,False
1.57,2.207946029205771,0.6379460292057708,False,False,False
1.57,2.1360487254793954,0.5660487254793953,False,False,False
1.57,2.1360487254793954,0.5660487254793953,False,False,False
1.57,2.232794367809184,0.6627943678091841,False,False,False
1.57,2.1360487254793954,0.5660487254793953,False,False,False
1.57,2.1886111829799866,0.6186111829799865,False,False,False
1.57,2.1886111829799866,0.6186111829799865,False,False,False
1.57,2.1886111829799866,0.6186111829799865,False,False,False
1.57,2.1886111829799866,0.6186111829799865,False,False,False
1.57,2.1886111829799866,0.6186111829799865,False,False,False
1.57,2.1886111829799866,0.6186111829799865,False,False,False
1.57,2.158622733631585,0.588622733631585,False,False,False
1.57,2.263072844970198,0.6930728449701979,False,False,False
1.57,2.1954308139711194,0.6254308139711193,False,False,False
1.57,2.0668883945586374,0.4968883945586373,False,False,False
1.57,2.0600109864644374,0.4900109864644373,False,False,False
1.57,2.109809775347016,0.5398097753470161,False,False,False
1.57,2.1197569970918217,0.5497569970918217,False,False,False
1.57,2.1048423877611975,0.5348423877611974,False,False,False
1.57,2.126876717443263,0.5568767174432627,False,False,False
1.57,2.210258115958794,0.6402581159587941,False,False,False
1.57,2.1886111829799866,0.6186111829799865,False,False,False
1.57,2.1886111829799866,0.6186111829799865,False,False,False
1.57,2.1886111829799866,0.6186111829799865,False,False,False
1.57,2.1886111829799866,0.6186111829799865,False,False,False
1.57,2.1886111829799866,0.6186111829799865,False,False,False
1.57,2.1954308139711194,0.6254308139711193,False,False,False
1.57,2.2869783526387395,0.7169783526387394,False,False,False
1.57,2.1886111829799866,0.6186111829799865,False,False,False
1.57,2.2068209418774787,0.6368209418774786,False,False,False
1.57,2.261713537808031,0.6917135378080308,False,False,False
1.57,2.1360487254793954,0.5660487254793953,False,False,False
1.57,2.088653373756997,0.5186533737569967,False,False,False
1.57,2.207946029205771,0.6379460292057708,False,False,False
1.57,2.252453771331016,0.6824537713310159,False,False,False
1.57,2.252453771331016,0.6824537713310159,False,False,False
1.57,2.252453771331016,0.6824537713310159,False,False,False
1.57,2.329417694108077,0.759417694108077,False,False,False
1.57,2.252453771331016,0.6824537713310159,False,False,False
1.57,2.252453771331016,0.6824537713310159,False,False,False
1.57,2.252453771331016,0.6824537713310159,False,False,False
1.57,2.252453771331016,0.6824537713310159,False,False,False
1.57,2.2594099454342085,0.6894099454342084,False,False,False
1.57,2.3527904551008967,0.7827904551008966,False,False,False
1.57,2.252453771331016,0.6824537713310159,False,False,False
1.57,2.2594099454342085,0.6894099454342084,False,False,False
1.57,2.252453771331016,0.6824537713310159,False,False,False
1.57,2.2594099454342085,0.6894099454342084,False,False,False
1.57,2.2227230911067646,0.6527230911067645,False,False,False
1.57,2.3527904551008967,0.7827904551008966,False,False,False
1.57,2.2110403492472472,0.6410403492472472,False,False,False
1.57,2.277646861197926,0.7076468611979261,False,False,False
1.57,2.3270197864421602,0.7570197864421602,False,False,False
1.57,2.252453771331016,0.6824537713310159,False,False,False
1.57,2.2594099454342085,0.6894099454342084,False,False,False
1.57,2.252453771331016,0.6824537713310159,False,False,False
1.57,2.252453771331016,0.6824537713310159,False,False,False
1.57,2.1988389047581482,0.6288389047581482,False,False,False
1.57,2.1988389047581482,0.6288389047581482,False,False,False
1.57,2.1504946001041674,0.5804946001041673,False,False,False
1.57,2.405748190264085,0.8357481902640849,False,False,False
1.57,2.252453771331016,0.6824537713310159,False,False,False
1.57,2.2594099454342085,0.6894099454342084,False,False,False
1.57,2.2345837626607747,0.6645837626607747,False,False,False
1.57,2.1988389047581482,0.6288389047581482,False,False,False
1.57,2.1988389047581482,0.6288389047581482,False,False,False
1.57,2.1988389047581482,0.6288389047581482,False,False,False
1.57,2.252453771331016,0.6824537713310159,False,False,False
1.57,2.2594099454342085,0.6894099454342084,False,False,False
1.57,2.4321286790438776,0.8621286790438776,False,False,False
1.57,2.3527904551008967,0.7827904551008966,False,False,False
1.57,2.277646861197926,0.7076468611979261,False,False,False
1.57,2.284656916933767,0.7146569169337671,False,False,False
1.57,2.4321286790438776,0.8621286790438776,False,False,False
1.57,2.277646861197926,0.7076468611979261,False,False,False
1.57,2.252453771331016,0.6824537713310159,False,False,False
1.57,2.252453771331016,0.6824537713310159,False,False,False
1.57,2.252453771331016,0.6824537713310159,False,False,False
1.57,2.3270197864421602,0.7570197864421602,False,False,False
1.57,2.252453771331016,0.6824537713310159,False,False,False
1.57,2.186359219305355,0.6163592193053551,False,False,False
1.57,2.252453771331016,0.6824537713310159,False,False,False
1.57,2.2594099454342085,0.6894099454342084,False,False,False
1.57,2.284656916933767,0.7146569169337671,False,False,False
1.57,2.2345837626607747,0.6645837626607747,False,False,False
1.57,2.252453771331016,0.6824537713310159,False,False,False
1.57,2.3270197864421602,0.7570197864421602,False,False,False
1.57,2.3527904551008967,0.7827904551008966,False,False,False
1.57,2.3527904551008967,0.7827904551008966,False,False,False
1.57,2.2110403492472472,0.6410403492472472,False,False,False
1.57,2.252453771331016,0.6824537713310159,False,False,False
1.57,2.3270197864421602,0.7570197864421602,False,False,False
1.57,2.3270197864421602,0.7570197864421602,False,False,False
1.57,2.3527904551008967,0.7827904551008966,False,False,False
1.57,2.277646861197926,0.7076468611979261,False,False,False
1.57,2.252453771331016,0.6824537713310159,False,False,False
1.57,2.1988389047581482,0.6288389047581482,False,False,False
1.57,2.2721757411531205,0.7021757411531204,False,False,False
1.57,2.1504946001041674,0.5804946001041673,False,False,False
1.57,2.1988389047581482,0.6288389047581482,False,False,False
1.57,2.2721757411531205,0.7021757411531204,False,False,False
1.57,2.2975215948694236,0.7275215948694236,False,False,False
1.57,2.2975215948694236,0.7275215948694236,False,False,False
1.57,2.2236167007433503,0.6536167007433502,False,False,False
1.57,2.174897927304468,0.6048979273044679,False,False,False
1.57,2.1988389047581482,0.6288389047581482,False,False,False
1.57,2.2721757411531205,0.7021757411531204,False,False,False
1.57,2.1988389047581482,0.6288389047581482,False,False,False
1.57,2.2721757411531205,0.7021757411531204,False,False,False
1.57,2.1988389047581482,0.6288389047581482,False,False,False
1.57,2.2227230911067646,0.6527230911067645,False,False,False
1.57,2.1988389047581482,0.6288389047581482,False,False,False
1.57,2.3527904551008967,0.7827904551008966,False,False,False
1.57,2.252453771331016,0.6824537713310159,False,False,False
1.57,2.3527904551008967,0.7827904551008966,False,False,False
1.57,2.252453771331016,0.6824537713310159,False,False,False
1.57,2.2594099454342085,0.6894099454342084,False,False,False
1.57,2.252453771331016,0.6824537713310159,False,False,False
1.57,2.083427747044067,0.5134277470440669,False,False,False
1.57,2.3460199795298844,0.7760199795298843,False,False,False
1.57,2.2594099454342085,0.6894099454342084,False,False,False
1.57,2.2615107490671384,0.6915107490671384,False,False,False
1.57,2.4321286790438776,0.8621286790438776,False,False,False
1.57,2.2710281272503927,0.7010281272503927,False,False,False
1.57,2.2710281272503927,0.7010281272503927,False,False,False
4.18,2.163453521835504,2.0165464781644955,True,False,True
4.18,2.105458915510518,2.0745410844894816,True,False,True
4.18,1.9899982897086854,2.1900017102913143,True,False,True
4.18,2.0591918460832073,2.1208081539167924,True,False,True
4.18,2.0854375837052292,2.0945624162947705,True,False,True
4.18,2.0854375837052292,2.0945624162947705,True,False,True
4.18,2.0591918460832073,2.1208081539167924,True,False,True
4.18,1.9878247626997845,2.1921752373002152,True,False,True
4.18,2.0591918460832073,2.1208081539167924,True,False,True
4.18,2.0591918460832073,2.1208081539167924,True,False,True
4.18,2.0591918460832073,2.1208081539167924,True,False,True
4.18,2.034575884815787,2.1454241151842126,True,False,True
4.18,2.008762793380197,2.1712372066198027,True,False,True
4.18,2.008762793380197,2.1712372066198027,True,False,True
4.18,2.008762793380197,2.1712372066198027,True,False,True
4.18,2.034575884815787,2.1454241151842126,True,False,True
4.18,2.034575884815787,2.1454241151842126,True,False,True
4.18,2.008762793380197,2.1712372066198027,True,False,True
4.18,2.034575884815787,2.1454241151842126,True,False,True
4.18,1.9878247626997845,2.1921752373002152,True,False,True
4.18,2.0591918460832073,2.1208081539167924,True,False,True
4.18,2.0854375837052292,2.0945624162947705,True,False,True
4.18,2.0591918460832073,2.1208081539167924,True,False,True
4.18,1.927106891624697,2.2528931083753028,True,False,True
4.18,2.008762793380197,2.1712372066198027,True,False,True
4.18,2.0591918460832073,2.1208081539167924,True,False,True
4.18,2.0591918460832073,2.1208081539167924,True,False,True
4.18,2.0591918460832073,2.1208081539167924,True,False,True
4.18,2.0591918460832073,2.1208081539167924,True,False,True
4.18,2.0854375837052292,2.0945624162947705,True,False,True
4.18,1.9878247626997845,2.1921752373002152,True,False,True
4.18,2.0591918460832073,2.1208081539167924,True,False,True
4.18,2.0591918460832073,2.1208081539167924,True,False,True
4.18,2.0591918460832073,2.1208081539167924,True,False,True
4.18,1.9878247626997845,2.1921752373002152,True,False,True
4.18,2.0591918460832073,2.1208081539167924,True,False,True
4.18,2.0591918460832073,2.1208081539167924,True,False,True
4.18,2.008762793380197,2.1712372066198027,True,False,True
4.18,2.008762793380197,2.1712372066198027,True,False,True
4.18,2.034575884815787,2.1454241151842126,True,False,True
4.18,2.008762793380197,2.1712372066198027,True,False,True
4.18,2.034575884815787,2.1454241151842126,True,False,True
4.18,2.008762793380197,2.1712372066198027,True,False,True
4.18,2.0854375837052292,2.0945624162947705,True,False,True
4.18,2.0591918460832073,2.1208081539167924,True,False,True
4.18,2.0591918460832073,2.1208081539167924,True,False,True
4.18,2.0591918460832073,2.1208081539167924,True,False,True
4.18,2.0591918460832073,2.1208081539167924,True,False,True
4.18,2.0854375837052292,2.0945624162947705,True,False,True
4.18,2.0591918460832073,2.1208081539167924,True,False,True
4.18,2.0591918460832073,2.1208081539167924,True,False,True
4.18,2.0591918460832073,2.1208081539167924,True,False,True
4.18,2.008762793380197,2.1712372066198027,True,False,True
4.18,2.008762793380197,2.1712372066198027,True,False,True
4.18,2.008762793380197,2.1712372066198027,True,False,True
4.18,2.034575884815787,2.1454241151842126,True,False,True
4.18,1.9541947825315513,2.2258052174684484,True,False,True
4.18,2.008762793380197,2.1712372066198027,True,False,True
4.18,2.008762793380197,2.1712372066198027,True,False,True
4.18,1.9878247626997845,2.1921752373002152,True,False,True
4.18,1.9878247626997845,2.1921752373002152,True,False,True
4.18,2.0591918460832073,2.1208081539167924,True,False,True
4.18,2.0591918460832073,2.1208081539167924,True,False,True
4.18,2.0854375837052292,2.0945624162947705,True,False,True
4.18,1.927106891624697,2.2528931083753028,True,False,True
4.18,2.0591918460832073,2.1208081539167924,True,False,True
4.18,2.0591918460832073,2.1208081539167924,True,False,True
4.18,2.0591918460832073,2.1208081539167924,True,False,True
4.18,2.0591918460832073,2.1208081539167924,True,False,True
4.18,2.0591918460832073,2.1208081539167924,True,False,True
4.18,2.0591918460832073,2.1208081539167924,True,False,True
4.18,1.9878247626997845,2.1921752373002152,True,False,True
4.18,2.0854375837052292,2.0945624162947705,True,False,True
4.18,2.0591918460832073,2.1208081539167924,True,False,True
4.18,2.0591918460832073,2.1208081539167924,True,False,True
4.18,2.0591918460832073,2.1208081539167924,True,False,True
4.18,2.0591918460832073,2.1208081539167924,True,False,True
4.18,2.0591918460832073,2.1208081539167924,True,False,True
4.18,2.0591918460832073,2.1208081539167924,True,False,True
4.18,2.034575884815787,2.1454241151842126,True,False,True
4.18,2.008762793380197,2.1712372066198027,True,False,True
4.18,1.9541947825315513,2.2258052174684484,True,False,True
4.18,1.9541947825315513,2.2258052174684484,True,False,True
4.18,2.008762793380197,2.1712372066198027,True,False,True
4.18,2.008762793380197,2.1712372066198027,True,False,True
4.18,2.0591918460832073,2.1208081539167924,True,False,True
4.18,1.9878247626997845,2.1921752373002152,True,False,True
4.18,1.9878247626997845,2.1921752373002152,True,False,True
4.18,1.997023669949411,2.1829763300505887,True,False,True
4.18,2.0591918460832073,2.1208081539167924,True,False,True
4.18,2.0591918460832073,2.1208081539167924,True,False,True
4.18,2.008762793380197,2.1712372066198027,True,False,True
4.18,2.034575884815787,2.1454241151842126,True,False,True
4.18,2.008762793380197,2.1712372066198027,True,False,True
4.18,2.008762793380197,2.1712372066198027,True,False,True
4.18,2.034575884815787,2.1454241151842126,True,False,True
4.18,2.0591918460832073,2.1208081539167924,True,False,True
4.18,2.0854375837052292,2.0945624162947705,True,False,True
4.18,2.0591918460832073,2.1208081539167924,True,False,True
4.18,2.0591918460832073,2.1208081539167924,True,False,True
4.18,2.0591918460832073,2.1208081539167924,True,False,True
4.18,2.0591918460832073,2.1208081539167924,True,False,True
4.18,2.0591918460832073,2.1208081539167924,True,False,True
4.18,2.0591918460832073,2.1208081539167924,True,False,True
4.18,2.0591918460832073,2.1208081539167924,True,False,True
4.18,2.0591918460832073,2.1208081539167924,True,False,True
4.18,1.9878247626997845,2.1921752373002152,True,False,True
4.18,2.008762793380197,2.1712372066198027,True,False,True
4.18,2.008762793380197,2.1712372066198027,True,False,True
4.18,2.008762793380197,2.1712372066198027,True,False,True
4.18,1.9541947825315513,2.2258052174684484,True,False,True
4.18,2.0591918460832073,2.1208081539167924,True,False,True
4.18,2.0854375837052292,2.0945624162947705,True,False,True
4.18,2.0116578197846637,2.168342180215336,True,False,True
4.18,1.9050004660016064,2.2749995339983933,True,False,True
4.18,2.0360878736229915,2.1439121263770082,True,False,True
4.18,2.0360878736229915,2.1439121263770082,True,False,True
4.18,2.0360878736229915,2.1439121263770082,True,False,True
4.18,1.986039676879158,2.1939603231208418,True,False,True
4.18,1.986039676879158,2.1939603231208418,True,False,True
4.18,1.9318837806945428,2.248116219305457,True,False,True
4.18,1.872302729079423,2.3076972709205767,True,False,True
4.18,1.986039676879158,2.1939603231208418,True,False,True
4.18,1.986039676879158,2.1939603231208418,True,False,True
4.18,2.0360878736229915,2.1439121263770082,True,False,True
4.18,2.0360878736229915,2.1439121263770082,True,False,True
4.18,2.0360878736229915,2.1439121263770082,True,False,True
4.18,1.9652597767471223,2.2147402232528774,True,False,True
4.18,2.0360878736229915,2.1439121263770082,True,False,True
4.18,2.0360878736229915,2.1439121263770082,True,False,True
4.18,2.0621353952357775,2.1178646047642222,True,False,True
4.18,2.0360878736229915,2.1439121263770082,True,False,True
4.18,2.0360878736229915,2.1439121263770082,True,False,True
4.18,2.0591918460832073,2.1208081539167924,True,False,True
4.18,2.008762793380197,2.1712372066198027,True,False,True
4.18,2.0591918460832073,2.1208081539167924,True,False,True
4.18,1.9878247626997845,2.1921752373002152,True,False,True
4.18,1.927106891624697,2.2528931083753028,True,False,True
4.18,1.997023669949411,2.1829763300505887,True,False,True
4.18,2.0591918460832073,2.1208081539167924,True,False,True
4.18,2.0854375837052292,2.0945624162947705,True,False,True
4.18,2.008762793380197,2.1712372066198027,True,False,True
4.18,2.008762793380197,2.1712372066198027,True,False,True
4.18,2.008762793380197,2.1712372066198027,True,False,True
4.18,2.008762793380197,2.1712372066198027,True,False,True
4.18,1.9541947825315513,2.2258052174684484,True,False,True
4.18,2.0591918460832073,2.1208081539167924,True,False,True
4.18,2.0591918460832073,2.1208081539167924,True,False,True
4.18,2.0591918460832073,2.1208081539167924,True,False,True
4.18,2.0591918460832073,2.1208081539167924,True,False,True
4.18,2.0591918460832073,2.1208081539167924,True,False,True
4.18,1.9878247626997845,2.1921752373002152,True,False,True
4.18,2.0854375837052292,2.0945624162947705,True,False,True
4.18,1.927106891624697,2.2528931083753028,True,False,True
4.18,1.927106891624697,2.2528931083753028,True,False,True
4.18,2.0591918460832073,2.1208081539167924,True,False,True
4.18,2.0591918460832073,2.1208081539167924,True,False,True
4.18,2.0591918460832073,2.1208081539167924,True,False,True
4.18,2.0854375837052292,2.0945624162947705,True,False,True
4.18,2.0854375837052292,2.0945624162947705,True,False,True
4.18,2.0591918460832073,2.1208081539167924,True,False,True
4.18,2.0591918460832073,2.1208081539167924,True,False,True
4.18,2.0591918460832073,2.1208081539167924,True,False,True
4.18,2.0591918460832073,2.1208081539167924,True,False,True
4.18,2.0591918460832073,2.1208081539167924,True,False,True
4.18,1.927106891624697,2.2528931083753028,True,False,True
4.18,2.0591918460832073,2.1208081539167924,True,False,True
4.18,1.927106891624697,2.2528931083753028,True,False,True
4.18,2.0591918460832073,2.1208081539167924,True,False,True
4.18,2.0591918460832073,2.1208081539167924,True,False,True
4.18,2.0854375837052292,2.0945624162947705,True,False,True
4.18,2.0591918460832073,2.1208081539167924,True,False,True
4.18,2.0591918460832073,2.1208081539167924,True,False,True
4.18,1.9878247626997845,2.1921752373002152,True,False,True
4.18,2.0591918460832073,2.1208081539167924,True,False,True
4.18,1.9878247626997845,2.1921752373002152,True,False,True
4.18,2.0591918460832073,2.1208081539167924,True,False,True
4.18,2.034575884815787,2.1454241151842126,True,False,True
4.18,2.008762793380197,2.1712372066198027,True,False,True
4.18,2.008762793380197,2.1712372066198027,True,False,True
3.24,1.7979346059895,1.4420653940105002,True,False,False
3.24,1.7756680574243306,1.4643319425756696,True,False,False
3.24,1.7049939450520757,1.5350060549479245,True,False,False
3.24,1.7770773442262366,1.4629226557737636,True,False,False
3.24,1.7770773442262366,1.4629226557737636,True,False,False
3.24,1.7770773442262366,1.4629226557737636,True,False,False
3.24,1.7770773442262366,1.4629226557737636,True,False,False
3.24,1.7770773442262366,1.4629226557737636,True,False,False
3.24,1.7770773442262366,1.4629226557737636,True,False,False
3.24,1.7770773442262366,1.4629226557737636,True,False,False
3.24,1.7770773442262366,1.4629226557737636,True,False,False
3.24,1.7770773442262366,1.4629226557737636,True,False,False
3.24,1.7770773442262366,1.4629226557737636,True,False,False
3.24,1.7770773442262366,1.4629226557737636,True,False,False
3.24,1.7770773442262366,1.4629226557737636,True,False,False
3.24,1.7770773442262366,1.4629226557737636,True,False,False
3.24,1.7770773442262366,1.4629226557737636,True,False,False
3.24,1.7770773442262366,1.4629226557737636,True,False,False
3.24,1.7770773442262366,1.4629226557737636,True,False,False
3.24,1.7770773442262366,1.4629226557737636,True,False,False
3.24,1.7770773442262366,1.4629226557737636,True,False,False
3.24,1.7770773442262366,1.4629226557737636,True,False,False
3.24,1.7770773442262366,1.4629226557737636,True,False,False
3.24,1.7770773442262366,1.4629226557737636,True,False,False
3.24,1.7770773442262366,1.4629226557737636,True,False,False
3.24,1.7770773442262366,1.4629226557737636,True,False,False
3.24,1.7770773442262366,1.4629226557737636,True,False,False
3.24,1.7770773442262366,1.4629226557737636,True,False,False
3.24,1.7770773442262366,1.4629226557737636,True,False,False
3.24,1.7770773442262366,1.4629226557737636,True,False,False
3.24,1.7770773442262366,1.4629226557737636,True,False,False
3.24,1.7770773442262366,1.4629226557737636,True,False,False
3.24,1.7770773442262366,1.4629226557737636,True,False,False
3.24,1.7770773442262366,1.4629226557737636,True,False,False
3.24,1.7770773442262366,1.4629226557737636,True,False,False
3.24,1.7770773442262366,1.4629226557737636,True,False,False
3.24,1.7770773442262366,1.4629226557737636,True,False,False
3.24,1.7770773442262366,1.4629226557737636,True,False,False
3.24,1.7770773442262366,1.4629226557737636,True,False,False
3.24,1.7770773442262366,1.4629226557737636,True,False,False
3.24,1.7770773442262366,1.4629226557737636,True,False,False
3.24,1.7770773442262366,1.4629226557737636,True,False,False
3.24,1.7770773442262366,1.4629226557737636,True,False,False
3.24,1.756103988611733,1.4838960113882673,True,False,False
3.24,1.756103988611733,1.4838960113882673,True,False,False
3.24,1.756103988611733,1.4838960113882673,True,False,False
3.24,1.6890664289638377,1.5509335710361625,True,False,False
3.24,1.6774041181661068,1.5625958818338934,True,False,False
3.24,1.7441509401634505,1.4958490598365497,True,False,False
3.24,1.6890664289638377,1.5509335710361625,True,False,False
3.24,1.7441509401634505,1.4958490598365497,True,False,False
3.24,1.756103988611733,1.4838960113882673,True,False,False
3.24,1.756103988611733,1.4838960113882673,True,False,False
3.24,1.756103988611733,1.4838960113882673,True,False,False
3.24,1.756103988611733,1.4838960113882673,True,False,False
3.24,1.756103988611733,1.4838960113882673,True,False,False
3.24,1.756103988611733,1.4838960113882673,True,False,False
3.24,1.756103988611733,1.4838960113882673,True,False,False
3.24,1.756103988611733,1.4838960113882673,True,False,False
3.24,1.756103988611733,1.4838960113882673,True,False,False
3.24,1.756103988611733,1.4838960113882673,True,False,False
3.24,1.756103988611733,1.4838960113882673,True,False,False
3.24,1.756103988611733,1.4838960113882673,True,False,False
3.24,1.756103988611733,1.4838960113882673,True,False,False
3.24,1.756103988611733,1.4838960113882673,True,False,False
3.24,1.756103988611733,1.4838960113882673,True,False,False
3.24,1.756103988611733,1.4838960113882673,True,False,False
3.24,1.756103988611733,1.4838960113882673,True,False,False
3.24,1.756103988611733,1.4838960113882673,True,False,False
3.24,1.756103988611733,1.4838960113882673,True,False,False
3.24,1.756103988611733,1.4838960113882673,True,False,False
3.24,1.756103988611733,1.4838960113882673,True,False,False
3.24,1.756103988611733,1.4838960113882673,True,False,False
3.24,1.756103988611733,1.4838960113882673,True,False,False
3.24,1.756103988611733,1.4838960113882673,True,False,False
3.24,1.756103988611733,1.4838960113882673,True,False,False
3.24,1.756103988611733,1.4838960113882673,True,False,False
3.24,1.756103988611733,1.4838960113882673,True,False,False
3.24,1.756103988611733,1.4838960113882673,True,False,False
3.24,1.756103988611733,1.4838960113882673,True,False,False
3.24,1.756103988611733,1.4838960113882673,True,False,False
3.24,1.756103988611733,1.4838960113882673,True,False,False
3.24,1.756103988611733,1.4838960113882673,True,False,False
3.24,1.756103988611733,1.4838960113882673,True,False,False
3.24,1.756103988611733,1.4838960113882673,True,False,False
3.24,1.756103988611733,1.4838960113882673,True,False,False
3.24,1.756103988611733,1.4838960113882673,True,False,False
3.24,1.756103988611733,1.4838960113882673,True,False,False
3.24,1.756103988611733,1.4838960113882673,True,False,False
3.24,1.7770773442262366,1.4629226557737636,True,False,False
3.24,1.7095296432397582,1.530470356760242,True,False,False
3.24,1.7650333356629435,1.4749666643370567,True,False,False
3.24,1.7770773442262366,1.4629226557737636,True,False,False
3.24,1.7095296432397582,1.530470356760242,True,False,False
3.24,1.6977785847776943,1.542221415222306,True,False,False
3.24,1.7650333356629435,1.4749666643370567,True,False,False
3.24,1.7770773442262366,1.4629226557737636,True,False,False
3.24,1.7770773442262366,1.4629226557737636,True,False,False
3.24,1.7770773442262366,1.4629226557737636,True,False,False
3.24,1.7770773442262366,1.4629226557737636,True,False,False
3.24,1.7770773442262366,1.4629226557737636,True,False,False
3.24,1.7770773442262366,1.4629226557737636,True,False,False
3.24,1.7770773442262366,1.4629226557737636,True,False,False
3.24,1.7770773442262366,1.4629226557737636,True,False,False
3.24,1.7770773442262366,1.4629226557737636,True,False,False
3.24,1.7770773442262366,1.4629226557737636,True,False,False
3.24,1.7095296432397582,1.530470356760242,True,False,False
3.24,1.7650333356629435,1.4749666643370567,True,False,False
3.24,1.7770773442262366,1.4629226557737636,True,False,False
3.24,1.7770773442262366,1.4629226557737636,True,False,False
3.24,1.7770773442262366,1.4629226557737636,True,False,False
3.24,1.7770773442262366,1.4629226557737636,True,False,False
3.24,1.7770773442262366,1.4629226557737636,True,False,False
3.24,1.7770773442262366,1.4629226557737636,True,False,False
3.24,1.7095296432397582,1.530470356760242,True,False,False
3.24,1.7650333356629435,1.4749666643370567,True,False,False
3.24,1.8125762570077044,1.4274237429922958,True,False,False
3.24,1.7770773442262366,1.4629226557737636,True,False,False
3.24,1.7770773442262366,1.4629226557737636,True,False,False
3.24,1.7770773442262366,1.4629226557737636,True,False,False
3.24,1.7770773442262366,1.4629226557737636,True,False,False
3.24,1.7770773442262366,1.4629226557737636,True,False,False
3.24,1.7770773442262366,1.4629226557737636,True,False,False
3.24,1.7770773442262366,1.4629226557737636,True,False,False
3.24,1.7770773442262366,1.4629226557737636,True,False,False
3.24,1.7770773442262366,1.4629226557737636,True,False,False
3.24,1.7770773442262366,1.4629226557737636,True,False,False
3.24,1.7095296432397582,1.530470356760242,True,False,False
3.24,1.6977785847776943,1.542221415222306,True,False,False
3.24,1.6977785847776943,1.542221415222306,True,False,False
3.24,1.7650333356629435,1.4749666643370567,True,False,False
3.24,1.7770773442262366,1.4629226557737636,True,False,False
3.24,1.7770773442262366,1.4629226557737636,True,False,False
3.24,1.7095296432397582,1.530470356760242,True,False,False
3.24,1.6977785847776943,1.542221415222306,True,False,False
3.24,1.7650333356629435,1.4749666643370567,True,False,False
3.24,1.7770773442262366,1.4629226557737636,True,False,False
3.24,1.7770773442262366,1.4629226557737636,True,False,False
3.24,1.7770773442262366,1.4629226557737636,True,False,False
3.24,1.7770773442262366,1.4629226557737636,True,False,False
3.24,1.7770773442262366,1.4629226557737636,True,False,False
3.24,1.7770773442262366,1.4629226557737636,True,False,False
3.24,1.7770773442262366,1.4629226557737636,True,False,False
3.24,1.7770773442262366,1.4629226557737636,True,False,False
3.24,1.7770773442262366,1.4629226557737636,True,False,False
3.24,1.7095296432397582,1.530470356760242,True,False,False
3.24,1.6977785847776943,1.542221415222306,True,False,False
3.24,1.6977785847776943,1.542221415222306,True,False,False
3.24,1.7650333356629435,1.4749666643370567,True,False,False
3.24,1.7770773442262366,1.4629226557737636,True,False,False
3.24,1.7770773442262366,1.4629226557737636,True,False,False
3.24,1.7770773442262366,1.4629226557737636,True,False,False
3.24,1.7770773442262366,1.4629226557737636,True,False,False
3.24,1.7770773442262366,1.4629226557737636,True,False,False
3.24,1.7770773442262366,1.4629226557737636,True,False,False
3.24,1.7770773442262366,1.4629226557737636,True,False,False
3.24,1.7770773442262366,1.4629226557737636,True,False,False
3.24,1.7770773442262366,1.4629226557737636,True,False,False
3.24,1.7095296432397582,1.530470356760242,True,False,False
3.24,1.7650333356629435,1.4749666643370567,True,False,False
3.24,1.7095296432397582,1.530470356760242,True,False,False
3.24,1.7650333356629435,1.4749666643370567,True,False,False
3.24,1.7770773442262366,1.4629226557737636,True,False,False
3.24,1.7770773442262366,1.4629226557737636,True,False,False
3.24,1.7770773442262366,1.4629226557737636,True,False,False
3.24,1.7095296432397582,1.530470356760242,True,False,False
3.24,1.6977785847776943,1.542221415222306,True,False,False
3.24,1.6977785847776943,1.542221415222306,True,False,False
3.24,1.7650333356629435,1.4749666643370567,True,False,False
3.24,1.6436015033703795,1.5963984966296207,True,False,False
3.24,1.7546069782201488,1.4853930217798514,True,False,False
3.24,1.7770773442262366,1.4629226557737636,True,False,False
3.24,1.7770773442262366,1.4629226557737636,True,False,False
3.24,1.7770773442262366,1.4629226557737636,True,False,False
3.24,1.7770773442262366,1.4629226557737636,True,False,False
3.24,1.7770773442262366,1.4629226557737636,True,False,False
3.24,1.7095296432397582,1.530470356760242,True,False,False
3.24,1.7650333356629435,1.4749666643370567,True,False,False
3.24,1.7770773442262366,1.4629226557737636,True,False,False
3.24,1.7095296432397582,1.530470356760242,True,False,False
2.34,2.1402187229497303,0.1997812770502696,False,False,False
2.34,2.5614876912433595,0.22148769124335965,False,False,False
2.34,2.6449883228679947,0.3049883228679948,False,False,False
2.34,2.5614876912433595,0.22148769124335965,False,False,False
2.34,2.7361374797785825,0.3961374797785826,False,False,False
2.34,2.557627815039013,0.21762781503901296,False,False,False
2.34,2.5599210763825413,0.21992107638254144,False,False,False
2.34,2.504225256419416,0.164225256419416,False,False,False
2.34,2.523829886975482,0.1838298869754822,False,False,False
2.34,2.5614876912433595,0.22148769124335965,False,False,False
2.34,2.6465923732813583,0.30659237328135847,False,False,False
2.34,2.6465923732813583,0.30659237328135847,False,False,False
2.34,2.7361374797785825,0.3961374797785826,False,False,False
2.34,2.581071939423805,0.24107193942380523,False,False,False
2.34,2.504225256419416,0.164225256419416,False,False,False
2.34,2.58828070736541,0.24828070736541008,False,False,False
2.34,2.5614876912433595,0.22148769124335965,False,False,False
2.34,2.843916659466751,0.5039166594667512,False,False,False
2.34,2.662421890521891,0.3224218905218912,False,False,False
2.34,2.6489429815405767,0.30894298154057687,False,False,False
2.34,2.8083419465075483,0.46834194650754846,False,False,False
2.34,2.5584473257830127,0.21844732578301285,False,False,False
2.34,2.581390428634823,0.24139042863482318,False,False,False
2.34,2.4745994002847773,0.13459940028477746,False,False,False
2.34,2.498456557775811,0.15845655777581102,False,False,False
2.34,2.611117438069188,0.2711174380691883,False,False,False
2.34,2.6465923732813583,0.30659237328135847,False,False,False
2.34,2.6915758301650348,0.3515758301650349,False,False,False
2.34,2.6095289922473626,0.2695289922473627,False,False,False
2.34,2.6489429815405767,0.30894298154057687,False,False,False
2.34,2.9477967119499926,0.6077967119499927,False,False,False
2.34,2.612326314021023,0.27232631402102303,False,False,False
2.34,2.6134451790410393,0.2734451790410395,False,False,False
2.34,2.858178310888968,0.5181783108889682,False,False,False
2.34,2.6465923732813583,0.30659237328135847,False,False,False
2.34,2.581071939423805,0.24107193942380523,False,False,False
2.34,2.6134451790410393,0.2734451790410395,False,False,False
2.34,2.7361374797785825,0.3961374797785826,False,False,False
2.34,2.582055058959826,0.24205505895982604,False,False,False
2.34,2.6095289922473626,0.2695289922473627,False,False,False
2.34,2.601809324829625,0.26180932482962493,False,False,False
2.34,2.6235312988512787,0.2835312988512788,False,False,False
2.34,2.5614876912433595,0.22148769124335965,False,False,False
2.34,2.557627815039013,0.21762781503901296,False,False,False
2.34,2.4745994002847773,0.13459940028477746,False,False,False
2.34,2.5667700499764416,0.2267700499764418,False,False,False
2.34,2.4756300086010463,0.13563000860104646,False,False,False
2.34,2.523829886975482,0.1838298869754822,False,False,False
2.34,2.5584473257830127,0.21844732578301285,False,False,False
2.34,2.3812536087401277,0.041253608740127845,False,False,False
2.34,2.4407976544366567,0.10079765443665689,False,False,False
2.34,2.4745994002847773,0.13459940028477746,False,False,False
2.34,2.4745994002847773,0.13459940028477746,False,False,False
2.34,2.5154837007539084,0.1754837007539085,False,False,False
2.34,2.495554190253347,0.15555419025334727,False,False,False
2.34,2.5614876912433595,0.22148769124335965,False,False,False
2.34,2.6465923732813583,0.30659237328135847,False,False,False
2.34,2.557627815039013,0.21762781503901296,False,False,False
2.34,2.601809324829625,0.26180932482962493,False,False,False
2.34,2.6235312988512787,0.2835312988512788,False,False,False
2.34,2.5584473257830127,0.21844732578301285,False,False,False
2.34,2.5170633678259082,0.17706336782590837,False,False,False
2.34,2.5614876912433595,0.22148769124335965,False,False,False
2.34,2.611117438069188,0.2711174380691883,False,False,False
2.34,2.5994890795449224,0.2594890795449225,False,False,False
2.34,2.581390428634823,0.24139042863482318,False,False,False
2.34,2.601809324829625,0.26180932482962493,False,False,False
2.34,2.495554190253347,0.15555419025334727,False,False,False
2.34,2.4745994002847773,0.13459940028477746,False,False,False
2.34,2.4745994002847773,0.13459940028477746,False,False,False
2.34,2.5614876912433595,0.22148769124335965,False,False,False
2.34,2.557627815039013,0.21762781503901296,False,False,False
2.34,2.5154837007539084,0.1754837007539085,False,False,False
2.34,2.581390428634823,0.24139042863482318,False,False,False
2.34,2.5371155104920597,0.1971155104920599,False,False,False
2.34,2.5584473257830127,0.21844732578301285,False,False,False
2.34,2.5834025771252724,0.24340257712527258,False,False,False
2.34,2.6465923732813583,0.30659237328135847,False,False,False
2.34,2.6465923732813583,0.30659237328135847,False,False,False
2.34,2.7361374797785825,0.3961374797785826,False,False,False
2.34,2.6449883228679947,0.3049883228679948,False,False,False
2.34,2.601809324829625,0.26180932482962493,False,False,False
2.34,2.6235312988512787,0.2835312988512788,False,False,False
2.34,2.5170633678259082,0.17706336782590837,False,False,False
2.34,2.4745994002847773,0.13459940028477746,False,False,False
2.34,2.5614876912433595,0.22148769124335965,False,False,False
2.34,2.557627815039013,0.21762781503901296,False,False,False
2.34,2.4812842225129472,0.14128422251294737,False,False,False
2.34,2.6134451790410393,0.2734451790410395,False,False,False
2.34,2.5994890795449224,0.2594890795449225,False,False,False
2.34,2.5614876912433595,0.22148769124335965,False,False,False
2.34,2.623209062097855,0.2832090620978551,False,False,False
2.34,2.502279327645837,0.16227932764583697,False,False,False
2.34,2.581390428634823,0.24139042863482318,False,False,False
2.34,2.481559315831408,0.14155931583140813,False,False,False
2.34,2.5584473257830127,0.21844732578301285,False,False,False
2.34,2.5584473257830127,0.21844732578301285,False,False,False
2.34,2.5584473257830127,0.21844732578301285,False,False,False
2.34,2.5170633678259082,0.17706336782590837,False,False,False
2.34,2.4745994002847773,0.13459940028477746,False,False,False
2.34,2.5614876912433595,0.22148769124335965,False,False,False
2.34,2.6465923732813583,0.30659237328135847,False,False,False
2.34,2.557627815039013,0.21762781503901296,False,False,False
2.34,2.5599210763825413,0.21992107638254144,False,False,False
2.34,2.5599210763825413,0.21992107638254144,False,False,False
2.34,2.4745994002847773,0.13459940028477746,False,False,False
2.34,2.4644227237122527,0.12442272371225283,False,False,False
2.34,2.5230183486308007,0.1830183486308008,False,False,False
2.34,2.5154837007539084,0.1754837007539085,False,False,False
2.34,2.581390428634823,0.24139042863482318,False,False,False
2.34,2.5614876912433595,0.22148769124335965,False,False,False
2.34,2.5994890795449224,0.2594890795449225,False,False,False
2.34,2.41420061280865,0.07420061280865031,False,False,False
2.34,2.5667700499764416,0.2267700499764418,False,False,False
2.34,2.495554190253347,0.15555419025334727,False,False,False
2.34,2.227713554578783,0.11228644542121691,False,False,False
2.34,2.0391090414685205,0.3008909585314794,False,False,False
2.34,2.0301679642899986,0.3098320357100013,False,False,False
2.34,2.2634347491211835,0.07656525087881638,False,False,False
2.34,2.2888883677361003,0.05111163226389959,False,False,False
2.34,2.2888883677361003,0.05111163226389959,False,False,False
2.34,2.2888883677361003,0.05111163226389959,False,False,False
2.34,2.2888883677361003,0.05111163226389959,False,False,False
2.34,2.2307595033982106,0.10924049660178925,False,False,False
2.34,2.291698419896701,0.04830158010329866,False,False,False
2.34,2.406587751198702,0.06658775119870208,False,False,False
2.34,2.323478496481958,0.016521503518041936,False,False,False
2.34,2.425809538945656,0.08580953894565635,False,False,False
2.34,2.5601634349326803,0.22016343493268042,False,False,False
2.34,2.4787312124101826,0.1387312124101827,False,False,False
2.34,2.5614876912433595,0.22148769124335965,False,False,False
2.34,2.611117438069188,0.2711174380691883,False,False,False
2.34,2.5994890795449224,0.2594890795449225,False,False,False
2.34,2.6235312988512787,0.2835312988512788,False,False,False
2.34,2.581390428634823,0.24139042863482318,False,False,False
2.34,2.3937335129274775,0.053733512927477634,False,False,False
2.34,2.4812842225129472,0.14128422251294737,False,False,False
2.34,2.5614876912433595,0.22148769124335965,False,False,False
2.34,2.6465923732813583,0.30659237328135847,False,False,False
2.34,2.557627815039013,0.21762781503901296,False,False,False
2.34,2.5599210763825413,0.21992107638254144,False,False,False
2.34,2.5599210763825413,0.21992107638254144,False,False,False
2.34,2.4745994002847773,0.13459940028477746,False,False,False
2.34,2.5614876912433595,0.22148769124335965,False,False,False
2.34,2.6465923732813583,0.30659237328135847,False,False,False
2.34,2.557627815039013,0.21762781503901296,False,False,False
2.34,2.601809324829625,0.26180932482962493,False,False,False
2.34,2.581390428634823,0.24139042863482318,False,False,False
2.34,2.526840675023086,0.186840675023086,False,False,False
2.34,2.6465923732813583,0.30659237328135847,False,False,False
2.34,2.6465923732813583,0.30659237328135847,False,False,False
2.34,2.7361374797785825,0.3961374797785826,False,False,False
2.34,2.6878775255157583,0.34787752551575846,False,False,False
2.34,2.6054213179285437,0.26542131792854384,False,False,False
2.34,2.699791428048199,0.3597914280481991,False,False,False
2.34,2.557627815039013,0.21762781503901296,False,False,False
2.34,2.6489429815405767,0.30894298154057687,False,False,False
2.34,2.7361374797785825,0.3961374797785826,False,False,False
2.34,2.6465923732813583,0.30659237328135847,False,False,False
2.34,2.7361374797785825,0.3961374797785826,False,False,False
2.34,2.7361374797785825,0.3961374797785826,False,False,False
2.34,2.6449883228679947,0.3049883228679948,False,False,False
2.34,2.5599210763825413,0.21992107638254144,False,False,False
2.34,2.6489429815405767,0.30894298154057687,False,False,False
2.34,2.6465923732813583,0.30659237328135847,False,False,False
2.34,2.582055058959826,0.24205505895982604,False,False,False
2.34,2.6556632849720323,0.31566328497203244,False,False,False
2.34,2.699791428048199,0.3597914280481991,False,False,False
2.34,2.7361374797785825,0.3961374797785826,False,False,False
2.34,2.677455318992529,0.3374553189925291,False,False,False
2.34,2.7361374797785825,0.3961374797785826,False,False,False
2.34,2.6878775255157583,0.34787752551575846,False,False,False
2.34,2.6489429815405767,0.30894298154057687,False,False,False
2.34,2.6878775255157583,0.34787752551575846,False,False,False
2.34,2.5584473257830127,0.21844732578301285,False,False,False
2.34,2.581390428634823,0.24139042863482318,False,False,False
2.34,2.4745994002847773,0.13459940028477746,False,False,False
2.34,2.5614876912433595,0.22148769124335965,False,False,False
2.34,2.557627815039013,0.21762781503901296,False,False,False
2.34,2.5614876912433595,0.22148769124335965,False,False,False
3.07,2.7070023266391496,0.3629976733608502,True,True,False
3.07,2.5902184267726778,0.47978157322732207,True,True,False
3.07,2.7506212246766206,0.3193787753233792,True,True,False
3.07,2.5652157090245655,0.5047842909754343,True,True,False
3.07,2.6102817207443896,0.45971827925561026,True,True,False
3.07,2.6220810571342823,0.44791894286571754,True,True,False
3.07,2.618155510931493,0.45184448906850694,True,True,False
3.07,2.6204877886737044,0.4495122113262955,True,True,False
3.07,2.588639173935501,0.48136082606449904,True,True,False
3.07,2.6308653374035678,0.4391346625964321,True,True,False
3.07,2.5902184267726778,0.47978157322732207,True,True,False
3.07,2.7086336675619944,0.3613663324380054,True,True,False
3.07,2.6607289820029605,0.40927101799703935,True,True,False
3.07,2.5888158642503547,0.48118413574964514,True,True,False
3.07,2.588639173935501,0.48136082606449904,True,True,False
3.07,2.502629202742148,0.5673707972578517,True,True,False
3.07,2.5902184267726778,0.47978157322732207,True,True,False
3.07,2.7086336675619944,0.3613663324380054,True,True,False
3.07,2.6607289820029605,0.40927101799703935,True,True,False
3.07,2.678379224159628,0.391620775840372,True,True,False
3.07,2.706523012357979,0.36347698764202097,True,True,False
3.07,2.5902184267726778,0.47978157322732207,True,True,False
3.07,2.7506212246766206,0.3193787753233792,True,True,False
3.07,2.5902184267726778,0.47978157322732207,True,True,False
3.07,2.799702249604302,0.2702977503956978,True,True,False
3.07,2.7086336675619944,0.3613663324380054,True,True,False
3.07,2.799702249604302,0.2702977503956978,True,True,False
3.07,2.799702249604302,0.2702977503956978,True,True,False
3.07,2.799702249604302,0.2702977503956978,True,True,False
3.07,2.7942276309452243,0.27577236905477553,True,True,False
3.07,2.799702249604302,0.2702977503956978,True,True,False
3.07,2.8345465061994886,0.23545349380051128,True,True,False
3.07,2.736327075775252,0.3336729242247478,True,True,False
3.07,2.663088702777593,0.4069112972224067,True,True,False
3.07,2.742182571751308,0.32781742824869164,True,True,False
3.07,2.6527625438968445,0.4172374561031553,True,True,False
3.07,2.5871535345011982,0.4828464654988016,True,True,False
3.07,2.54543572966484,0.5245642703351598,True,True,False
3.07,2.502629202742148,0.5673707972578517,True,True,False
3.07,2.6220810571342823,0.44791894286571754,True,True,False
3.07,2.6644226927055885,0.4055773072944113,True,True,False
3.07,2.7086336675619944,0.3613663324380054,True,True,False
3.07,2.7506212246766206,0.3193787753233792,True,True,False
3.07,2.678379224159628,0.391620775840372,True,True,False
3.07,2.799702249604302,0.2702977503956978,True,True,False
3.07,2.7086336675619944,0.3613663324380054,True,True,False
3.07,2.7070023266391496,0.3629976733608502,True,True,False
3.07,2.588639173935501,0.48136082606449904,True,True,False
3.07,2.678379224159628,0.391620775840372,True,True,False
3.07,2.7086336675619944,0.3613663324380054,True,True,False
3.07,2.6607289820029605,0.40927101799703935,True,True,False
3.07,2.6527625438968445,0.4172374561031553,True,True,False
3.07,2.6310441067667067,0.4389558932332931,True,True,False
3.07,2.5871535345011982,0.4828464654988016,True,True,False
3.07,2.54543572966484,0.5245642703351598,True,True,False
3.07,2.565649634172582,0.5043503658274178,True,True,False
3.07,2.5237530362624168,0.5462469637375831,True,True,False
3.07,2.568281338001747,0.501718661998253,True,True,False
3.07,2.7086336675619944,0.3613663324380054,True,True,False
3.07,2.7086336675619944,0.3613663324380054,True,True,False
3.07,2.799702249604302,0.2702977503956978,True,True,False
3.07,2.799702249604302,0.2702977503956978,True,True,False
3.07,2.799702249604302,0.2702977503956978,True,True,False
3.07,2.799702249604302,0.2702977503956978,True,True,False
3.07,2.7070023266391496,0.3629976733608502,True,True,False
3.07,2.5673019987577455,0.5026980012422544,True,True,False
3.07,2.6204877886737044,0.4495122113262955,True,True,False
3.07,2.5902184267726778,0.47978157322732207,True,True,False
3.07,2.7304440115389097,0.33955598846109014,True,True,False
3.07,2.7086336675619944,0.3613663324380054,True,True,False
3.07,2.799702249604302,0.2702977503956978,True,True,False
3.07,2.799702249604302,0.2702977503956978,True,True,False
3.07,2.799702249604302,0.2702977503956978,True,True,False
3.07,2.6634169668085432,0.4065830331914566,True,True,False
3.07,2.6308653374035678,0.4391346625964321,True,True,False
3.07,2.6527625438968445,0.4172374561031553,True,True,False
3.07,2.6137747178268196,0.45622528217318026,True,True,False
3.07,2.5871535345011982,0.4828464654988016,True,True,False
3.07,2.5871535345011982,0.4828464654988016,True,True,False
3.07,2.612310101357799,0.4576898986422009,True,True,False
3.07,2.7086336675619944,0.3613663324380054,True,True,False
3.07,2.7086336675619944,0.3613663324380054,True,True,False
3.07,2.7070023266391496,0.3629976733608502,True,True,False
3.07,2.663088702777593,0.4069112972224067,True,True,False
3.07,2.6527625438968445,0.4172374561031553,True,True,False
3.07,2.544999199696998,0.525000800303002,True,True,False
3.07,2.5871535345011982,0.4828464654988016,True,True,False
3.07,2.5902184267726778,0.47978157322732207,True,True,False
3.07,2.7086336675619944,0.3613663324380054,True,True,False
3.07,2.7086336675619944,0.3613663324380054,True,True,False
3.07,2.799702249604302,0.2702977503956978,True,True,False
3.07,2.799702249604302,0.2702977503956978,True,True,False
3.07,2.7070023266391496,0.3629976733608502,True,True,False
3.07,2.6203306581225942,0.4496693418774056,True,True,False
3.07,2.642164331538734,0.42783566846126586,True,True,False
3.07,2.5871535345011982,0.4828464654988016,True,True,False
3.07,2.54543572966484,0.5245642703351598,True,True,False
3.07,2.6325704933909857,0.43742950660901414,True,True,False
3.07,2.618155510931493,0.45184448906850694,True,True,False
3.07,2.502629202742148,0.5673707972578517,True,True,False
3.07,2.588639173935501,0.48136082606449904,True,True,False
3.07,2.502197943306124,0.5678020566938757,True,True,False
3.07,2.5902184267726778,0.47978157322732207,True,True,False
3.07,2.6607289820029605,0.40927101799703935,True,True,False
3.07,2.5916740861395895,0.47832591386041035,True,True,False
3.07,2.6527625438968445,0.4172374561031553,True,True,False
3.07,2.5871535345011982,0.4828464654988016,True,True,False
3.07,2.568281338001747,0.501718661998253,True,True,False
3.07,2.7086336675619944,0.3613663324380054,True,True,False
3.07,2.7086336675619944,0.3613663324380054,True,True,False
3.07,2.7070023266391496,0.3629976733608502,True,True,False
3.07,2.6308653374035678,0.4391346625964321,True,True,False
3.07,2.678379224159628,0.391620775840372,True,True,False
3.07,2.7086336675619944,0.3613663324380054,True,True,False
3.07,2.7086336675619944,0.3613663324380054,True,True,False
3.07,2.7070023266391496,0.3629976733608502,True,True,False
3.07,2.641779749841471,0.42822025015852905,True,True,False
3.07,2.678379224159628,0.391620775840372,True,True,False
3.07,2.7304440115389097,0.33955598846109014,True,True,False
3.07,2.70329026069946,0.3667097393005396,True,True,False
3.07,2.799702249604302,0.2702977503956978,True,True,False
3.07,2.7070023266391496,0.3629976733608502,True,True,False
3.07,2.6204877886737044,0.4495122113262955,True,True,False
3.07,2.588639173935501,0.48136082606449904,True,True,False
3.07,2.5337144923580945,0.5362855076419053,True,True,False
3.07,2.5438433193235093,0.5261566806764906,True,True,False
3.07,2.544999199696998,0.525000800303002,True,True,False
3.07,2.5871535345011982,0.4828464654988016,True,True,False
3.07,2.5871535345011982,0.4828464654988016,True,True,False
3.07,2.5871535345011982,0.4828464654988016,True,True,False
3.07,2.5237530362624168,0.5462469637375831,True,True,False
3.07,2.502629202742148,0.5673707972578517,True,True,False
3.07,2.502629202742148,0.5673707972578517,True,True,False
3.07,2.502629202742148,0.5673707972578517,True,True,False
3.07,2.502629202742148,0.5673707972578517,True,True,False
3.07,2.568281338001747,0.501718661998253,True,True,False
3.07,2.7086336675619944,0.3613663324380054,True,True,False
3.07,2.618155510931493,0.45184448906850694,True,True,False
3.07,2.678379224159628,0.391620775840372,True,True,False
3.07,2.799702249604302,0.2702977503956978,True,True,False
3.07,2.7086336675619944,0.3613663324380054,True,True,False
3.07,2.799702249604302,0.2702977503956978,True,True,False
3.07,2.799702249604302,0.2702977503956978,True,True,False
3.07,2.799702249604302,0.2702977503956978,True,True,False
3.07,2.799702249604302,0.2702977503956978,True,True,False
3.07,2.799702249604302,0.2702977503956978,True,True,False
3.07,2.799702249604302,0.2702977503956978,True,True,False
3.07,2.799702249604302,0.2702977503956978,True,True,False
3.07,2.799702249604302,0.2702977503956978,True,True,False
3.07,2.799702249604302,0.2702977503956978,True,True,False
3.07,2.706523012357979,0.36347698764202097,True,True,False
3.07,2.6310441067667067,0.4389558932332931,True,True,False
3.07,2.6527625438968445,0.4172374561031553,True,True,False
3.07,2.5871535345011982,0.4828464654988016,True,True,False
3.07,2.5871535345011982,0.4828464654988016,True,True,False
3.07,2.5902184267726778,0.47978157322732207,True,True,False
3.07,2.618155510931493,0.45184448906850694,True,True,False
3.07,2.5902184267726778,0.47978157322732207,True,True,False
3.07,2.7070023266391496,0.3629976733608502,True,True,False
3.07,2.6220810571342823,0.44791894286571754,True,True,False
3.07,2.8220481647046767,0.24795183529532316,True,True,False
3.07,2.7955387574033352,0.2744612425966646,True,True,False
3.07,3.0091777797007264,0.06082222029927342,False,False,False
3.07,2.9500539932823457,0.1199460067176541,True,True,False
3.07,2.7506212246766206,0.3193787753233792,True,True,False
3.07,2.7720799349507934,0.29792006504920643,True,True,False
3.07,2.6102817207443896,0.45971827925561026,True,True,False
3.07,2.5902184267726778,0.47978157322732207,True,True,False
3.07,2.618155510931493,0.45184448906850694,True,True,False
3.07,2.5438433193235093,0.5261566806764906,True,True,False
3.07,2.6102817207443896,0.45971827925561026,True,True,False
3.07,2.5902184267726778,0.47978157322732207,True,True,False
3.07,2.618155510931493,0.45184448906850694,True,True,False
3.07,2.5902184267726778,0.47978157322732207,True,True,False
3.07,2.7070023266391496,0.3629976733608502,True,True,False
3.07,2.5902184267726778,0.47978157322732207,True,True,False
3.07,2.7726784959980826,0.29732150400191726,True,True,False
3.07,2.5237530362624168,0.5462469637375831,True,True,False
3.07,2.678379224159628,0.391620775840372,True,True,False
3.07,2.6607289820029605,0.40927101799703935,True,True,False
3.12,2.1771288726281752,0.9428711273718249,True,True,False
3.12,2.08636450761738,1.0336354923826203,True,True,False
3.12,1.7828393148948298,1.3371606851051703,True,True,False
3.12,1.799205094891171,1.320794905108829,True,True,False
3.12,1.7828393148948298,1.3371606851051703,True,True,False
3.12,1.7828393148948298,1.3371606851051703,True,True,False
3.12,1.7517911712026786,1.3682088287973215,True,True,False
3.12,1.7923545218723431,1.327645478127657,True,True,False
3.12,1.7923545218723431,1.327645478127657,True,True,False
3.12,1.7828393148948298,1.3371606851051703,True,True,False
3.12,1.7517911712026786,1.3682088287973215,True,True,False
3.12,1.7517911712026786,1.3682088287973215,True,True,False
3.12,1.7828393148948298,1.3371606851051703,True,True,False
3.12,1.71515146373478,1.40484853626522,True,True,False
3.12,1.7707703170296658,1.3492296829703343,True,True,False
3.12,1.71515146373478,1.40484853626522,True,True,False
3.12,1.7707703170296658,1.3492296829703343,True,True,False
3.12,1.799205094891171,1.320794905108829,True,True,False
3.12,1.7828393148948298,1.3371606851051703,True,True,False
3.12,1.7517911712026786,1.3682088287973215,True,True,False
3.12,1.9421507516062047,1.1778492483937955,True,True,False
3.12,1.785088089156381,1.3349119108436192,True,True,False
3.12,1.8742071021088305,1.2457928978911696,True,True,False
3.12,1.9519578593265456,1.1680421406734545,True,True,False
3.12,1.898371724027807,1.221628275972193,True,True,False
3.12,1.8597803173785907,1.2602196826214094,True,True,False
3.12,1.9183618381712066,1.2016381618287935,True,True,False
3.12,1.898371724027807,1.221628275972193,True,True,False
3.12,1.898371724027807,1.221628275972193,True,True,False
3.12,1.898371724027807,1.221628275972193,True,True,False
3.12,1.9519578593265456,1.1680421406734545,True,True,False
3.12,1.957095656106289,1.162904343893711,True,True,False
3.12,1.898371724027807,1.221628275972193,True,True,False
3.12,1.898371724027807,1.221628275972193,True,True,False
3.12,1.9310737192600804,1.1889262807399197,True,True,False
3.12,1.9310737192600804,1.1889262807399197,True,True,False
3.12,1.8376829916436699,1.2823170083563302,True,True,False
3.12,1.8906936714685036,1.2293063285314965,True,True,False
3.12,1.8238117829403504,1.2961882170596497,True,True,False
3.12,1.7714739757210252,1.348526024278975,True,True,False
3.12,1.7714739757210252,1.348526024278975,True,True,False
3.12,1.7828393148948298,1.3371606851051703,True,True,False
3.12,1.7828393148948298,1.3371606851051703,True,True,False
3.12,1.7517911712026786,1.3682088287973215,True,True,False
3.12,1.7828393148948298,1.3371606851051703,True,True,False
3.12,1.7828393148948298,1.3371606851051703,True,True,False
3.12,1.8026672727018411,1.317332727298159,True,True,False
3.12,1.7923545218723431,1.327645478127657,True,True,False
3.12,1.7517911712026786,1.3682088287973215,True,True,False
3.12,1.7828393148948298,1.3371606851051703,True,True,False
3.12,1.7828393148948298,1.3371606851051703,True,True,False
3.12,1.71515146373478,1.40484853626522,True,True,False
3.12,1.7033760237932718,1.4166239762067283,True,True,False
3.12,1.7033760237932718,1.4166239762067283,True,True,False
3.12,1.719274482973426,1.400725517026574,True,True,False
3.12,1.7707703170296658,1.3492296829703343,True,True,False
3.12,1.799205094891171,1.320794905108829,True,True,False
3.12,1.7828393148948298,1.3371606851051703,True,True,False
3.12,1.7517911712026786,1.3682088287973215,True,True,False
3.12,1.7923545218723431,1.327645478127657,True,True,False
3.12,1.71515146373478,1.40484853626522,True,True,False
3.12,1.7033760237932718,1.4166239762067283,True,True,False
3.12,1.7707703170296658,1.3492296829703343,True,True,False
3.12,1.8458010921639283,1.2741989078360718,True,True,False
3.12,1.7517911712026786,1.3682088287973215,True,True,False
3.12,1.7828393148948298,1.3371606851051703,True,True,False
3.12,1.71515146373478,1.40484853626522,True,True,False
3.12,1.719274482973426,1.400725517026574,True,True,False
3.12,1.7707703170296658,1.3492296829703343,True,True,False
3.12,1.7828393148948298,1.3371606851051703,True,True,False
3.12,1.7950813415170197,1.3249186584829804,True,True,False
3.12,1.780982117639684,1.339017882360316,True,True,False
3.12,1.8323979118194993,1.2876020881805008,True,True,False
3.12,1.780982117639684,1.339017882360316,True,True,False
3.12,1.7517911712026786,1.3682088287973215,True,True,False
3.12,1.7517911712026786,1.3682088287973215,True,True,False
3.12,1.780982117639684,1.339017882360316,True,True,False
3.12,1.7133394396560764,1.4066605603439237,True,True,False
3.12,1.7689211743213953,1.3510788256786048,True,True,False
3.12,1.780982117639684,1.339017882360316,True,True,False
3.12,1.780982117639684,1.339017882360316,True,True,False
3.12,1.7517911712026786,1.3682088287973215,True,True,False
3.12,1.780982117639684,1.339017882360316,True,True,False
3.12,1.7517911712026786,1.3682088287973215,True,True,False
3.12,1.7517911712026786,1.3682088287973215,True,True,False
3.12,1.7973369755243795,1.3226630244756206,True,True,False
3.12,1.8342894456031753,1.2857105543968248,True,True,False
3.12,1.71515146373478,1.40484853626522,True,True,False
3.12,1.825712200292696,1.2942877997073041,True,True,False
3.12,1.898371724027807,1.221628275972193,True,True,False
3.12,2.4657804009160564,0.6542195990839437,True,True,False
3.12,2.581430488656055,0.5385695113439453,True,True,False
3.12,2.7083861922831862,0.4116138077168139,True,True,False
3.12,2.7083861922831862,0.4116138077168139,True,True,False
3.12,2.706754960218909,0.4132450397810912,True,True,False
3.12,2.621977906026984,0.4980220939730162,True,True,False
3.12,2.601444672806335,0.5185553271936651,True,True,False
3.12,2.494055660684195,0.6259443393158053,True,True,False
3.12,2.581430488656055,0.5385695113439453,True,True,False
3.12,2.7083861922831862,0.4116138077168139,True,True,False
3.12,2.6179140732150445,0.5020859267849556,True,True,False
3.12,2.5689251186594038,0.5510748813405963,True,True,False
3.12,2.669375490918682,0.4506245090813179,True,True,False
3.12,2.7083861922831862,0.4116138077168139,True,True,False
3.12,2.6179140732150445,0.5020859267849556,True,True,False
3.12,2.669375490918682,0.4506245090813179,True,True,False
3.12,2.7762098399654493,0.34379016003455076,True,True,False
3.12,2.6179140732150445,0.5020859267849556,True,True,False
3.12,2.669375490918682,0.4506245090813179,True,True,False
3.12,2.7762098399654493,0.34379016003455076,True,True,False
3.12,2.7083861922831862,0.4116138077168139,True,True,False
3.12,2.706754960218909,0.4132450397810912,True,True,False
3.12,2.669375490918682,0.4506245090813179,True,True,False
3.12,2.7994486973643395,0.32055130263566056,True,True,False
3.12,2.255574357692506,0.8644256423074941,True,True,False
3.12,2.4450040958080193,0.6749959041919809,True,True,False
3.12,2.610919314275491,0.5090806857245092,True,True,False
3.12,2.578373098458383,0.5416269015416173,True,True,False
3.12,2.5466121718407613,0.5733878281592388,True,True,False
3.12,2.581430488656055,0.5385695113439453,True,True,False
3.12,2.7301950808667046,0.3898049191332955,True,True,False
3.12,2.7083861922831862,0.4116138077168139,True,True,False
3.12,2.706754960218909,0.4132450397810912,True,True,False
3.12,2.621977906026984,0.4980220939730162,True,True,False
3.12,2.601444672806335,0.5185553271936651,True,True,False
3.12,2.494055660684195,0.6259443393158053,True,True,False
3.12,2.581430488656055,0.5385695113439453,True,True,False
3.12,2.7083861922831862,0.4116138077168139,True,True,False
3.12,2.6179140732150445,0.5020859267849556,True,True,False
3.12,2.621977906026984,0.4980220939730162,True,True,False
3.12,2.601444672806335,0.5185553271936651,True,True,False
3.12,2.494055660684195,0.6259443393158053,True,True,False
3.12,2.581430488656055,0.5385695113439453,True,True,False
3.12,2.7083861922831862,0.4116138077168139,True,True,False
3.12,2.6604847033799786,0.45951529662002155,True,True,False
3.12,2.669375490918682,0.4506245090813179,True,True,False
3.12,2.7994486973643395,0.32055130263566056,True,True,False
3.12,2.6368798879907502,0.48312011200924987,True,True,False
3.12,2.6610234111163535,0.45897658888364656,True,True,False
3.12,2.5480478424613078,0.5719521575386923,True,True,False
3.12,2.404928092658197,0.715071907341803,True,True,False
3.12,2.3828171277666677,0.7371828722333325,True,True,False
3.12,2.2640904157276607,0.8559095842723394,True,True,False
3.12,2.3009187729490383,0.8190812270509618,True,True,False
3.12,2.3966052601456083,0.7233947398543918,True,True,False
3.12,2.4274690881337087,0.6925309118662915,True,True,False
3.12,2.343850399203933,0.7761496007960673,True,True,False
3.12,2.4296784486330636,0.6903215513669365,True,True,False
3.12,2.5116334402454594,0.6083665597545407,True,True,False
3.12,2.3866099029836696,0.7333900970163305,True,True,False
3.12,2.449735986512259,0.6702640134877411,True,True,False
3.12,2.1475890875296897,0.9724109124703104,True,True,False
3.12,1.9565842300433163,1.1634157699566838,True,True,False
3.12,1.898371724027807,1.221628275972193,True,True,False
3.12,1.898371724027807,1.221628275972193,True,True,False
3.12,2.3832075179107792,0.7367924820892209,True,True,False
3.12,2.581430488656055,0.5385695113439453,True,True,False
3.12,2.7580388497927064,0.3619611502072937,True,True,False
3.12,2.1932154411583356,0.9267845588416646,True,True,False
3.12,2.5410882041170963,0.5789117958829038,True,True,False
3.12,2.707722228123003,0.412277771876997,True,True,False
3.12,2.7262412272079737,0.3937587727920264,True,True,False
3.12,2.601444672806335,0.5185553271936651,True,True,False
3.12,2.7107766330891874,0.40922336691081274,True,True,False
3.12,2.720535829781824,0.39946417021817604,True,True,False
3.12,2.7377218886778216,0.3822781113221785,True,True,False
3.12,2.7994486973643395,0.32055130263566056,True,True,False
3.12,2.903195811083183,0.21680418891681708,True,True,False
3.12,2.7994486973643395,0.32055130263566056,True,True,False
3.12,2.7994486973643395,0.32055130263566056,True,True,False
3.12,2.7503709475890252,0.3696290524109749,True,True,False
3.12,2.601444672806335,0.5185553271936651,True,True,False
3.12,2.7107766330891874,0.40922336691081274,True,True,False
3.12,2.7083861922831862,0.4116138077168139,True,True,False
3.12,2.6179140732150445,0.5020859267849556,True,True,False
3.12,2.6202461953255227,0.4997538046744774,True,True,False
3.12,2.5689251186594038,0.5510748813405963,True,True,False
3.12,2.494055660684195,0.6259443393158053,True,True,False
3.12,2.494055660684195,0.6259443393158053,True,True,False
3.12,2.463043118843692,0.656956881156308,True,True,False
3.26,2.0950334550718424,1.1649665449281574,True,False,False
3.26,1.9810978925797489,1.278902107420251,True,False,False
3.26,1.9796435392384053,1.2803564607615945,True,False,False
3.26,2.013875813075142,1.2461241869248578,True,False,False
3.26,2.013875813075142,1.2461241869248578,True,False,False
3.26,2.0538915472007258,1.206108452799274,True,False,False
3.26,2.013875813075142,1.2461241869248578,True,False,False
3.26,2.007953806500576,1.2520461934994236,True,False,False
3.26,1.9948064057567816,1.2651935942432182,True,False,False
3.26,2.0406470129704046,1.2193529870295952,True,False,False
3.26,2.0046262993193285,1.2553737006806713,True,False,False
3.26,2.013875813075142,1.2461241869248578,True,False,False
3.26,2.0538915472007258,1.206108452799274,True,False,False
3.26,2.0538915472007258,1.206108452799274,True,False,False
3.26,2.0538915472007258,1.206108452799274,True,False,False
3.26,2.013875813075142,1.2461241869248578,True,False,False
3.26,2.0538915472007258,1.206108452799274,True,False,False
3.26,2.0538915472007258,1.206108452799274,True,False,False
3.26,2.0538915472007258,1.206108452799274,True,False,False
3.26,1.9652560973059305,1.2947439026940692,True,False,False
3.26,2.013875813075142,1.2461241869248578,True,False,False
3.26,2.0538915472007258,1.206108452799274,True,False,False
3.26,2.013875813075142,1.2461241869248578,True,False,False
3.26,2.0538915472007258,1.206108452799274,True,False,False
3.26,2.0538915472007258,1.206108452799274,True,False,False
3.26,2.007953806500576,1.2520461934994236,True,False,False
3.26,2.0232939477997975,1.2367060522002022,True,False,False
3.26,2.0232939477997975,1.2367060522002022,True,False,False
3.26,2.0694659645156848,1.190534035484315,True,False,False
3.26,2.0538915472007258,1.206108452799274,True,False,False
3.26,2.0538915472007258,1.206108452799274,True,False,False
3.26,2.0538915472007258,1.206108452799274,True,False,False
3.26,2.0538915472007258,1.206108452799274,True,False,False
3.26,2.0538915472007258,1.206108452799274,True,False,False
3.26,2.0538915472007258,1.206108452799274,True,False,False
3.26,2.0538915472007258,1.206108452799274,True,False,False
3.26,2.013875813075142,1.2461241869248578,True,False,False
3.26,2.013875813075142,1.2461241869248578,True,False,False
3.26,2.013875813075142,1.2461241869248578,True,False,False
3.26,2.0538915472007258,1.206108452799274,True,False,False
3.26,2.013875813075142,1.2461241869248578,True,False,False
3.26,2.0538915472007258,1.206108452799274,True,False,False
3.26,2.0538915472007258,1.206108452799274,True,False,False
3.26,2.013875813075142,1.2461241869248578,True,False,False
3.26,2.02992475058418,1.2300752494158198,True,False,False
3.26,2.013875813075142,1.2461241869248578,True,False,False
3.26,1.9758361992669973,1.2841638007330025,True,False,False
3.26,1.9758361992669973,1.2841638007330025,True,False,False
3.26,2.015346875066759,1.2446531249332407,True,False,False
3.26,2.015346875066759,1.2446531249332407,True,False,False
3.26,2.015346875066759,1.2446531249332407,True,False,False
3.26,2.015346875066759,1.2446531249332407,True,False,False
3.26,2.015346875066759,1.2446531249332407,True,False,False
3.26,1.9758361992669973,1.2841638007330025,True,False,False
3.26,1.9758361992669973,1.2841638007330025,True,False,False
3.26,2.015346875066759,1.2446531249332407,True,False,False
3.26,2.015346875066759,1.2446531249332407,True,False,False
3.26,1.9758361992669973,1.2841638007330025,True,False,False
3.26,1.9758361992669973,1.2841638007330025,True,False,False
3.26,1.9758361992669973,1.2841638007330025,True,False,False
3.26,2.015346875066759,1.2446531249332407,True,False,False
3.26,1.9667034281883886,1.2932965718116112,True,False,False
3.26,2.015346875066759,1.2446531249332407,True,False,False
3.26,1.9758361992669973,1.2841638007330025,True,False,False
3.26,1.9758361992669973,1.2841638007330025,True,False,False
3.26,1.9667034281883886,1.2932965718116112,True,False,False
3.26,2.00172591754153,1.25827408245847,True,False,False
3.26,1.9278301369214934,1.3321698630785064,True,False,False
3.26,2.015346875066759,1.2446531249332407,True,False,False
3.26,1.9758361992669973,1.2841638007330025,True,False,False
3.26,1.9758361992669973,1.2841638007330025,True,False,False
3.26,1.9667034281883886,1.2932965718116112,True,False,False
3.26,1.9667034281883886,1.2932965718116112,True,False,False
3.26,1.9220772026947932,1.3379227973052066,True,False,False
3.26,2.0307247199757223,1.2292752800242774,True,False,False
3.26,2.015346875066759,1.2446531249332407,True,False,False
3.26,1.942003671460642,1.3179963285393579,True,False,False
3.26,2.002269506638361,1.2577304933616387,True,False,False
3.26,2.015346875066759,1.2446531249332407,True,False,False
3.26,2.015346875066759,1.2446531249332407,True,False,False
3.26,1.9758361992669973,1.2841638007330025,True,False,False
3.26,1.9758361992669973,1.2841638007330025,True,False,False
3.26,2.015346875066759,1.2446531249332407,True,False,False
3.26,1.9758361992669973,1.2841638007330025,True,False,False
3.26,2.015346875066759,1.2446531249332407,True,False,False
3.26,2.015346875066759,1.2446531249332407,True,False,False
3.26,1.9758361992669973,1.2841638007330025,True,False,False
3.26,1.9758361992669973,1.2841638007330025,True,False,False
3.26,1.9278301369214934,1.3321698630785064,True,False,False
3.26,1.9758361992669973,1.2841638007330025,True,False,False
3.26,1.9758361992669973,1.2841638007330025,True,False,False
3.26,2.0400964752655417,1.219903524734458,True,False,False
3.26,1.903454025903788,1.3565459740962118,True,False,False
3.26,2.002269506638361,1.2577304933616387,True,False,False
3.26,2.015346875066759,1.2446531249332407,True,False,False
3.26,1.9758361992669973,1.2841638007330025,True,False,False
3.26,1.9758361992669973,1.2841638007330025,True,False,False
3.26,1.9758361992669973,1.2841638007330025,True,False,False
3.26,1.969988937259572,1.2900110627404278,True,False,False
3.26,2.0307247199757223,1.2292752800242774,True,False,False
3.26,1.969988937259572,1.2900110627404278,True,False,False
3.26,2.0307247199757223,1.2292752800242774,True,False,False
3.26,1.9758361992669973,1.2841638007330025,True,False,False
3.26,1.9758361992669973,1.2841638007330025,True,False,False
3.26,1.9758361992669973,1.2841638007330025,True,False,False
3.26,1.9758361992669973,1.2841638007330025,True,False,False
3.26,1.9758361992669973,1.2841638007330025,True,False,False
3.26,2.015346875066759,1.2446531249332407,True,False,False
3.26,2.015346875066759,1.2446531249332407,True,False,False
3.26,1.9278301369214934,1.3321698630785064,True,False,False
3.26,1.9758361992669973,1.2841638007330025,True,False,False
3.26,1.9758361992669973,1.2841638007330025,True,False,False
3.26,1.9758361992669973,1.2841638007330025,True,False,False
3.26,1.9758361992669973,1.2841638007330025,True,False,False
3.26,2.017897526222904,1.2421024737770958,True,False,False
3.26,2.017897526222904,1.2421024737770958,True,False,False
3.26,1.9758361992669973,1.2841638007330025,True,False,False
3.26,1.9758361992669973,1.2841638007330025,True,False,False
3.26,1.9758361992669973,1.2841638007330025,True,False,False
3.26,1.9782035171647308,1.281796482835269,True,False,False
3.26,2.017897526222904,1.2421024737770958,True,False,False
3.26,2.017897526222904,1.2421024737770958,True,False,False
3.26,2.017897526222904,1.2421024737770958,True,False,False
3.26,2.017897526222904,1.2421024737770958,True,False,False
3.26,1.9782035171647308,1.281796482835269,True,False,False
3.26,1.9758361992669973,1.2841638007330025,True,False,False
3.26,1.9758361992669973,1.2841638007330025,True,False,False
3.26,2.017897526222904,1.2421024737770958,True,False,False
3.26,2.017897526222904,1.2421024737770958,True,False,False
3.26,2.017897526222904,1.2421024737770958,True,False,False
3.26,1.9758361992669973,1.2841638007330025,True,False,False
3.26,1.9758361992669973,1.2841638007330025,True,False,False
3.26,2.017897526222904,1.2421024737770958,True,False,False
3.26,1.9667034281883886,1.2932965718116112,True,False,False
3.26,1.9758361992669973,1.2841638007330025,True,False,False
3.26,1.942003671460642,1.3179963285393579,True,False,False
3.26,2.002269506638361,1.2577304933616387,True,False,False
3.26,1.9758361992669973,1.2841638007330025,True,False,False
3.26,2.015346875066759,1.2446531249332407,True,False,False
3.26,1.9758361992669973,1.2841638007330025,True,False,False
3.26,2.015346875066759,1.2446531249332407,True,False,False
3.26,2.015346875066759,1.2446531249332407,True,False,False
3.26,1.9758361992669973,1.2841638007330025,True,False,False
3.26,1.9758361992669973,1.2841638007330025,True,False,False
3.26,1.9758361992669973,1.2841638007330025,True,False,False
3.26,1.969988937259572,1.2900110627404278,True,False,False
3.26,1.9851354630659954,1.2748645369340044,True,False,False
3.26,2.0307247199757223,1.2292752800242774,True,False,False
3.26,2.0538915472007258,1.206108452799274,True,False,False
3.26,2.0538915472007258,1.206108452799274,True,False,False
3.26,2.0538915472007258,1.206108452799274,True,False,False
3.26,2.0538915472007258,1.206108452799274,True,False,False
3.26,2.0538915472007258,1.206108452799274,True,False,False
3.26,2.0538915472007258,1.206108452799274,True,False,False
3.26,2.013875813075142,1.2461241869248578,True,False,False
3.26,1.9758361992669973,1.2841638007330025,True,False,False
3.26,1.9758361992669973,1.2841638007330025,True,False,False
3.26,2.015346875066759,1.2446531249332407,True,False,False
3.26,2.0314036460047227,1.2285963539952771,True,False,False
3.26,1.9758361992669973,1.2841638007330025,True,False,False
3.26,1.9758361992669973,1.2841638007330025,True,False,False
3.26,1.9758361992669973,1.2841638007330025,True,False,False
3.26,1.9758361992669973,1.2841638007330025,True,False,False
3.26,2.015346875066759,1.2446531249332407,True,False,False
3.26,1.9758361992669973,1.2841638007330025,True,False,False
3.26,2.015346875066759,1.2446531249332407,True,False,False
3.26,1.969988937259572,1.2900110627404278,True,False,False
3.26,2.0307247199757223,1.2292752800242774,True,False,False
3.26,2.015346875066759,1.2446531249332407,True,False,False
3.26,1.903454025903788,1.3565459740962118,True,False,False
3.26,2.002269506638361,1.2577304933616387,True,False,False
3.26,1.9278301369214934,1.3321698630785064,True,False,False
3.26,1.9278301369214934,1.3321698630785064,True,False,False
3.26,2.015346875066759,1.2446531249332407,True,False,False
3.26,1.9758361992669973,1.2841638007330025,True,False,False
3.26,2.015346875066759,1.2446531249332407,True,False,False
3.26,2.015346875066759,1.2446531249332407,True,False,False
3.26,1.9758361992669973,1.2841638007330025,True,False,False
3.26,1.9758361992669973,1.2841638007330025,True,False,False
3.26,1.9667034281883886,1.2932965718116112,True,False,False
1.93,2.019960650192362,0.08996065019236199,False,False,False
1.93,2.019960650192362,0.08996065019236199,False,False,False
1.93,2.019960650192362,0.08996065019236199,False,False,False
1.93,2.0224649909500174,0.09246499095001748,False,False,False
1.93,2.0842739002878736,0.1542739002878737,False,False,False
1.93,2.0224649909500174,0.09246499095001748,False,False,False
1.93,2.0842739002878736,0.1542739002878737,False,False,False
1.93,2.0686243477624395,0.1386243477624396,False,False,False
1.93,2.0686243477624395,0.1386243477624396,False,False,False
1.93,2.0686243477624395,0.1386243477624396,False,False,False
1.93,2.0224649909500174,0.09246499095001748,False,False,False
1.93,2.037879137248716,0.10787913724871623,False,False,False
1.93,2.0842739002878736,0.1542739002878737,False,False,False
1.93,2.0686243477624395,0.1386243477624396,False,False,False
1.93,2.0686243477624395,0.1386243477624396,False,False,False
1.93,2.0686243477624395,0.1386243477624396,False,False,False
1.93,2.0686243477624395,0.1386243477624396,False,False,False
1.93,2.0686243477624395,0.1386243477624396,False,False,False
1.93,2.0838934957482493,0.1538934957482494,False,False,False
1.93,1.9939852599050445,0.06398525990504456,False,False,False
1.93,2.055315918309144,0.12531591830914413,False,False,False
1.93,2.0686243477624395,0.1386243477624396,False,False,False
1.93,2.0686243477624395,0.1386243477624396,False,False,False
1.93,2.0686243477624395,0.1386243477624396,False,False,False
1.93,2.0686243477624395,0.1386243477624396,False,False,False
1.93,2.0686243477624395,0.1386243477624396,False,False,False
1.93,2.0686243477624395,0.1386243477624396,False,False,False
1.93,2.0686243477624395,0.1386243477624396,False,False,False
1.93,2.0686243477624395,0.1386243477624396,False,False,False
1.93,2.084411332419402,0.15441133241940208,False,False,False
1.93,2.0847105466582923,0.15471054665829231,False,False,False
1.93,2.0686243477624395,0.1386243477624396,False,False,False
1.93,2.0686243477624395,0.1386243477624396,False,False,False
1.93,2.0224649909500174,0.09246499095001748,False,False,False
1.93,2.009254163581515,0.07925416358151494,False,False,False
1.93,2.055315918309144,0.12531591830914413,False,False,False
1.93,2.0224649909500174,0.09246499095001748,False,False,False
1.93,2.037879137248716,0.10787913724871623,False,False,False
1.93,2.0842739002878736,0.1542739002878737,False,False,False
1.93,2.0686243477624395,0.1386243477624396,False,False,False
1.93,2.0686243477624395,0.1386243477624396,False,False,False
1.93,2.0686243477624395,0.1386243477624396,False,False,False
1.93,2.0686243477624395,0.1386243477624396,False,False,False
1.93,2.0224649909500174,0.09246499095001748,False,False,False
1.93,2.0842739002878736,0.1542739002878737,False,False,False
1.93,2.0224649909500174,0.09246499095001748,False,False,False
1.93,2.0842739002878736,0.1542739002878737,False,False,False
1.93,2.0686243477624395,0.1386243477624396,False,False,False
1.93,2.0686243477624395,0.1386243477624396,False,False,False
1.93,2.0686243477624395,0.1386243477624396,False,False,False
1.93,2.0686243477624395,0.1386243477624396,False,False,False
1.93,2.0686243477624395,0.1386243477624396,False,False,False
1.93,2.0686243477624395,0.1386243477624396,False,False,False
1.93,2.0686243477624395,0.1386243477624396,False,False,False
1.93,2.0686243477624395,0.1386243477624396,False,False,False
1.93,2.0686243477624395,0.1386243477624396,False,False,False
1.93,2.0686243477624395,0.1386243477624396,False,False,False
1.93,2.0686243477624395,0.1386243477624396,False,False,False
1.93,2.0686243477624395,0.1386243477624396,False,False,False
1.93,2.0686243477624395,0.1386243477624396,False,False,False
1.93,2.0224649909500174,0.09246499095001748,False,False,False
1.93,2.0842739002878736,0.1542739002878737,False,False,False
1.93,2.0686243477624395,0.1386243477624396,False,False,False
1.93,2.0686243477624395,0.1386243477624396,False,False,False
1.93,2.0686243477624395,0.1386243477624396,False,False,False
1.93,2.0686243477624395,0.1386243477624396,False,False,False
1.93,2.0686243477624395,0.1386243477624396,False,False,False
1.93,2.0686243477624395,0.1386243477624396,False,False,False
1.93,2.0686243477624395,0.1386243477624396,False,False,False
1.93,2.0686243477624395,0.1386243477624396,False,False,False
1.93,2.0686243477624395,0.1386243477624396,False,False,False
1.93,2.0686243477624395,0.1386243477624396,False,False,False
1.93,2.0686243477624395,0.1386243477624396,False,False,False
1.93,2.0686243477624395,0.1386243477624396,False,False,False
1.93,2.0686243477624395,0.1386243477624396,False,False,False
1.93,2.0686243477624395,0.1386243477624396,False,False,False
1.93,2.0686243477624395,0.1386243477624396,False,False,False
1.93,2.0686243477624395,0.1386243477624396,False,False,False
1.93,2.0686243477624395,0.1386243477624396,False,False,False
1.93,2.0686243477624395,0.1386243477624396,False,False,False
1.93,2.0686243477624395,0.1386243477624396,False,False,False
1.93,2.0686243477624395,0.1386243477624396,False,False,False
1.93,2.0686243477624395,0.1386243477624396,False,False,False
1.93,2.0224649909500174,0.09246499095001748,False,False,False
1.93,2.0842739002878736,0.1542739002878737,False,False,False
1.93,2.0686243477624395,0.1386243477624396,False,False,False
1.93,2.0686243477624395,0.1386243477624396,False,False,False
1.93,2.0686243477624395,0.1386243477624396,False,False,False
1.93,2.0686243477624395,0.1386243477624396,False,False,False
1.93,2.0686243477624395,0.1386243477624396,False,False,False
1.93,2.0686243477624395,0.1386243477624396,False,False,False
1.93,2.0686243477624395,0.1386243477624396,False,False,False
1.93,2.0686243477624395,0.1386243477624396,False,False,False
1.93,2.0686243477624395,0.1386243477624396,False,False,False
1.93,2.084411332419402,0.15441133241940208,False,False,False
1.93,2.0847105466582923,0.15471054665829231,False,False,False
1.93,2.0686243477624395,0.1386243477624396,False,False,False
1.93,2.0686243477624395,0.1386243477624396,False,False,False
1.93,2.0686243477624395,0.1386243477624396,False,False,False
1.93,2.0686243477624395,0.1386243477624396,False,False,False
1.93,2.0224649909500174,0.09246499095001748,False,False,False
1.93,2.0842739002878736,0.1542739002878737,False,False,False
1.93,2.0686243477624395,0.1386243477624396,False,False,False
1.93,2.0686243477624395,0.1386243477624396,False,False,False
1.93,2.0686243477624395,0.1386243477624396,False,False,False
1.93,1.9939852599050445,0.06398525990504456,False,False,False
1.93,2.055315918309144,0.12531591830914413,False,False,False
1.93,2.0686243477624395,0.1386243477624396,False,False,False
1.93,2.0686243477624395,0.1386243477624396,False,False,False
1.93,2.0686243477624395,0.1386243477624396,False,False,False
1.93,2.0686243477624395,0.1386243477624396,False,False,False
1.93,2.0686243477624395,0.1386243477624396,False,False,False
1.93,2.0686243477624395,0.1386243477624396,False,False,False
1.93,2.0686243477624395,0.1386243477624396,False,False,False
1.93,2.0686243477624395,0.1386243477624396,False,False,False
1.93,2.0686243477624395,0.1386243477624396,False,False,False
1.93,2.0686243477624395,0.1386243477624396,False,False,False
1.93,2.0686243477624395,0.1386243477624396,False,False,False
1.93,2.0686243477624395,0.1386243477624396,False,False,False
1.93,2.0686243477624395,0.1386243477624396,False,False,False
1.93,2.0686243477624395,0.1386243477624396,False,False,False
1.93,2.0686243477624395,0.1386243477624396,False,False,False
1.93,2.0686243477624395,0.1386243477624396,False,False,False
1.93,2.0686243477624395,0.1386243477624396,False,False,False
1.93,2.0224649909500174,0.09246499095001748,False,False,False
1.93,2.0842739002878736,0.1542739002878737,False,False,False
1.93,2.0686243477624395,0.1386243477624396,False,False,False
1.93,2.0686243477624395,0.1386243477624396,False,False,False
1.93,2.0686243477624395,0.1386243477624396,False,False,False
1.93,2.0686243477624395,0.1386243477624396,False,False,False
1.93,2.0686243477624395,0.1386243477624396,False,False,False
1.93,2.0686243477624395,0.1386243477624396,False,False,False
1.93,2.0686243477624395,0.1386243477624396,False,False,False
1.93,2.0686243477624395,0.1386243477624396,False,False,False
1.93,2.0686243477624395,0.1386243477624396,False,False,False
1.93,2.0686243477624395,0.1386243477624396,False,False,False
1.93,2.0224649909500174,0.09246499095001748,False,False,False
1.93,2.0842739002878736,0.1542739002878737,False,False,False
1.93,2.0686243477624395,0.1386243477624396,False,False,False
1.93,2.0686243477624395,0.1386243477624396,False,False,False
1.93,2.0686243477624395,0.1386243477624396,False,False,False
1.93,2.0686243477624395,0.1386243477624396,False,False,False
1.93,2.0224649909500174,0.09246499095001748,False,False,False
1.93,2.0842739002878736,0.1542739002878737,False,False,False
1.93,2.0686243477624395,0.1386243477624396,False,False,False
1.93,2.0686243477624395,0.1386243477624396,False,False,False
1.93,1.9939852599050445,0.06398525990504456,False,False,False
1.93,2.0686243477624395,0.1386243477624396,False,False,False
1.93,2.0224649909500174,0.09246499095001748,False,False,False
1.93,2.037879137248716,0.10787913724871623,False,False,False
1.93,2.0842739002878736,0.1542739002878737,False,False,False
1.93,2.0686243477624395,0.1386243477624396,False,False,False
1.93,2.0686243477624395,0.1386243477624396,False,False,False
1.93,2.0686243477624395,0.1386243477624396,False,False,False
1.93,2.0224649909500174,0.09246499095001748,False,False,False
1.93,2.0842739002878736,0.1542739002878737,False,False,False
1.93,2.0686243477624395,0.1386243477624396,False,False,False
1.93,1.9939852599050445,0.06398525990504456,False,False,False
1.93,2.055315918309144,0.12531591830914413,False,False,False
1.93,2.0686243477624395,0.1386243477624396,False,False,False
1.93,2.0686243477624395,0.1386243477624396,False,False,False
1.93,2.0686243477624395,0.1386243477624396,False,False,False
1.93,2.0686243477624395,0.1386243477624396,False,False,False
1.93,2.0686243477624395,0.1386243477624396,False,False,False
1.93,2.0686243477624395,0.1386243477624396,False,False,False
1.93,2.0686243477624395,0.1386243477624396,False,False,False
1.93,2.0686243477624395,0.1386243477624396,False,False,False
1.93,2.0686243477624395,0.1386243477624396,False,False,False
1.93,2.0686243477624395,0.1386243477624396,False,False,False
1.93,2.0686243477624395,0.1386243477624396,False,False,False
1.93,2.0686243477624395,0.1386243477624396,False,False,False
1.93,2.0686243477624395,0.1386243477624396,False,False,False
1.93,2.0686243477624395,0.1386243477624396,False,False,False
1.93,2.0686243477624395,0.1386243477624396,False,False,False
1.93,2.0686243477624395,0.1386243477624396,False,False,False
1.93,2.0686243477624395,0.1386243477624396,False,False,False
1.93,2.0686243477624395,0.1386243477624396,False,False,False
1.93,1.9939852599050445,0.06398525990504456,False,False,False
1.93,2.0093567517038404,0.07935675170384049,False,False,False
1.93,2.009254163581515,0.07925416358151494,False,False,False
2.23,2.4844429097880663,0.2544429097880663,False,False,False
2.23,2.6872329348937707,0.4572329348937707,False,False,False
2.23,2.125271326773008,0.10472867322699209,False,False,False
2.23,2.108026472018426,0.12197352798157413,False,False,False
2.23,2.0454736800226963,0.18452631997730373,False,False,False
2.23,2.3905514952527827,0.16055149525278267,False,False,False
2.23,2.537630979940128,0.3076309799401282,False,False,False
2.23,2.1512631217369322,0.07873687826306774,False,False,False
2.23,2.107268502574134,0.1227314974258662,False,False,False
2.23,2.342481330206542,0.11248133020654194,False,False,False
2.23,2.329713232565011,0.09971323256501119,False,False,False
2.23,2.0519715344073646,0.1780284655926354,False,False,False
2.23,2.317544363086859,0.08754436308685909,False,False,False
2.23,2.1287635631704473,0.10123643682955263,False,False,False
2.23,2.1276463014378266,0.10235369856217336,False,False,False
2.23,2.3905514952527827,0.16055149525278267,False,False,False
2.23,2.0987563336013153,0.13124366639868468,False,False,False
2.23,2.1024330163244276,0.1275669836755724,False,False,False
2.23,2.1176206735186645,0.11237932648133553,False,False,False
2.23,2.119794174024012,0.11020582597598816,False,False,False
2.23,2.362591175285898,0.13259117528589792,False,False,False
2.23,2.3351044307439475,0.10510443074394749,False,False,False
2.23,2.1376985747128496,0.09230142528715035,False,False,False
2.23,2.4167244300835393,0.18672443008353934,False,False,False
2.23,2.0246619788280222,0.20533802117197775,False,False,False
2.23,2.4042172084036344,0.17421720840363442,False,False,False
2.23,2.3322211284010628,0.10222112840106279,False,False,False
2.23,2.20643339981112,0.023566600188880127,False,False,False
2.23,2.3009351912550873,0.0709351912550873,False,False,False
2.23,2.3000175936656455,0.07001759366564553,False,False,False
2.23,2.0987563336013153,0.13124366639868468,False,False,False
2.23,2.108026472018426,0.12197352798157413,False,False,False
2.23,2.108026472018426,0.12197352798157413,False,False,False
2.23,2.4228034892662724,0.19280348926627244,False,False,False
2.23,2.0977661858561967,0.1322338141438033,False,False,False
2.23,2.1320424621295286,0.09795753787047135,False,False,False
2.23,2.0454736800226963,0.18452631997730373,False,False,False
2.23,2.3324372868751473,0.1024372868751473,False,False,False
2.23,2.1428547195819743,0.08714528041802572,False,False,False
2.23,2.0408488579538946,0.1891511420461054,False,False,False
2.23,2.49369789130014,0.26369789130014,False,False,False
2.23,2.3787666035654365,0.14876660356543647,False,False,False
2.23,2.1192856154047752,0.11071438459522476,False,False,False
2.23,1.965856332623491,0.26414366737650896,False,False,False
2.23,2.2404344156135325,0.010434415613532533,False,False,False
2.23,2.2785046172095114,0.04850461720951138,False,False,False
2.23,1.9649009467236187,0.2650990532763813,False,False,False
2.23,1.965856332623491,0.26414366737650896,False,False,False
2.23,1.9758180601834132,0.25418193981658677,False,False,False
2.23,1.980614117909429,0.249385882090571,False,False,False
2.23,2.787995514100391,0.5579955141003912,False,False,False
2.23,1.965856332623491,0.26414366737650896,False,False,False
2.23,1.951455695814884,0.2785443041851159,False,False,False
2.23,1.965856332623491,0.26414366737650896,False,False,False
2.23,1.965856332623491,0.26414366737650896,False,False,False
2.23,2.256020583401028,0.026020583401027864,False,False,False
2.23,2.225790086678902,0.004209913321097769,False,False,False
2.23,1.998653665407938,0.2313463345920619,False,False,False
2.23,1.980614117909429,0.249385882090571,False,False,False
2.23,1.974280891447664,0.25571910855233604,False,False,False
2.23,2.2730658502535857,0.04306585025358567,False,False,False
2.23,2.0058170802244546,0.2241829197755454,False,False,False
2.23,1.9770857458308462,0.2529142541691538,False,False,False
2.23,1.965856332623491,0.26414366737650896,False,False,False
2.23,1.965856332623491,0.26414366737650896,False,False,False
2.23,2.354718794266035,0.12471879426603483,False,False,False
2.23,2.477957397676495,0.24795739767649483,False,False,False
2.23,2.397321092306541,0.1673210923065409,False,False,False
2.23,1.9877790176667234,0.2422209823332766,False,False,False
2.23,2.108026472018426,0.12197352798157413,False,False,False
2.23,2.5491952664461803,0.31919526644618035,False,False,False
2.23,2.521959942093309,0.291959942093309,False,False,False
2.23,2.4832417141750724,0.25324171417507246,False,False,False
2.23,2.046856376850598,0.18314362314940213,False,False,False
2.23,1.9724662108004662,0.25753378919953374,False,False,False
2.23,1.9724662108004662,0.25753378919953374,False,False,False
2.23,1.9206481734876273,0.3093518265123727,False,False,False
2.23,1.9790536407068213,0.25094635929317866,False,False,False
2.23,1.934811873710283,0.2951881262897169,False,False,False
2.23,2.242273580126583,0.012273580126583195,False,False,False
2.23,2.0101599994431587,0.21984000055684128,False,False,False
2.23,1.965856332623491,0.26414366737650896,False,False,False
2.23,1.965856332623491,0.26414366737650896,False,False,False
2.23,1.946010421776843,0.28398957822315696,False,False,False
2.23,2.2869928769971226,0.05699287699712263,False,False,False
2.23,2.083815330523135,0.14618466947686493,False,False,False
2.23,1.9276692609637935,0.30233073903620644,False,False,False
2.23,2.264791770823233,0.03479177082323304,False,False,False
2.23,2.193629976497239,0.03637002350276086,False,False,False
2.23,2.0924653020856376,0.13753469791436235,False,False,False
2.23,2.183371017351216,0.04662898264878379,False,False,False
2.23,2.078340316190016,0.15165968380998418,False,False,False
2.23,2.7500684925264545,0.5200684925264545,False,False,False
2.23,2.800718645323776,0.570718645323776,False,False,False
2.23,2.800718645323776,0.570718645323776,False,False,False
2.23,2.644615569764735,0.4146155697647349,False,False,False
2.23,2.800718645323776,0.570718645323776,False,False,False
2.23,2.800718645323776,0.570718645323776,False,False,False
2.23,2.800718645323776,0.570718645323776,False,False,False
2.23,2.787995514100391,0.5579955141003912,False,False,False
2.23,2.800718645323776,0.570718645323776,False,False,False
2.23,2.800718645323776,0.570718645323776,False,False,False
2.23,2.6431024644020793,0.4131024644020793,False,False,False
2.23,2.820642594672753,0.5906425946727532,False,False,False
2.23,2.644615569764735,0.4146155697647349,False,False,False
2.23,2.836872278491586,0.6068722784915859,False,False,False
2.23,2.8367414805985045,0.6067414805985045,False,False,False
2.23,2.800718645323776,0.570718645323776,False,False,False
2.23,2.836872278491586,0.6068722784915859,False,False,False
2.23,2.8367414805985045,0.6067414805985045,False,False,False
2.23,2.800718645323776,0.570718645323776,False,False,False
2.23,2.800718645323776,0.570718645323776,False,False,False
2.23,2.800718645323776,0.570718645323776,False,False,False
2.23,2.800718645323776,0.570718645323776,False,False,False
2.23,2.800718645323776,0.570718645323776,False,False,False
2.23,2.7305212695134253,0.5005212695134253,False,False,False
2.23,2.7305212695134253,0.5005212695134253,False,False,False
2.23,2.7305212695134253,0.5005212695134253,False,False,False
2.23,2.630475596314412,0.4004755963144122,False,False,False
2.23,2.7305212695134253,0.5005212695134253,False,False,False
2.23,2.7305212695134253,0.5005212695134253,False,False,False
2.23,2.7305212695134253,0.5005212695134253,False,False,False
2.23,2.7305212695134253,0.5005212695134253,False,False,False
2.23,2.7305212695134253,0.5005212695134253,False,False,False
2.23,2.7305212695134253,0.5005212695134253,False,False,False
2.23,2.6125001801025935,0.38250018010259357,False,False,False
2.23,2.669025729784246,0.4390257297842459,False,False,False
2.23,2.6855392597843992,0.45553925978439924,False,False,False
2.23,2.738065941434106,0.508065941434106,False,False,False
2.23,2.738065941434106,0.508065941434106,False,False,False
2.23,2.603592966678311,0.3735929666783111,False,False,False
2.23,2.738065941434106,0.508065941434106,False,False,False
2.23,2.679284301297673,0.44928430129767305,False,False,False
2.23,2.6098123168014475,0.37981231680144756,False,False,False
2.23,2.723481336235099,0.49348133623509893,False,False,False
2.23,2.787995514100391,0.5579955141003912,False,False,False
2.23,2.800718645323776,0.570718645323776,False,False,False
2.23,2.787995514100391,0.5579955141003912,False,False,False
2.23,2.632415002850906,0.40241500285090614,False,False,False
2.23,2.3412262147510896,0.11122621475108962,False,False,False
2.23,1.9962636880450684,0.2337363119549316,False,False,False
2.23,2.3840084215432285,0.15400842154322847,False,False,False
2.23,2.3322211284010628,0.10222112840106279,False,False,False
2.23,2.036697201445523,0.19330279855447685,False,False,False
2.23,2.800718645323776,0.570718645323776,False,False,False
2.23,2.632415002850906,0.40241500285090614,False,False,False
2.23,2.787995514100391,0.5579955141003912,False,False,False
2.23,2.4010745347623526,0.17107453476235257,False,False,False
2.23,2.082601756086157,0.14739824391384282,False,False,False
2.23,2.302106761121797,0.07210676112179693,False,False,False
2.23,2.3009351912550873,0.0709351912550873,False,False,False
2.23,2.0655064167068726,0.16449358329312735,False,False,False
2.23,2.191079929004715,0.03892007099528483,False,False,False
2.23,2.2086828461464223,0.021317153853577686,False,False,False
2.23,2.0209275375040443,0.20907246249595568,False,False,False
2.23,2.4340277224804248,0.20402772248042478,False,False,False
2.23,2.332997995258099,0.10299799525809883,False,False,False
2.23,2.3009351912550873,0.0709351912550873,False,False,False
2.23,2.20643339981112,0.023566600188880127,False,False,False
2.23,2.0442595643976196,0.1857404356023804,False,False,False
2.23,2.0812856955765,0.1487143044235002,False,False,False
2.23,2.800718645323776,0.570718645323776,False,False,False
2.23,2.644615569764735,0.4146155697647349,False,False,False
2.23,2.800718645323776,0.570718645323776,False,False,False
2.23,2.800718645323776,0.570718645323776,False,False,False
2.23,2.644615569764735,0.4146155697647349,False,False,False
2.23,2.7798362962051644,0.5498362962051644,False,False,False
2.23,2.738065941434106,0.508065941434106,False,False,False
2.23,2.800718645323776,0.570718645323776,False,False,False
2.23,2.644615569764735,0.4146155697647349,False,False,False
2.23,2.800718645323776,0.570718645323776,False,False,False
2.23,2.800718645323776,0.570718645323776,False,False,False
2.23,2.800718645323776,0.570718645323776,False,False,False
2.23,2.644615569764735,0.4146155697647349,False,False,False
2.23,2.800718645323776,0.570718645323776,False,False,False
2.23,2.787995514100391,0.5579955141003912,False,False,False
2.23,2.800718645323776,0.570718645323776,False,False,False
2.23,2.6669676787475805,0.43696767874758047,False,False,False
2.23,2.9600355097885664,0.7300355097885665,False,False,False
2.23,2.938462071145764,0.7084620711457639,False,False,False
2.15,2.3491409273225052,0.19914092732250532,False,False,False
2.15,1.998446697162871,0.15155330283712898,False,False,False
2.15,1.98850932016295,0.1614906798370499,False,False,False
2.15,1.934811873710283,0.21518812628971684,False,False,False
2.15,1.965856332623491,0.1841436673765089,False,False,False
2.15,2.200835317950025,0.05083531795002516,False,False,False
2.15,2.0133440360149626,0.13665596398503732,False,False,False
2.15,2.1486952288833514,0.0013047711166485065,False,False,False
2.15,2.3270357681501745,0.17703576815017463,False,False,False
2.15,2.3046046250250916,0.15460462502509165,False,False,False
2.15,2.2423961284393354,0.09239612843933553,False,False,False
2.15,2.0027118875332808,0.14728811246671913,False,False,False
2.15,2.200835317950025,0.05083531795002516,False,False,False
2.15,2.055978491746794,0.09402150825320588,False,False,False
2.15,2.2175916899532275,0.06759168995322762,False,False,False
2.15,2.001825531002658,0.14817446899734188,False,False,False
2.15,2.200835317950025,0.05083531795002516,False,False,False
2.15,2.2443300958898136,0.09433009588981367,False,False,False
2.15,2.3156148071796583,0.16561480717965837,False,False,False
2.15,2.377282615440556,0.22728261544055606,False,False,False
2.15,2.041904212646034,0.10809578735396608,False,False,False
2.15,2.3365870954165424,0.1865870954165425,False,False,False
2.15,2.2769926790911446,0.12699267909114464,False,False,False
2.15,2.0447434387186956,0.10525656128130434,False,False,False
2.15,2.461930798545295,0.31193079854529504,False,False,False
2.15,2.469680668144829,0.3196806681448292,False,False,False
2.15,2.469680668144829,0.3196806681448292,False,False,False
2.15,2.363138805741075,0.21313880574107502,False,False,False
2.15,2.2735779768505013,0.12357797685050143,False,False,False
2.15,2.001825531002658,0.14817446899734188,False,False,False
2.15,2.200835317950025,0.05083531795002516,False,False,False
2.15,2.517216800142818,0.3672168001428182,False,False,False
2.15,2.285784426975198,0.135784426975198,False,False,False
2.15,2.2735779768505013,0.12357797685050143,False,False,False
2.15,2.33263335426747,0.18263335426747007,False,False,False
2.15,2.001825531002658,0.14817446899734188,False,False,False
2.15,1.965856332623491,0.1841436673765089,False,False,False
2.15,2.231282671915074,0.0812826719150741,False,False,False
2.15,2.0302765363828703,0.1197234636171296,False,False,False
2.15,1.965856332623491,0.1841436673765089,False,False,False
2.15,1.965856332623491,0.1841436673765089,False,False,False
2.15,2.200835317950025,0.05083531795002516,False,False,False
2.15,2.045908417931628,0.1040915820683721,False,False,False
2.15,1.965856332623491,0.1841436673765089,False,False,False
2.15,1.965856332623491,0.1841436673765089,False,False,False
2.15,2.170928832938387,0.02092883293838721,False,False,False
2.15,2.200835317950025,0.05083531795002516,False,False,False
2.15,2.001825531002658,0.14817446899734188,False,False,False
2.15,2.373499517011016,0.2234995170110161,False,False,False
2.15,2.3046046250250916,0.15460462502509165,False,False,False
2.15,2.0447434387186956,0.10525656128130434,False,False,False
2.15,1.965856332623491,0.1841436673765089,False,False,False
2.15,2.200835317950025,0.05083531795002516,False,False,False
2.15,2.3861015394552902,0.23610153945529033,False,False,False
2.15,2.2920163370372393,0.14201633703723937,False,False,False
2.15,2.3149571407275644,0.1649571407275645,False,False,False
2.15,2.0101742420567494,0.13982575794325047,False,False,False
2.15,2.280922468757308,0.13092246875730806,False,False,False
2.15,2.055978491746794,0.09402150825320588,False,False,False
2.15,2.2122983677347006,0.062298367734700655,False,False,False
2.15,2.001825531002658,0.14817446899734188,False,False,False
2.15,1.9377093253168818,0.21229067468311813,False,False,False
2.15,1.9770857458308462,0.17291425416915374,False,False,False
2.15,1.983845424155564,0.16615457584443583,False,False,False
2.15,1.976753000007494,0.17324699999250592,False,False,False
2.15,2.200835317950025,0.05083531795002516,False,False,False
2.15,2.260473536967924,0.11047353696792417,False,False,False
2.15,1.995395065404736,0.1546049345952638,False,False,False
2.15,1.965856332623491,0.1841436673765089,False,False,False
2.15,2.248636131935836,0.09863613193583598,False,False,False
2.15,2.268335741585593,0.11833574158559301,False,False,False
2.15,2.0411096880815287,0.1088903119184712,False,False,False
2.15,2.071308369452129,0.07869163054787087,False,False,False
2.15,1.965856332623491,0.1841436673765089,False,False,False
2.15,1.965856332623491,0.1841436673765089,False,False,False
2.15,1.965856332623491,0.1841436673765089,False,False,False
2.15,1.965856332623491,0.1841436673765089,False,False,False
2.15,1.965856332623491,0.1841436673765089,False,False,False
2.15,1.934811873710283,0.21518812628971684,False,False,False
2.15,2.5064902564309057,0.3564902564309058,False,False,False
2.15,2.0275109968670235,0.12248900313297639,False,False,False
2.15,2.2175916899532275,0.06759168995322762,False,False,False
2.15,2.30285784125983,0.15285784125983026,False,False,False
2.15,2.0447434387186956,0.10525656128130434,False,False,False
2.15,2.32054612157091,0.1705461215709101,False,False,False
2.15,1.9839451703173085,0.16605482968269136,False,False,False
2.15,1.9398395645023059,0.21016043549769403,False,False,False
2.15,2.2639668613356574,0.11396686133565748,False,False,False
2.15,2.7500684925264545,0.6000684925264546,False,False,False
2.15,2.787995514100391,0.6379955141003912,False,False,False
2.15,2.2983698307005724,0.14836983070057252,False,False,False
2.15,1.9881990536879424,0.16180094631205755,False,False,False
2.15,1.9772368178250046,0.1727631821749953,False,False,False
2.15,1.965856332623491,0.1841436673765089,False,False,False
2.15,1.965856332623491,0.1841436673765089,False,False,False
2.15,1.965856332623491,0.1841436673765089,False,False,False
2.15,2.279310888816884,0.1293108888168839,False,False,False
2.15,2.4195616867673495,0.2695616867673496,False,False,False
2.15,2.4195616867673495,0.2695616867673496,False,False,False
2.15,2.3895649730013733,0.23956497300137336,False,False,False
2.15,2.422492757966375,0.2724927579663752,False,False,False
2.15,2.463473130283666,0.3134731302836662,False,False,False
2.15,2.44941744917223,0.2994174491722301,False,False,False
2.15,2.5078790196233904,0.3578790196233905,False,False,False
2.15,2.4608708095019622,0.31087080950196233,False,False,False
2.15,2.4195616867673495,0.2695616867673496,False,False,False
2.15,2.0101599994431587,0.1398400005568412,False,False,False
2.15,2.3469141914470817,0.19691419144708178,False,False,False
2.15,2.225790086678902,0.0757900866789023,False,False,False
2.15,2.0251382350574256,0.12486176494257428,False,False,False
2.15,1.9615787828659208,0.1884212171340791,False,False,False
2.15,2.3105047271356876,0.16050472713568764,False,False,False
2.15,2.262770931364475,0.11277093136447514,False,False,False
2.15,2.0101599994431587,0.1398400005568412,False,False,False
2.15,1.965856332623491,0.1841436673765089,False,False,False
2.15,1.934811873710283,0.21518812628971684,False,False,False
2.15,2.4776409537397885,0.32764095373978863,False,False,False
2.15,2.451971954100806,0.3019719541008059,False,False,False
2.15,2.4195616867673495,0.2695616867673496,False,False,False
2.15,2.349536372803435,0.19953637280343495,False,False,False
2.15,2.3245467707255014,0.1745467707255015,False,False,False
2.15,2.3245467707255014,0.1745467707255015,False,False,False
2.15,2.3245467707255014,0.1745467707255015,False,False,False
2.15,2.0101599994431587,0.1398400005568412,False,False,False
2.15,1.965856332623491,0.1841436673765089,False,False,False
2.15,2.287308124438176,0.1373081244381762,False,False,False
2.15,1.9877790176667234,0.16222098233327653,False,False,False
2.15,2.3119052829029907,0.16190528290299078,False,False,False
2.15,2.5848235988186965,0.4348235988186966,False,False,False
2.15,2.0246619788280222,0.12533802117197768,False,False,False
2.15,2.394966371776524,0.24496637177652403,False,False,False
2.15,2.3771397324260715,0.22713973242607155,False,False,False
2.15,2.451971954100806,0.3019719541008059,False,False,False
2.15,2.0818963358591085,0.06810366414089142,False,False,False
2.15,1.965856332623491,0.1841436673765089,False,False,False
2.15,2.3105047271356876,0.16050472713568764,False,False,False
2.15,2.4274553761294557,0.2774553761294558,False,False,False
2.15,2.0447434387186956,0.10525656128130434,False,False,False
2.15,1.965856332623491,0.1841436673765089,False,False,False
2.15,2.200835317950025,0.05083531795002516,False,False,False
2.15,2.2579077639922818,0.10790776399228186,False,False,False
2.15,2.0447434387186956,0.10525656128130434,False,False,False
2.15,1.965856332623491,0.1841436673765089,False,False,False
2.15,1.965856332623491,0.1841436673765089,False,False,False
2.15,2.200835317950025,0.05083531795002516,False,False,False
2.15,2.3017966389966684,0.1517966389966685,False,False,False
2.15,2.0133440360149626,0.13665596398503732,False,False,False
2.15,1.965856332623491,0.1841436673765089,False,False,False
2.15,2.257531441753812,0.10753144175381202,False,False,False
2.15,2.001825531002658,0.14817446899734188,False,False,False
2.15,2.1563895087694798,0.006389508769479857,False,False,False
2.15,2.1826193204149362,0.032619320414936315,False,False,False
2.15,1.9601431101683104,0.18985688983168947,False,False,False
2.15,2.1412802626126317,0.008719737387368198,False,False,False
2.15,2.1826193204149362,0.032619320414936315,False,False,False
2.15,2.237840411481765,0.08784041148176502,False,False,False
2.15,2.1789720369498164,0.028972036949816538,False,False,False
2.15,2.3257795084846244,0.17577950848462454,False,False,False
2.15,1.9881990536879424,0.16180094631205755,False,False,False
2.15,1.921547374128905,0.22845262587109483,False,False,False
2.15,2.3456100009200953,0.1956100009200954,False,False,False
2.15,2.038689998090632,0.1113100019093678,False,False,False
2.15,2.28682495844639,0.1368249584463901,False,False,False
2.15,2.3488565679376405,0.19885656793764062,False,False,False
2.15,2.0133440360149626,0.13665596398503732,False,False,False
2.15,1.965856332623491,0.1841436673765089,False,False,False
2.15,2.200835317950025,0.05083531795002516,False,False,False
2.15,2.2735779768505013,0.12357797685050143,False,False,False
2.15,2.0551849938735,0.09481500612649985,False,False,False
2.15,1.9770857458308462,0.17291425416915374,False,False,False
2.15,2.1711594359775472,0.021159435977547325,False,False,False
2.15,2.216653615115034,0.06665361511503409,False,False,False
2.15,1.9912340238994957,0.15876597610050425,False,False,False
2.15,2.3162973395270785,0.1662973395270786,False,False,False
2.15,2.285657425546845,0.135657425546845,False,False,False
2.15,2.280756702559631,0.13075670255963123,False,False,False
2.15,2.2739639026493066,0.12396390264930668,False,False,False
2.15,1.9291584531739678,0.22084154682603208,False,False,False
2.15,1.9772368178250046,0.1727631821749953,False,False,False
2.15,2.200835317950025,0.05083531795002516,False,False,False
2.3,2.001825531002658,0.2981744689973418,False,False,False
2.3,2.2221343286398643,0.07786567136013556,False,False,False
2.3,2.034461959959864,0.2655380400401359,False,False,False
2.3,1.9805258183037968,0.319474181696203,False,False,False
2.3,1.981248115492047,0.3187518845079529,False,False,False
2.3,2.0460762905232737,0.25392370947672616,False,False,False
2.3,1.9705482624296655,0.3294517375703343,False,False,False
2.3,2.0167638148204907,0.2832361851795091,False,False,False
2.3,1.9650040230640244,0.3349959769359754,False,False,False
2.3,1.981248115492047,0.3187518845079529,False,False,False
2.3,2.052075729908721,0.24792427009127893,False,False,False
2.3,2.0282070549310345,0.27179294506896534,False,False,False
2.3,1.9650040230640244,0.3349959769359754,False,False,False
2.3,1.9533809084139353,0.3466190915860645,False,False,False
2.3,1.9419450930889544,0.35805490691104547,False,False,False
2.3,1.9285719006127424,0.3714280993872574,False,False,False
2.3,1.9285719006127424,0.3714280993872574,False,False,False
2.3,2.049908326410558,0.25009167358944184,False,False,False
2.3,2.0527105417592715,0.24728945824072834,False,False,False
2.3,1.9656548018070206,0.33434519819297925,False,False,False
2.3,2.041036555821438,0.258963444178562,False,False,False
2.3,2.0514653986991642,0.2485346013008356,False,False,False
2.3,2.0396725422923763,0.26032745770762356,False,False,False
2.3,1.9278623658248089,0.37213763417519097,False,False,False
2.3,1.9426580406687664,0.35734195933123347,False,False,False
2.3,2.0210261162718,0.27897388372819965,False,False,False
2.3,2.032485524217125,0.2675144757828747,False,False,False
2.3,1.9650040230640244,0.3349959769359754,False,False,False
2.3,1.981248115492047,0.3187518845079529,False,False,False
2.3,2.0313863359264435,0.26861366407355636,False,False,False
2.3,2.0396725422923763,0.26032745770762356,False,False,False
2.3,2.0282070549310345,0.27179294506896534,False,False,False
2.3,2.0282070549310345,0.27179294506896534,False,False,False
2.3,1.9650040230640244,0.3349959769359754,False,False,False
2.3,1.940764017904217,0.3592359820957829,False,False,False
2.3,2.052075729908721,0.24792427009127893,False,False,False
2.3,2.0282070549310345,0.27179294506896534,False,False,False
2.3,1.9419450930889544,0.35805490691104547,False,False,False
2.3,2.0167638148204907,0.2832361851795091,False,False,False
2.3,2.0282070549310345,0.27179294506896534,False,False,False
2.3,2.0282070549310345,0.27179294506896534,False,False,False
2.3,1.9650040230640244,0.3349959769359754,False,False,False
2.3,1.9657225587183236,0.33427744128167625,False,False,False
2.3,1.9426580406687664,0.35734195933123347,False,False,False
2.3,2.063472630292253,0.2365273697077468,False,False,False
2.3,1.9985172358351142,0.3014827641648856,False,False,False
2.3,2.023858626008017,0.2761413739919827,False,False,False
2.3,2.3469654956258155,0.046965495625815645,False,False,False
2.3,2.054775327369496,0.24522467263050363,False,False,False
2.3,2.2523363703681083,0.047663629631891524,False,False,False
2.3,2.1976060021875536,0.10239399781244618,False,False,False
2.3,2.1200468003916195,0.1799531996083803,False,False,False
2.3,2.123573223069045,0.17642677693095488,False,False,False
2.3,2.371667301988916,0.07166730198891624,False,False,False
2.3,2.1382046561398664,0.1617953438601334,False,False,False
2.3,2.123573223069045,0.17642677693095488,False,False,False
2.3,2.3505167207056092,0.05051672070560942,False,False,False
2.3,2.1382046561398664,0.1617953438601334,False,False,False
2.3,2.123573223069045,0.17642677693095488,False,False,False
2.3,2.123573223069045,0.17642677693095488,False,False,False
2.3,2.3505167207056092,0.05051672070560942,False,False,False
2.3,2.300077704357561,7.770435756127014e-05,False,False,False
2.3,2.0488864981631076,0.2511135018368922,False,False,False
2.3,2.123573223069045,0.17642677693095488,False,False,False
2.3,2.3236890264970995,0.023689026497099697,False,False,False
2.3,2.299272270021209,0.0007277299787906699,False,False,False
2.3,2.013869796435084,0.28613020356491603,False,False,False
2.3,2.2396181909300155,0.06038180906998436,False,False,False
2.3,2.211486892622722,0.08851310737727802,False,False,False
2.3,2.0649757163931346,0.23502428360686523,False,False,False
2.3,2.1553151500993573,0.14468484990064256,False,False,False
2.3,2.0865261873378818,0.21347381266211807,False,False,False
2.3,2.002828047814533,0.297171952185467,False,False,False
2.3,2.0627304117376686,0.23726958826233124,False,False,False
2.3,2.0616415727735244,0.23835842722647538,False,False,False
2.3,2.0957273876298097,0.20427261237019012,False,False,False
2.3,2.0941946870197343,0.2058053129802655,False,False,False
2.3,2.1267729114171416,0.17322708858285818,False,False,False
2.3,2.036599562911606,0.2634004370883938,False,False,False
2.3,2.2099165382859565,0.09008346171404336,False,False,False
2.3,2.0001919127150023,0.2998080872849975,False,False,False
2.3,2.1024483578507582,0.1975516421492416,False,False,False
2.3,2.137819594487774,0.1621804055122258,False,False,False
2.3,2.0622031299632395,0.2377968700367603,False,False,False
2.3,2.0737837007842934,0.2262162992157064,False,False,False
2.3,2.118663197652391,0.18133680234760874,False,False,False
2.3,2.110158683455714,0.18984131654428582,False,False,False
2.3,2.0622031299632395,0.2377968700367603,False,False,False
2.3,2.0467977289587553,0.2532022710412445,False,False,False
2.3,2.003814510920725,0.2961854890792748,False,False,False
2.3,2.0454695351510415,0.25453046484895836,False,False,False
2.3,1.9862167078394348,0.313783292160565,False,False,False
2.3,1.9852695282103339,0.31473047178966596,False,False,False
2.3,2.059063706178362,0.24093629382163773,False,False,False
2.3,2.017336421270976,0.2826635787290237,False,False,False
2.3,1.9892335520638293,0.3107664479361705,False,False,False
2.3,2.040976112170671,0.2590238878293287,False,False,False
2.3,1.9778072093559018,0.322192790644098,False,False,False
2.3,1.965856332623491,0.3341436673765088,False,False,False
2.3,2.027599354196731,0.27240064580326884,False,False,False
2.3,1.9778072093559018,0.322192790644098,False,False,False
2.3,2.1486952288833514,0.15130477111664842,False,False,False
2.3,2.0229191081912914,0.27708089180870843,False,False,False
2.3,1.9778072093559018,0.322192790644098,False,False,False
2.3,1.9846358615784787,0.3153641384215211,False,False,False
2.3,2.027599354196731,0.27240064580326884,False,False,False
2.3,1.9892335520638293,0.3107664479361705,False,False,False
2.3,2.080676064851969,0.21932393514803072,False,False,False
2.3,1.9778072093559018,0.322192790644098,False,False,False
2.3,1.934811873710283,0.36518812628971675,False,False,False
2.3,2.081324637409485,0.21867536259051468,False,False,False
2.3,2.041468742460265,0.25853125753973494,False,False,False
2.3,1.9778072093559018,0.322192790644098,False,False,False
2.3,2.02193729120633,0.2780627087936698,False,False,False
2.3,2.0029337676003403,0.29706623239965957,False,False,False
2.3,2.2175916899532275,0.08240831004677229,False,False,False
2.3,2.001825531002658,0.2981744689973418,False,False,False
2.3,1.965856332623491,0.3341436673765088,False,False,False
2.3,1.965856332623491,0.3341436673765088,False,False,False
2.3,1.9760273546165124,0.32397264538348747,False,False,False
2.3,1.9459237454665903,0.3540762545334095,False,False,False
2.3,2.4882293766101933,0.18822937661019346,False,False,False
2.3,2.406180723087818,0.10618072308781823,False,False,False
2.3,2.7154029824384924,0.4154029824384926,False,False,False
2.3,2.4181149975985794,0.11811499759857957,False,False,False
2.3,2.0447434387186956,0.25525656128130425,False,False,False
2.3,2.0193604086913832,0.2806395913086166,False,False,False
2.3,2.257531441753812,0.04246855824618789,False,False,False
2.3,2.3731640718979623,0.07316407189796248,False,False,False
2.3,2.0140808443356897,0.28591915566431014,False,False,False
2.3,2.2745846179494285,0.025415382050571367,False,False,False
2.3,2.055978491746794,0.2440215082532058,False,False,False
2.3,2.1412802626126317,0.1587197373873681,False,False,False
2.3,2.017336421270976,0.2826635787290237,False,False,False
2.3,1.8944239176088953,0.40557608239110454,False,False,False
2.3,1.921358276508946,0.37864172349105374,False,False,False
2.3,2.1028193901317613,0.1971806098682385,False,False,False
2.3,1.9892335520638293,0.3107664479361705,False,False,False
2.3,2.0842185698886917,0.21578143011130813,False,False,False
2.3,2.0033758847349468,0.29662411526505306,False,False,False
2.3,2.017294021813672,0.2827059781863279,False,False,False
2.3,2.012945421478172,0.2870545785218277,False,False,False
2.3,2.0165467097699468,0.28345329023005306,False,False,False
2.3,2.0185793061145327,0.2814206938854671,False,False,False
2.3,1.9578987097417886,0.34210129025821123,False,False,False
2.3,1.9913223928679145,0.30867760713208536,False,False,False
2.3,1.9426337283963124,0.3573662716036874,False,False,False
2.3,1.920456341458912,0.37954365854108785,False,False,False
2.3,2.067229011404199,0.2327709885958007,False,False,False
2.3,2.0436269897495998,0.25637301025040005,False,False,False
2.3,2.032485524217125,0.2675144757828747,False,False,False
2.3,1.9650040230640244,0.3349959769359754,False,False,False
2.3,2.021346990342001,0.27865300965799866,False,False,False
2.3,1.9705482624296655,0.3294517375703343,False,False,False
2.3,2.0210261162718,0.27897388372819965,False,False,False
2.3,2.036816792060608,0.26318320793939165,False,False,False
2.3,1.9468366618451847,0.35316333815481515,False,False,False
2.3,2.0033758847349468,0.29662411526505306,False,False,False
2.3,1.9913223928679145,0.30867760713208536,False,False,False
2.3,1.9698381945198205,0.33016180548017937,False,False,False
2.3,1.9622633509540064,0.33773664904599343,False,False,False
2.3,2.0033758847349468,0.29662411526505306,False,False,False
2.3,1.9468366618451847,0.35316333815481515,False,False,False
2.3,1.959577969500677,0.34042203049932285,False,False,False
2.3,1.9765957137419612,0.32340428625803863,False,False,False
2.3,1.9878865875243332,0.3121134124756666,False,False,False
2.3,1.9468366618451847,0.35316333815481515,False,False,False
2.3,2.0033758847349468,0.29662411526505306,False,False,False
2.3,2.0028005955881634,0.29719940441183645,False,False,False
2.3,1.9622633509540064,0.33773664904599343,False,False,False
2.3,1.9246275991744204,0.37537240082557943,False,False,False
2.3,1.9800185355791946,0.3199814644208052,False,False,False
2.3,2.0028005955881634,0.29719940441183645,False,False,False
2.3,1.9622633509540064,0.33773664904599343,False,False,False
2.3,1.9106277686116,0.3893722313883998,False,False,False
2.3,2.0033758847349468,0.29662411526505306,False,False,False
2.3,1.9468366618451847,0.35316333815481515,False,False,False
2.3,2.0033758847349468,0.29662411526505306,False,False,False
2.3,1.9950285063433002,0.3049714936566996,False,False,False
2.3,2.0033758847349468,0.29662411526505306,False,False,False
2.27,1.9628820704288747,0.30711792957112527,False,False,False
2.27,2.1680539844016784,0.10194601559832162,False,False,False
2.27,2.742043403046757,0.47204340304675707,False,False,False
2.27,2.7112338830954545,0.4412338830954545,False,False,False
2.27,2.7112338830954545,0.4412338830954545,False,False,False
2.27,2.6927838674652764,0.4227838674652764,False,False,False
2.27,2.2146936442319944,0.05530635576800558,False,False,False
2.27,2.3373727128843322,0.06737271288433222,False,False,False
2.27,2.19978125248341,0.07021874751659007,False,False,False
2.27,2.048404434916842,0.2215955650831578,False,False,False
2.27,2.1218941303245265,0.14810586967547357,False,False,False
2.27,2.4414476169515074,0.17144761695150734,False,False,False
2.27,2.149217982826473,0.12078201717352721,False,False,False
2.27,2.1705079390998714,0.09949206090012863,False,False,False
2.27,2.1690493207343944,0.10095067926560564,False,False,False
2.27,2.067102260143004,0.20289773985699622,False,False,False
2.27,2.4304969826888136,0.16049698268881363,False,False,False
2.27,2.1507847277387246,0.11921527226127537,False,False,False
2.27,2.3934979155999807,0.12349791559998069,False,False,False
2.27,2.370078678107742,0.10007867810774185,False,False,False
2.27,2.2424718642189827,0.027528135781017316,False,False,False
2.27,2.172238848330453,0.09776115166954691,False,False,False
2.27,2.300880119519982,0.030880119519982152,False,False,False
2.27,2.1903915400077336,0.0796084599922664,False,False,False
2.27,2.1664175155586576,0.10358248444134244,False,False,False
2.27,2.157448735676966,0.11255126432303397,False,False,False
2.27,2.0871386772327853,0.18286132276721467,False,False,False
2.27,2.3934979155999807,0.12349791559998069,False,False,False
2.27,2.172238848330453,0.09776115166954691,False,False,False
2.27,2.157448735676966,0.11255126432303397,False,False,False
2.27,2.3971358163201812,0.12713581632018123,False,False,False
2.27,2.258067831931966,0.011932168068033988,False,False,False
2.27,2.058846460523302,0.2111535394766979,False,False,False
2.27,2.159715676316044,0.11028432368395613,False,False,False
2.27,2.330070527846302,0.06007052784630185,False,False,False
2.27,2.3871113260360435,0.11711132603604346,False,False,False
2.27,2.07004060051415,0.19995939948584995,False,False,False
2.27,2.0871386772327853,0.18286132276721467,False,False,False
2.27,2.461639656808335,0.19163965680833517,False,False,False
2.27,2.258067831931966,0.011932168068033988,False,False,False
2.27,2.058846460523302,0.2111535394766979,False,False,False
2.27,2.255155833015173,0.014844166984826934,False,False,False
2.27,2.172238848330453,0.09776115166954691,False,False,False
2.27,2.7236991871116634,0.45369918711166335,False,False,False
2.27,2.7112338830954545,0.4412338830954545,False,False,False
2.27,2.7236991871116634,0.45369918711166335,False,False,False
2.27,2.7236991871116634,0.45369918711166335,False,False,False
2.27,2.7236991871116634,0.45369918711166335,False,False,False
2.27,2.7236991871116634,0.45369918711166335,False,False,False
2.27,2.759120186928038,0.48912018692803816,False,False,False
2.27,2.7947487561298705,0.5247487561298705,False,False,False
2.27,2.7589920395818144,0.48899203958181436,False,False,False
2.27,2.7236991871116634,0.45369918711166335,False,False,False
2.27,2.7236991871116634,0.45369918711166335,False,False,False
2.27,2.7236991871116634,0.45369918711166335,False,False,False
2.27,2.7236991871116634,0.45369918711166335,False,False,False
2.27,2.7236991871116634,0.45369918711166335,False,False,False
2.27,2.7236991871116634,0.45369918711166335,False,False,False
2.27,2.7236991871116634,0.45369918711166335,False,False,False
2.27,2.7236991871116634,0.45369918711166335,False,False,False
2.27,2.7236991871116634,0.45369918711166335,False,False,False
2.27,2.7236991871116634,0.45369918711166335,False,False,False
2.27,2.7236991871116634,0.45369918711166335,False,False,False
2.27,2.7112338830954545,0.4412338830954545,False,False,False
2.27,2.7236991871116634,0.45369918711166335,False,False,False
2.27,2.3758254701982118,0.10582547019821176,False,False,False
2.27,2.7236991871116634,0.45369918711166335,False,False,False
2.27,2.7112338830954545,0.4412338830954545,False,False,False
2.27,2.7112338830954545,0.4412338830954545,False,False,False
2.27,2.417030600095489,0.14703060009548885,False,False,False
2.27,2.2786348173404996,0.008634817340499534,False,False,False
2.27,2.058846460523302,0.2111535394766979,False,False,False
2.27,2.157448735676966,0.11255126432303397,False,False,False
2.27,2.4501506430973183,0.18015064309731832,False,False,False
2.27,2.5479609375493566,0.2779609375493566,False,False,False
2.27,2.7236991871116634,0.45369918711166335,False,False,False
2.27,2.7236991871116634,0.45369918711166335,False,False,False
2.27,2.7236991871116634,0.45369918711166335,False,False,False
2.27,2.7236991871116634,0.45369918711166335,False,False,False
2.27,2.7112338830954545,0.4412338830954545,False,False,False
2.27,2.7112338830954545,0.4412338830954545,False,False,False
2.27,2.5883502364110935,0.3183502364110935,False,False,False
2.27,2.545051936217872,0.27505193621787205,False,False,False
2.27,2.7236991871116634,0.45369918711166335,False,False,False
2.27,2.7236991871116634,0.45369918711166335,False,False,False
2.27,2.7236991871116634,0.45369918711166335,False,False,False
2.27,2.7236991871116634,0.45369918711166335,False,False,False
2.27,2.7236991871116634,0.45369918711166335,False,False,False
2.27,2.7112338830954545,0.4412338830954545,False,False,False
2.27,2.1922640268938207,0.0777359731061793,False,False,False
2.27,2.157448735676966,0.11255126432303397,False,False,False
2.27,2.1218941303245265,0.14810586967547357,False,False,False
2.27,2.157448735676966,0.11255126432303397,False,False,False
2.27,2.3758254701982118,0.10582547019821176,False,False,False
2.27,2.3211285874495946,0.05112858744959459,False,False,False
2.27,2.258067831931966,0.011932168068033988,False,False,False
2.27,2.172238848330453,0.09776115166954691,False,False,False
2.27,2.177380549692132,0.09261945030786789,False,False,False
2.27,2.177380549692132,0.09261945030786789,False,False,False
2.27,2.4382129759751727,0.1682129759751727,False,False,False
2.27,2.3218693901738003,0.05186939017380032,False,False,False
2.27,2.176440274293586,0.09355972570641402,False,False,False
2.27,2.4077847364454357,0.13778473644543565,False,False,False
2.27,2.3291244804119264,0.05912448041192642,False,False,False
2.27,2.0841089323430104,0.1858910676569896,False,False,False
2.27,2.411224435350593,0.14122443535059315,False,False,False
2.27,2.3965336726455075,0.12653367264550752,False,False,False
2.27,2.058846460523302,0.2111535394766979,False,False,False
2.27,2.157448735676966,0.11255126432303397,False,False,False
2.27,2.3758254701982118,0.10582547019821176,False,False,False
2.27,2.3965336726455075,0.12653367264550752,False,False,False
2.27,2.4046218356016134,0.13462183560161334,False,False,False
2.27,2.288947476487601,0.0189474764876012,False,False,False
2.27,2.258067831931966,0.011932168068033988,False,False,False
2.27,2.3060378577040708,0.03603785770407075,False,False,False
2.27,2.2786348173404996,0.008634817340499534,False,False,False
2.27,2.0457832021107665,0.22421679788923354,False,False,False
2.27,2.157448735676966,0.11255126432303397,False,False,False
2.27,2.3971358163201812,0.12713581632018123,False,False,False
2.27,2.4416707893723433,0.17167078937234326,False,False,False
2.27,2.0706363661462617,0.19936363385373834,False,False,False
2.27,2.3758254701982118,0.10582547019821176,False,False,False
2.27,2.197479221938095,0.07252077806190504,False,False,False
2.27,2.1218941303245265,0.14810586967547357,False,False,False
2.27,2.6343650436111643,0.3643650436111643,False,False,False
2.27,2.139974444218426,0.13002555578157393,False,False,False
2.27,2.069729712893949,0.2002702871060511,False,False,False
2.27,2.190557798556954,0.07944220144304603,False,False,False
2.27,2.3758254701982118,0.10582547019821176,False,False,False
2.27,2.1922640268938207,0.0777359731061793,False,False,False
2.27,2.4149198213779983,0.1449198213779983,False,False,False
2.27,2.6462785284599426,0.3762785284599426,False,False,False
2.27,2.1142593452768503,0.15574065472314969,False,False,False
2.27,2.2395738046808122,0.030426195319187777,False,False,False
2.27,2.3617936724025816,0.09179367240258163,False,False,False
2.27,2.2442780410226773,0.025721958977322767,False,False,False
2.27,2.037172839757215,0.23282716024278516,False,False,False
2.27,2.38529591230733,0.11529591230732983,False,False,False
2.27,2.27320369173571,0.0032036917357101125,False,False,False
2.27,2.0693363801735023,0.20066361982649772,False,False,False
2.27,2.303082984092738,0.0330829840927378,False,False,False
2.27,2.258067831931966,0.011932168068033988,False,False,False
2.27,2.078155834595856,0.19184416540414384,False,False,False
2.27,2.255155833015173,0.014844166984826934,False,False,False
2.27,2.258067831931966,0.011932168068033988,False,False,False
2.27,2.078155834595856,0.19184416540414384,False,False,False
2.27,2.177380549692132,0.09261945030786789,False,False,False
2.27,2.1882769667220594,0.08172303327794062,False,False,False
2.27,2.189410842163496,0.08058915783650411,False,False,False
2.27,2.3934979155999807,0.12349791559998069,False,False,False
2.27,2.19978125248341,0.07021874751659007,False,False,False
2.27,2.181565091576949,0.0884349084230509,False,False,False
2.27,2.401578849510227,0.1315788495102268,False,False,False
2.27,2.436890504503879,0.1668905045038791,False,False,False
2.27,2.0878379046318227,0.1821620953681773,False,False,False
2.27,2.157448735676966,0.11255126432303397,False,False,False
2.27,2.425529295643587,0.15552929564358697,False,False,False
2.27,2.172238848330453,0.09776115166954691,False,False,False
2.27,2.157448735676966,0.11255126432303397,False,False,False
2.27,2.3758254701982118,0.10582547019821176,False,False,False
2.27,2.258067831931966,0.011932168068033988,False,False,False
2.27,2.172238848330453,0.09776115166954691,False,False,False
2.27,2.3971358163201812,0.12713581632018123,False,False,False
2.27,2.388031720105516,0.11803172010551588,False,False,False
2.27,2.146267712102837,0.12373228789716295,False,False,False
2.27,2.1218941303245265,0.14810586967547357,False,False,False
2.27,2.300880119519982,0.030880119519982152,False,False,False
2.27,2.172238848330453,0.09776115166954691,False,False,False
2.27,2.3321602094724483,0.06216020947244827,False,False,False
2.27,2.3965336726455075,0.12653367264550752,False,False,False
2.27,2.18441125765183,0.08558874234817004,False,False,False
2.27,2.3481875692206993,0.07818756922069925,False,False,False
2.27,2.172238848330453,0.09776115166954691,False,False,False
2.27,2.157448735676966,0.11255126432303397,False,False,False
2.27,2.3758254701982118,0.10582547019821176,False,False,False
2.27,2.457345896861882,0.1873458968618822,False,False,False
2.27,2.196137201299728,0.07386279870027224,False,False,False
2.27,2.369323447426269,0.09932344742626897,False,False,False
2.27,2.172238848330453,0.09776115166954691,False,False,False
2.27,2.401578849510227,0.1315788495102268,False,False,False
1.7,2.113073925092973,0.4130739250929729,False,False,False
1.7,1.9891267257276097,0.2891267257276098,False,False,False
1.7,2.0218948074361744,0.3218948074361745,False,False,False
1.7,2.0699916076084954,0.3699916076084955,False,False,False
1.7,2.0386418544687253,0.3386418544687253,False,False,False
1.7,2.0596932577708196,0.3596932577708196,False,False,False
1.7,2.019580352909575,0.31958035290957487,False,False,False
1.7,2.0596932577708196,0.3596932577708196,False,False,False
1.7,2.0699916076084954,0.3699916076084955,False,False,False
1.7,2.0699916076084954,0.3699916076084955,False,False,False
1.7,2.0893713369005544,0.3893713369005545,False,False,False
1.7,2.099965937679625,0.3999659376796252,False,False,False
1.7,2.019580352909575,0.31958035290957487,False,False,False
1.7,2.0790079773633363,0.37900797736333636,False,False,False
1.7,1.9680004238320499,0.2680004238320499,False,False,False
1.7,2.0596932577708196,0.3596932577708196,False,False,False
1.7,2.080303105056921,0.3803031050569212,False,False,False
1.7,2.0902646178560502,0.39026461785605027,False,False,False
1.7,2.0790079773633363,0.37900797736333636,False,False,False
1.7,2.042464014115685,0.34246401411568494,False,False,False
1.7,2.0816153008824223,0.38161530088242235,False,False,False
1.7,2.080303105056921,0.3803031050569212,False,False,False
1.7,2.019337241013165,0.3193372410131652,False,False,False
1.7,2.5723414475835353,0.8723414475835354,False,False,False
1.7,2.080303105056921,0.3803031050569212,False,False,False
1.7,2.024647236329838,0.32464723632983783,False,False,False
1.7,2.216852268027741,0.5168522680277412,False,False,False
1.7,2.019580352909575,0.31958035290957487,False,False,False
1.7,2.094703198134237,0.39470319813423704,False,False,False
1.7,2.5428674104992846,0.8428674104992846,False,False,False
1.7,2.5310074515869623,0.8310074515869623,False,False,False
1.7,2.602248445041767,0.9022484450417669,False,False,False
1.7,2.602248445041767,0.9022484450417669,False,False,False
1.7,2.5901897045922757,0.8901897045922758,False,False,False
1.7,2.5901897045922757,0.8901897045922758,False,False,False
1.7,2.5843402392513597,0.8843402392513597,False,False,False
1.7,2.1006418303691103,0.4006418303691104,False,False,False
1.7,2.035387855220977,0.33538785522097725,False,False,False
1.7,2.013794665635135,0.3137946656351349,False,False,False
1.7,1.9610620723751042,0.26106207237510426,False,False,False
1.7,2.0218948074361744,0.3218948074361745,False,False,False
1.7,1.9810217006356106,0.2810217006356106,False,False,False
1.7,2.0596932577708196,0.3596932577708196,False,False,False
1.7,2.0699916076084954,0.3699916076084955,False,False,False
1.7,2.0997479270445596,0.39974792704455964,False,False,False
1.7,2.035387855220977,0.33538785522097725,False,False,False
1.7,1.9610620723751042,0.26106207237510426,False,False,False
1.7,2.0218948074361744,0.3218948074361745,False,False,False
1.7,2.0699916076084954,0.3699916076084955,False,False,False
1.7,2.019580352909575,0.31958035290957487,False,False,False
1.7,1.9892286276878677,0.2892286276878677,False,False,False
1.7,1.9891267257276097,0.2891267257276098,False,False,False
1.7,2.040970919296562,0.3409709192965622,False,False,False
1.7,2.042464014115685,0.34246401411568494,False,False,False
1.7,2.035387855220977,0.33538785522097725,False,False,False
1.7,2.0790079773633363,0.37900797736333636,False,False,False
1.7,2.0893713369005544,0.3893713369005545,False,False,False
1.7,2.019580352909575,0.31958035290957487,False,False,False
1.7,1.9610620723751042,0.26106207237510426,False,False,False
1.7,2.040970919296562,0.3409709192965622,False,False,False
1.7,2.035387855220977,0.33538785522097725,False,False,False
1.7,1.9610620723751042,0.26106207237510426,False,False,False
1.7,1.9610620723751042,0.26106207237510426,False,False,False
1.7,1.9610620723751042,0.26106207237510426,False,False,False
1.7,1.9610620723751042,0.26106207237510426,False,False,False
1.7,1.9892286276878677,0.2892286276878677,False,False,False
1.7,2.0505360274327566,0.3505360274327567,False,False,False
1.7,2.001103466289058,0.30110346628905815,False,False,False
1.7,2.0596932577708196,0.3596932577708196,False,False,False
1.7,2.010645806903523,0.31064580690352295,False,False,False
1.7,1.9891267257276097,0.2891267257276098,False,False,False
1.7,2.0322580061551903,0.3322580061551903,False,False,False
1.7,2.0627588208859255,0.3627588208859256,False,False,False
1.7,2.0893713369005544,0.3893713369005545,False,False,False
1.7,2.035387855220977,0.33538785522097725,False,False,False
1.7,2.0596932577708196,0.3596932577708196,False,False,False
1.7,2.0012077223610114,0.30120772236101145,False,False,False
1.7,2.013794665635135,0.3137946656351349,False,False,False
1.7,2.0596932577708196,0.3596932577708196,False,False,False
1.7,1.9847022850207314,0.28470228502073147,False,False,False
1.7,2.099965937679625,0.3999659376796252,False,False,False
1.7,2.029650907955742,0.3296509079557419,False,False,False
1.7,2.01756024086481,0.31756024086480994,False,False,False
1.7,1.974818145824036,0.27481814582403596,False,False,False
1.7,2.009140214713223,0.30914021471322317,False,False,False
1.7,2.0699916076084954,0.3699916076084955,False,False,False
1.7,2.019580352909575,0.31958035290957487,False,False,False
1.7,2.0062507571442896,0.3062507571442896,False,False,False
1.7,2.071433810898162,0.37143381089816185,False,False,False
1.7,2.0997479270445596,0.39974792704455964,False,False,False
1.7,2.1746473284329992,0.4746473284329993,False,False,False
1.7,2.602248445041767,0.9022484450417669,False,False,False
1.7,2.602248445041767,0.9022484450417669,False,False,False
1.7,2.602248445041767,0.9022484450417669,False,False,False
1.7,2.602248445041767,0.9022484450417669,False,False,False
1.7,2.494659870776418,0.7946598707764181,False,False,False
1.7,2.602248445041767,0.9022484450417669,False,False,False
1.7,2.602248445041767,0.9022484450417669,False,False,False
1.7,2.602248445041767,0.9022484450417669,False,False,False
1.7,2.602248445041767,0.9022484450417669,False,False,False
1.7,2.602248445041767,0.9022484450417669,False,False,False
1.7,2.602248445041767,0.9022484450417669,False,False,False
1.7,2.602248445041767,0.9022484450417669,False,False,False
1.7,2.602248445041767,0.9022484450417669,False,False,False
1.7,2.602248445041767,0.9022484450417669,False,False,False
1.7,2.494659870776418,0.7946598707764181,False,False,False
1.7,2.602248445041767,0.9022484450417669,False,False,False
1.7,2.602248445041767,0.9022484450417669,False,False,False
1.7,2.5901897045922757,0.8901897045922758,False,False,False
1.7,2.602248445041767,0.9022484450417669,False,False,False
1.7,2.63651416713661,0.93651416713661,False,False,False
1.7,2.636390199394997,0.936390199394997,False,False,False
1.7,2.602248445041767,0.9022484450417669,False,False,False
1.7,2.602248445041767,0.9022484450417669,False,False,False
1.7,2.5824565539124698,0.8824565539124698,False,False,False
1.7,2.5428674104992846,0.8428674104992846,False,False,False
1.7,2.5428674104992846,0.8428674104992846,False,False,False
1.7,2.5428674104992846,0.8428674104992846,False,False,False
1.7,2.602248445041767,0.9022484450417669,False,False,False
1.7,2.602248445041767,0.9022484450417669,False,False,False
1.7,2.602248445041767,0.9022484450417669,False,False,False
1.7,2.602248445041767,0.9022484450417669,False,False,False
1.7,2.602248445041767,0.9022484450417669,False,False,False
1.7,2.602248445041767,0.9022484450417669,False,False,False
1.7,2.602248445041767,0.9022484450417669,False,False,False
1.7,2.602248445041767,0.9022484450417669,False,False,False
1.7,2.602248445041767,0.9022484450417669,False,False,False
1.7,2.602248445041767,0.9022484450417669,False,False,False
1.7,2.602248445041767,0.9022484450417669,False,False,False
1.7,2.602248445041767,0.9022484450417669,False,False,False
1.7,2.5428674104992846,0.8428674104992846,False,False,False
1.7,2.5428674104992846,0.8428674104992846,False,False,False
1.7,2.602248445041767,0.9022484450417669,False,False,False
1.7,2.602248445041767,0.9022484450417669,False,False,False
1.7,2.602248445041767,0.9022484450417669,False,False,False
1.7,2.602248445041767,0.9022484450417669,False,False,False
1.7,2.602248445041767,0.9022484450417669,False,False,False
1.7,2.602248445041767,0.9022484450417669,False,False,False
1.7,2.602248445041767,0.9022484450417669,False,False,False
1.7,2.602248445041767,0.9022484450417669,False,False,False
1.7,2.6243407201488664,0.9243407201488665,False,False,False
1.7,2.124691143414609,0.424691143414609,False,False,False
1.7,2.494659870776418,0.7946598707764181,False,False,False
1.7,2.5120489261574925,0.8120489261574926,False,False,False
1.7,2.5901897045922757,0.8901897045922758,False,False,False
1.7,2.5901897045922757,0.8901897045922758,False,False,False
1.7,2.038795235858837,0.33879523585883686,False,False,False
1.7,2.0682810450981197,0.36828104509811976,False,False,False
1.7,2.5723414475835353,0.8723414475835354,False,False,False
1.7,2.5901897045922757,0.8901897045922758,False,False,False
1.7,2.5723414475835353,0.8723414475835354,False,False,False
1.7,2.2155189415856347,0.5155189415856347,False,False,False
1.7,2.5843402392513597,0.8843402392513597,False,False,False
1.7,2.602248445041767,0.9022484450417669,False,False,False
1.7,2.602248445041767,0.9022484450417669,False,False,False
1.7,2.602248445041767,0.9022484450417669,False,False,False
1.7,2.602248445041767,0.9022484450417669,False,False,False
1.7,2.5901897045922757,0.8901897045922758,False,False,False
1.7,2.602248445041767,0.9022484450417669,False,False,False
1.7,2.602248445041767,0.9022484450417669,False,False,False
1.7,2.602248445041767,0.9022484450417669,False,False,False
1.7,2.602248445041767,0.9022484450417669,False,False,False
1.7,2.602248445041767,0.9022484450417669,False,False,False
1.7,2.602248445041767,0.9022484450417669,False,False,False
1.7,2.494659870776418,0.7946598707764181,False,False,False
1.7,2.4553251200855053,0.7553251200855053,False,False,False
1.7,2.5428674104992846,0.8428674104992846,False,False,False
1.7,2.5428674104992846,0.8428674104992846,False,False,False
1.7,2.602248445041767,0.9022484450417669,False,False,False
1.7,2.602248445041767,0.9022484450417669,False,False,False
1.7,2.602248445041767,0.9022484450417669,False,False,False
1.7,2.602248445041767,0.9022484450417669,False,False,False
1.7,2.602248445041767,0.9022484450417669,False,False,False
1.7,2.494659870776418,0.7946598707764181,False,False,False
1.7,2.5901897045922757,0.8901897045922758,False,False,False
1.7,2.602248445041767,0.9022484450417669,False,False,False
1.7,2.602248445041767,0.9022484450417669,False,False,False
1.7,2.602248445041767,0.9022484450417669,False,False,False
1.7,2.602248445041767,0.9022484450417669,False,False,False
1.7,2.602248445041767,0.9022484450417669,False,False,False
2.52,2.582010899404998,0.06201089940499793,False,False,False
2.52,2.534029770607286,0.01402977060728583,False,False,False
2.52,2.4793314623777514,0.040668537622248646,False,False,False
2.52,2.492495728277253,0.027504271722746942,False,False,False
2.52,2.4478001914108414,0.07219980858915864,False,False,False
2.52,2.500291292595426,0.01970870740457409,False,False,False
2.52,2.5647017208346443,0.0447017208346443,False,False,False
2.52,2.4948496527498687,0.025150347250131322,False,False,False
2.52,2.5757764457510506,0.05577644575105056,False,False,False
2.52,2.500290417813314,0.01970958218668617,False,False,False
2.52,2.520919263057241,0.0009192630572409932,False,False,False
2.52,2.500290417813314,0.01970958218668617,False,False,False
2.52,2.520096391591897,9.639159189678281e-05,False,False,False
2.52,2.554826195712591,0.034826195712590824,False,False,False
2.52,2.500290417813314,0.01970958218668617,False,False,False
2.52,2.5408419626840297,0.020841962684029713,False,False,False
2.52,2.554826195712591,0.034826195712590824,False,False,False
2.52,2.519010672252477,0.0009893277475230278,False,False,False
2.52,2.508829796268629,0.011170203731371231,False,False,False
2.52,2.5954949732735213,0.07549497327352128,False,False,False
2.52,2.5848642653641574,0.06486426536415735,False,False,False
2.52,2.6435653891556288,0.12356538915562876,False,False,False
2.52,2.573017725184076,0.05301772518407599,False,False,False
2.52,2.6273341831497823,0.10733418314978227,False,False,False
2.52,2.618841254182407,0.09884125418240686,False,False,False
2.52,2.5848642653641574,0.06486426536415735,False,False,False
2.52,2.5848642653641574,0.06486426536415735,False,False,False
2.52,2.5848642653641574,0.06486426536415735,False,False,False
2.52,2.5848642653641574,0.06486426536415735,False,False,False
2.52,2.5848642653641574,0.06486426536415735,False,False,False
2.52,2.5848642653641574,0.06486426536415735,False,False,False
2.52,2.5848642653641574,0.06486426536415735,False,False,False
2.52,2.5257697992218513,0.0057697992218512795,False,False,False
2.52,2.5257697992218513,0.0057697992218512795,False,False,False
2.52,2.5257697992218513,0.0057697992218512795,False,False,False
2.52,2.5257697992218513,0.0057697992218512795,False,False,False
2.52,2.5257697992218513,0.0057697992218512795,False,False,False
2.52,2.559308032343116,0.03930803234311586,False,False,False
2.52,2.559186696536849,0.03918669653684903,False,False,False
2.52,2.4386499813080005,0.08135001869199954,False,False,False
2.52,2.4144186622647212,0.10558133773527878,False,False,False
2.52,2.6435653891556288,0.12356538915562876,False,False,False
2.52,2.515466714290042,0.004533285709957813,False,False,False
2.52,2.520096391591897,9.639159189678281e-05,False,False,False
2.52,2.5960095481708385,0.07600954817083849,False,False,False
2.52,2.554826195712591,0.034826195712590824,False,False,False
2.52,2.5408419626840297,0.020841962684029713,False,False,False
2.52,2.5757764457510506,0.05577644575105056,False,False,False
2.52,2.541477014794645,0.021477014794645033,False,False,False
2.52,2.498609641273999,0.021390358726001146,False,False,False
2.52,2.511671528173499,0.008328471826501094,False,False,False
2.52,2.554826195712591,0.034826195712590824,False,False,False
2.52,2.5408419626840297,0.020841962684029713,False,False,False
2.52,2.5757764457510506,0.05577644575105056,False,False,False
2.52,2.5408419626840297,0.020841962684029713,False,False,False
2.52,2.5960095481708385,0.07600954817083849,False,False,False
2.52,2.554826195712591,0.034826195712590824,False,False,False
2.52,2.520919263057241,0.0009192630572409932,False,False,False
2.52,2.498609641273999,0.021390358726001146,False,False,False
2.52,2.4720931546910236,0.047906845308976376,False,False,False
2.52,2.5408419626840297,0.020841962684029713,False,False,False
2.52,2.630215923913085,0.11021592391308488,False,False,False
2.52,2.5885184866786677,0.06851848667866767,False,False,False
2.52,2.602158532946505,0.08215853294650488,False,False,False
2.52,2.519679620165068,0.00032037983493182765,False,False,False
2.52,2.554826195712591,0.034826195712590824,False,False,False
2.52,2.500290417813314,0.01970958218668617,False,False,False
2.52,2.520919263057241,0.0009192630572409932,False,False,False
2.52,2.500290417813314,0.01970958218668617,False,False,False
2.52,2.500290417813314,0.01970958218668617,False,False,False
2.52,2.520919263057241,0.0009192630572409932,False,False,False
2.52,2.520096391591897,9.639159189678281e-05,False,False,False
2.52,2.574940753653668,0.05494075365366813,False,False,False
2.52,2.511671528173499,0.008328471826501094,False,False,False
2.52,2.5757764457510506,0.05577644575105056,False,False,False
2.52,2.5408419626840297,0.020841962684029713,False,False,False
2.52,2.5960095481708385,0.07600954817083849,False,False,False
2.52,2.554826195712591,0.034826195712590824,False,False,False
2.52,2.5408419626840297,0.020841962684029713,False,False,False
2.52,2.5960095481708385,0.07600954817083849,False,False,False
2.52,2.512947965113648,0.007052034886351866,False,False,False
2.52,2.5421534011992115,0.022153401199211498,False,False,False
2.52,2.5408419626840297,0.020841962684029713,False,False,False
2.52,2.574940753653668,0.05494075365366813,False,False,False
2.52,2.554826195712591,0.034826195712590824,False,False,False
2.52,2.4591784820836198,0.06082151791638024,False,False,False
2.52,2.5408419626840297,0.020841962684029713,False,False,False
2.52,2.574940753653668,0.05494075365366813,False,False,False
2.52,2.5788502078757576,0.058850207875757565,False,False,False
2.52,2.5848642653641574,0.06486426536415735,False,False,False
2.52,2.4661527806148573,0.0538472193851427,False,False,False
2.52,2.555101596823091,0.035101596823091,False,False,False
2.52,2.16960134851657,0.3503986514834301,False,False,False
2.52,1.968648177352898,0.5513518226471019,False,False,False
2.52,1.9673315734729098,0.5526684265270903,False,False,False
2.52,1.9918382400290882,0.5281617599709119,False,False,False
2.52,1.958148499733189,0.561851500266811,False,False,False
2.52,2.077331476009398,0.44266852399060186,False,False,False
2.52,2.3174552059639493,0.20254479403605075,False,False,False
2.52,2.5257697992218513,0.0057697992218512795,False,False,False
2.52,2.5728637194878217,0.05286371948782165,False,False,False
2.52,2.5848642653641574,0.06486426536415735,False,False,False
2.52,2.5848642653641574,0.06486426536415735,False,False,False
2.52,2.5848642653641574,0.06486426536415735,False,False,False
2.52,2.5848642653641574,0.06486426536415735,False,False,False
2.52,2.5848642653641574,0.06486426536415735,False,False,False
2.52,2.5848642653641574,0.06486426536415735,False,False,False
2.52,2.5848642653641574,0.06486426536415735,False,False,False
2.52,2.5848642653641574,0.06486426536415735,False,False,False
2.52,2.5108767862720365,0.009123213727963542,False,False,False
2.52,2.606726968319597,0.08672696831959703,False,False,False
2.52,2.5848642653641574,0.06486426536415735,False,False,False
2.52,2.5728637194878217,0.05286371948782165,False,False,False
2.52,2.555101596823091,0.035101596823091,False,False,False
2.52,2.618964623665035,0.09896462366503478,False,False,False
2.52,2.216378624150637,0.3036213758493629,False,False,False
2.52,1.951373906634288,0.5686260933657121,False,False,False
2.52,2.0551760593392263,0.4648239406607737,False,False,False
2.52,2.0551760593392263,0.4648239406607737,False,False,False
2.52,2.0744622635173853,0.44553773648261474,False,False,False
2.52,2.020773100442496,0.4992268995575042,False,False,False
2.52,2.089690611628504,0.4303093883714961,False,False,False
2.52,1.9532807060714998,0.5667192939285002,False,False,False
2.52,1.971693706547157,0.5483062934528431,False,False,False
2.52,2.0551760593392263,0.4648239406607737,False,False,False
2.52,2.0551760593392263,0.4648239406607737,False,False,False
2.52,2.1634803061865124,0.3565196938134876,False,False,False
2.52,2.156810264598003,0.36318973540199684,False,False,False
2.52,2.152536010275916,0.3674639897240839,False,False,False
2.52,1.9812311398399012,0.5387688601600988,False,False,False
2.52,2.0967575391944537,0.4232424608055463,False,False,False
2.52,2.077331476009398,0.44266852399060186,False,False,False
2.52,2.077331476009398,0.44266852399060186,False,False,False
2.52,2.283579388640733,0.23642061135926706,False,False,False
2.52,2.0093788905403627,0.5106211094596373,False,False,False
2.52,1.8776490397503744,0.6423509602496256,False,False,False
2.52,2.5848642653641574,0.06486426536415735,False,False,False
2.52,2.5848642653641574,0.06486426536415735,False,False,False
2.52,2.5848642653641574,0.06486426536415735,False,False,False
2.52,2.5848642653641574,0.06486426536415735,False,False,False
2.52,2.5848642653641574,0.06486426536415735,False,False,False
2.52,2.5848642653641574,0.06486426536415735,False,False,False
2.52,2.5848642653641574,0.06486426536415735,False,False,False
2.52,2.618964623665035,0.09896462366503478,False,False,False
2.52,2.618841254182407,0.09884125418240686,False,False,False
2.52,2.5848642653641574,0.06486426536415735,False,False,False
2.52,2.5848642653641574,0.06486426536415735,False,False,False
2.52,2.5848642653641574,0.06486426536415735,False,False,False
2.52,2.5848642653641574,0.06486426536415735,False,False,False
2.52,2.5848642653641574,0.06486426536415735,False,False,False
2.52,2.5651678884107434,0.04516788841074337,False,False,False
2.52,2.4386499813080005,0.08135001869199954,False,False,False
2.52,2.4144186622647212,0.10558133773527878,False,False,False
2.52,2.5257697992218513,0.0057697992218512795,False,False,False
2.52,2.5257697992218513,0.0057697992218512795,False,False,False
2.52,2.5257697992218513,0.0057697992218512795,False,False,False
2.52,2.5257697992218513,0.0057697992218512795,False,False,False
2.52,2.5257697992218513,0.0057697992218512795,False,False,False
2.52,2.5257697992218513,0.0057697992218512795,False,False,False
2.52,2.5257697992218513,0.0057697992218512795,False,False,False
2.52,2.5257697992218513,0.0057697992218512795,False,False,False
2.52,2.559308032343116,0.03930803234311586,False,False,False
2.52,2.559186696536849,0.03918669653684903,False,False,False
2.52,2.5257697992218513,0.0057697992218512795,False,False,False
2.52,2.5257697992218513,0.0057697992218512795,False,False,False
2.52,2.5848642653641574,0.06486426536415735,False,False,False
2.52,2.5848642653641574,0.06486426536415735,False,False,False
2.52,2.5848642653641574,0.06486426536415735,False,False,False
2.52,2.5848642653641574,0.06486426536415735,False,False,False
2.52,2.5848642653641574,0.06486426536415735,False,False,False
2.52,2.5848642653641574,0.06486426536415735,False,False,False
2.52,2.618964623665035,0.09896462366503478,False,False,False
2.52,2.510757101473279,0.009242898526721,False,False,False
2.52,2.477794905454738,0.04220509454526189,False,False,False
2.52,2.5848642653641574,0.06486426536415735,False,False,False
2.52,2.5848642653641574,0.06486426536415735,False,False,False
2.52,2.5848642653641574,0.06486426536415735,False,False,False
2.52,2.5257697992218513,0.0057697992218512795,False,False,False
2.52,2.5257697992218513,0.0057697992218512795,False,False,False
2.52,2.5848642653641574,0.06486426536415735,False,False,False
2.45,2.560799882193024,0.11079988219302361,False,False,False
2.45,2.520919263057241,0.07091926305724083,False,False,False
2.45,2.5408419626840297,0.09084196268402955,False,False,False
2.45,2.574940753653668,0.12494075365366797,False,False,False
2.45,2.554826195712591,0.10482619571259066,False,False,False
2.45,2.520919263057241,0.07091926305724083,False,False,False
2.45,2.5408419626840297,0.09084196268402955,False,False,False
2.45,2.574940753653668,0.12494075365366797,False,False,False
2.45,2.574940753653668,0.12494075365366797,False,False,False
2.45,2.5757764457510506,0.1257764457510504,False,False,False
2.45,2.520919263057241,0.07091926305724083,False,False,False
2.45,2.520919263057241,0.07091926305724083,False,False,False
2.45,2.500290417813314,0.05029041781331367,False,False,False
2.45,2.5535806574723843,0.1035806574723841,False,False,False
2.45,2.6431519562910473,0.1931519562910471,False,False,False
2.45,2.5885184866786677,0.1385184866786675,False,False,False
2.45,2.520919263057241,0.07091926305724083,False,False,False
2.45,2.5408419626840297,0.09084196268402955,False,False,False
2.45,2.554826195712591,0.10482619571259066,False,False,False
2.45,2.500290417813314,0.05029041781331367,False,False,False
2.45,2.5408419626840297,0.09084196268402955,False,False,False
2.45,2.574940753653668,0.12494075365366797,False,False,False
2.45,2.574940753653668,0.12494075365366797,False,False,False
2.45,2.617851258348597,0.16785125834859693,False,False,False
2.45,2.5421534011992115,0.09215340119921134,False,False,False
2.45,2.5408419626840297,0.09084196268402955,False,False,False
2.45,2.4720931546910236,0.022093154691023464,False,False,False
2.45,2.4188266120515536,0.031173387948446596,False,False,False
2.45,2.5408419626840297,0.09084196268402955,False,False,False
2.45,2.574940753653668,0.12494075365366797,False,False,False
2.45,2.596654494620701,0.14665449462070068,False,False,False
2.45,2.583832584114663,0.1338325841146628,False,False,False
2.45,2.5408419626840297,0.09084196268402955,False,False,False
2.45,2.554826195712591,0.10482619571259066,False,False,False
2.45,2.500290417813314,0.05029041781331367,False,False,False
2.45,2.5408419626840297,0.09084196268402955,False,False,False
2.45,2.596654494620701,0.14665449462070068,False,False,False
2.45,2.562835133666552,0.11283513366655162,False,False,False
2.45,2.498609641273999,0.048609641273998694,False,False,False
2.45,2.565713089146172,0.11571308914617173,False,False,False
2.45,2.627528475946626,0.1775284759466258,False,False,False
2.45,2.5757764457510506,0.1257764457510504,False,False,False
2.45,2.559041067033751,0.10904106703375094,False,False,False
2.45,2.520919263057241,0.07091926305724083,False,False,False
2.45,2.520919263057241,0.07091926305724083,False,False,False
2.45,2.520096391591897,0.07009639159189662,False,False,False
2.45,2.512947965113648,0.06294796511364797,False,False,False
2.45,2.562835133666552,0.11283513366655162,False,False,False
2.45,2.5408419626840297,0.09084196268402955,False,False,False
2.45,2.574940753653668,0.12494075365366797,False,False,False
2.45,2.554826195712591,0.10482619571259066,False,False,False
2.45,2.5408419626840297,0.09084196268402955,False,False,False
2.45,2.5960095481708385,0.14600954817083833,False,False,False
2.45,2.574940753653668,0.12494075365366797,False,False,False
2.45,2.630215923913085,0.18021592391308472,False,False,False
2.45,2.6646227512639373,0.21462275126393715,False,False,False
2.45,2.6300921708768077,0.1800921708768075,False,False,False
2.45,2.5757764457510506,0.1257764457510504,False,False,False
2.45,2.5408419626840297,0.09084196268402955,False,False,False
2.45,2.5757764457510506,0.1257764457510504,False,False,False
2.45,2.520919263057241,0.07091926305724083,False,False,False
2.45,2.520919263057241,0.07091926305724083,False,False,False
2.45,2.520096391591897,0.07009639159189662,False,False,False
2.45,2.554826195712591,0.10482619571259066,False,False,False
2.45,2.520919263057241,0.07091926305724083,False,False,False
2.45,2.520919263057241,0.07091926305724083,False,False,False
2.45,2.520096391591897,0.07009639159189662,False,False,False
2.45,2.574940753653668,0.12494075365366797,False,False,False
2.45,2.554826195712591,0.10482619571259066,False,False,False
2.45,2.520919263057241,0.07091926305724083,False,False,False
2.45,2.5408419626840297,0.09084196268402955,False,False,False
2.45,2.574940753653668,0.12494075365366797,False,False,False
2.45,2.6089467163847595,0.15894671638475932,False,False,False
2.45,2.6096673011141616,0.1596673011141614,False,False,False
2.45,2.520919263057241,0.07091926305724083,False,False,False
2.45,2.520919263057241,0.07091926305724083,False,False,False
2.45,2.500290417813314,0.05029041781331367,False,False,False
2.45,2.520096391591897,0.07009639159189662,False,False,False
2.45,2.574940753653668,0.12494075365366797,False,False,False
2.45,2.554826195712591,0.10482619571259066,False,False,False
2.45,2.5408419626840297,0.09084196268402955,False,False,False
2.45,2.5757764457510506,0.1257764457510504,False,False,False
2.45,2.500290417813314,0.05029041781331367,False,False,False
2.45,2.5408419626840297,0.09084196268402955,False,False,False
2.45,2.554826195712591,0.10482619571259066,False,False,False
2.45,2.500290417813314,0.05029041781331367,False,False,False
2.45,2.520919263057241,0.07091926305724083,False,False,False
2.45,2.500290417813314,0.05029041781331367,False,False,False
2.45,2.520096391591897,0.07009639159189662,False,False,False
2.45,2.554826195712591,0.10482619571259066,False,False,False
2.45,2.500290417813314,0.05029041781331367,False,False,False
2.45,2.520919263057241,0.07091926305724083,False,False,False
2.45,2.520096391591897,0.07009639159189662,False,False,False
2.45,2.554826195712591,0.10482619571259066,False,False,False
2.45,2.520096391591897,0.07009639159189662,False,False,False
2.45,2.5757764457510506,0.1257764457510504,False,False,False
2.45,2.500290417813314,0.05029041781331367,False,False,False
2.45,2.5408419626840297,0.09084196268402955,False,False,False
2.45,2.554826195712591,0.10482619571259066,False,False,False
2.45,2.500290417813314,0.05029041781331367,False,False,False
2.45,2.498609641273999,0.048609641273998694,False,False,False
2.45,2.5960095481708385,0.14600954817083833,False,False,False
2.45,2.554826195712591,0.10482619571259066,False,False,False
2.45,2.5408419626840297,0.09084196268402955,False,False,False
2.45,2.5757764457510506,0.1257764457510504,False,False,False
2.45,2.5408419626840297,0.09084196268402955,False,False,False
2.45,2.5757764457510506,0.1257764457510504,False,False,False
2.45,2.541477014794645,0.09147701479464487,False,False,False
2.45,2.5408419626840297,0.09084196268402955,False,False,False
2.45,2.6089467163847595,0.15894671638475932,False,False,False
2.45,2.5885184866786677,0.1385184866786675,False,False,False
2.45,2.5623485918790294,0.11234859187902924,False,False,False
2.45,2.5408419626840297,0.09084196268402955,False,False,False
2.45,2.554826195712591,0.10482619571259066,False,False,False
2.45,2.4188266120515536,0.031173387948446596,False,False,False
2.45,2.5408419626840297,0.09084196268402955,False,False,False
2.45,2.554826195712591,0.10482619571259066,False,False,False
2.45,2.500290417813314,0.05029041781331367,False,False,False
2.45,2.520919263057241,0.07091926305724083,False,False,False
2.45,2.5408419626840297,0.09084196268402955,False,False,False
2.45,2.554826195712591,0.10482619571259066,False,False,False
2.45,2.520096391591897,0.07009639159189662,False,False,False
2.45,2.5960095481708385,0.14600954817083833,False,False,False
2.45,2.554826195712591,0.10482619571259066,False,False,False
2.45,2.520255669558589,0.07025566955858897,False,False,False
2.45,2.5605126319383573,0.11051263193835714,False,False,False
2.45,2.500290417813314,0.05029041781331367,False,False,False
2.45,2.5155834714717975,0.06558347147179733,False,False,False
2.45,2.510406593435127,0.060406593435126776,False,False,False
2.45,2.5391684357617565,0.08916843576175637,False,False,False
2.45,2.5791794743189986,0.12917947431899846,False,False,False
2.45,2.5933151178601115,0.1433151178601113,False,False,False
2.45,2.541477014794645,0.09147701479464487,False,False,False
2.45,2.5421534011992115,0.09215340119921134,False,False,False
2.45,2.563268769072909,0.11326876907290861,False,False,False
2.45,2.584758310759748,0.13475831075974787,False,False,False
2.45,2.543068361847488,0.09306836184748768,False,False,False
2.45,2.520096391591897,0.07009639159189662,False,False,False
2.45,2.554826195712591,0.10482619571259066,False,False,False
2.45,2.500290417813314,0.05029041781331367,False,False,False
2.45,2.520919263057241,0.07091926305724083,False,False,False
2.45,2.541477014794645,0.09147701479464487,False,False,False
2.45,2.5214001464710303,0.0714001464710301,False,False,False
2.45,2.500290417813314,0.05029041781331367,False,False,False
2.45,2.520096391591897,0.07009639159189662,False,False,False
2.45,2.574940753653668,0.12494075365366797,False,False,False
2.45,2.554826195712591,0.10482619571259066,False,False,False
2.45,2.5623485918790294,0.11234859187902924,False,False,False
2.45,2.5408419626840297,0.09084196268402955,False,False,False
2.45,2.574940753653668,0.12494075365366797,False,False,False
2.45,2.554826195712591,0.10482619571259066,False,False,False
2.45,2.5623485918790294,0.11234859187902924,False,False,False
2.45,2.5408419626840297,0.09084196268402955,False,False,False
2.45,2.574940753653668,0.12494075365366797,False,False,False
2.45,2.596654494620701,0.14665449462070068,False,False,False
2.45,2.583832584114663,0.1338325841146628,False,False,False
2.45,2.498609641273999,0.048609641273998694,False,False,False
2.45,2.554826195712591,0.10482619571259066,False,False,False
2.45,2.500290417813314,0.05029041781331367,False,False,False
2.45,2.5408419626840297,0.09084196268402955,False,False,False
2.45,2.596654494620701,0.14665449462070068,False,False,False
2.45,2.5214001464710303,0.0714001464710301,False,False,False
2.45,2.520919263057241,0.07091926305724083,False,False,False
2.45,2.520096391591897,0.07009639159189662,False,False,False
2.45,2.554826195712591,0.10482619571259066,False,False,False
2.45,2.541477014794645,0.09147701479464487,False,False,False
2.45,2.5421534011992115,0.09215340119921134,False,False,False
2.45,2.4188266120515536,0.031173387948446596,False,False,False
2.45,2.4188266120515536,0.031173387948446596,False,False,False
2.45,2.541477014794645,0.09147701479464487,False,False,False
2.45,2.5214001464710303,0.0714001464710301,False,False,False
2.45,2.500290417813314,0.05029041781331367,False,False,False
2.45,2.4577978004658934,0.007797800465893179,False,False,False
2.45,2.574940753653668,0.12494075365366797,False,False,False
2.45,2.5321145032017562,0.08211450320175606,False,False,False
2.45,2.6146479191156677,0.16464791911566756,False,False,False
2.45,2.5757764457510506,0.1257764457510504,False,False,False
2.45,2.559041067033751,0.10904106703375094,False,False,False
2.45,2.5408419626840297,0.09084196268402955,False,False,False
2.45,2.554826195712591,0.10482619571259066,False,False,False
2.87,2.541477014794645,0.32852298520535506,False,False,False
2.87,2.5421534011992115,0.3278465988007886,False,False,False
2.87,2.500290417813314,0.36970958218668626,False,False,False
2.87,2.520096391591897,0.3499036084081033,False,False,False
2.87,2.596654494620701,0.27334550537929925,False,False,False
2.87,2.520096391591897,0.3499036084081033,False,False,False
2.87,2.5130737213051475,0.3569262786948526,False,False,False
2.87,2.541477014794645,0.32852298520535506,False,False,False
2.87,2.51897657734885,0.35102342265115016,False,False,False
2.87,2.510406593435127,0.35959340656487315,False,False,False
2.87,2.518432669758952,0.351567330241048,False,False,False
2.87,2.5791794743189986,0.2908205256810015,False,False,False
2.87,2.6136474607538136,0.2563525392461865,False,False,False
2.87,2.554826195712591,0.31517380428740926,False,False,False
2.87,2.4591784820836198,0.41082151791638033,False,False,False
2.87,2.520919263057241,0.3490807369427591,False,False,False
2.87,2.520096391591897,0.3499036084081033,False,False,False
2.87,2.554826195712591,0.31517380428740926,False,False,False
2.87,2.520096391591897,0.3499036084081033,False,False,False
2.87,2.617851258348597,0.252148741651403,False,False,False
2.87,2.5214001464710303,0.3485998535289698,False,False,False
2.87,2.520919263057241,0.3490807369427591,False,False,False
2.87,2.500290417813314,0.36970958218668626,False,False,False
2.87,2.500290417813314,0.36970958218668626,False,False,False
2.87,2.541477014794645,0.32852298520535506,False,False,False
2.87,2.520096391591897,0.3499036084081033,False,False,False
2.87,2.6089467163847595,0.2610532836152406,False,False,False
2.87,2.575586412046166,0.2944135879538341,False,False,False
2.87,2.5757764457510506,0.2942235542489495,False,False,False
2.87,2.520919263057241,0.3490807369427591,False,False,False
2.87,2.5623485918790294,0.3076514081209707,False,False,False
2.87,2.520096391591897,0.3499036084081033,False,False,False
2.87,2.574940753653668,0.29505924634633196,False,False,False
2.87,2.596654494620701,0.27334550537929925,False,False,False
2.87,2.5745235669726214,0.2954764330273787,False,False,False
2.87,2.630871565373846,0.23912843462615418,False,False,False
2.87,2.575586412046166,0.2944135879538341,False,False,False
2.87,2.5130737213051475,0.3569262786948526,False,False,False
2.87,2.498609641273999,0.37139035872600124,False,False,False
2.87,2.5935691285713367,0.2764308714286634,False,False,False
2.87,2.5408419626840297,0.3291580373159704,False,False,False
2.87,2.5531192320730334,0.31688076792696673,False,False,False
2.87,2.554826195712591,0.31517380428740926,False,False,False
2.87,2.5408419626840297,0.3291580373159704,False,False,False
2.87,2.5960095481708385,0.2739904518291616,False,False,False
2.87,2.554826195712591,0.31517380428740926,False,False,False
2.87,2.520919263057241,0.3490807369427591,False,False,False
2.87,2.520919263057241,0.3490807369427591,False,False,False
2.87,2.500290417813314,0.36970958218668626,False,False,False
2.87,2.520096391591897,0.3499036084081033,False,False,False
2.87,2.596654494620701,0.27334550537929925,False,False,False
2.87,2.562835133666552,0.3071648663334483,False,False,False
2.87,2.5421534011992115,0.3278465988007886,False,False,False
2.87,2.500290417813314,0.36970958218668626,False,False,False
2.87,2.541477014794645,0.32852298520535506,False,False,False
2.87,2.520096391591897,0.3499036084081033,False,False,False
2.87,2.574940753653668,0.29505924634633196,False,False,False
2.87,2.574940753653668,0.29505924634633196,False,False,False
2.87,2.5960095481708385,0.2739904518291616,False,False,False
2.87,2.573803492303793,0.296196507696207,False,False,False
2.87,2.6146479191156677,0.25535208088433237,False,False,False
2.87,2.5544107345966003,0.3155892654033998,False,False,False
2.87,2.5386738637736816,0.33132613622631846,False,False,False
2.87,2.5421534011992115,0.3278465988007886,False,False,False
2.87,2.5218287387932055,0.34817126120679465,False,False,False
2.87,2.500290417813314,0.36970958218668626,False,False,False
2.87,2.520096391591897,0.3499036084081033,False,False,False
2.87,2.574940753653668,0.29505924634633196,False,False,False
2.87,2.5757764457510506,0.2942235542489495,False,False,False
2.87,2.5408419626840297,0.3291580373159704,False,False,False
2.87,2.5960095481708385,0.2739904518291616,False,False,False
2.87,2.596654494620701,0.27334550537929925,False,False,False
2.87,2.5421534011992115,0.3278465988007886,False,False,False
2.87,2.5408419626840297,0.3291580373159704,False,False,False
2.87,2.596654494620701,0.27334550537929925,False,False,False
2.87,2.562835133666552,0.3071648663334483,False,False,False
2.87,2.5408419626840297,0.3291580373159704,False,False,False
2.87,2.574940753653668,0.29505924634633196,False,False,False
2.87,2.554826195712591,0.31517380428740926,False,False,False
2.87,2.520919263057241,0.3490807369427591,False,False,False
2.87,2.5408419626840297,0.3291580373159704,False,False,False
2.87,2.554826195712591,0.31517380428740926,False,False,False
2.87,2.520919263057241,0.3490807369427591,False,False,False
2.87,2.5408419626840297,0.3291580373159704,False,False,False
2.87,2.554826195712591,0.31517380428740926,False,False,False
2.87,2.541477014794645,0.32852298520535506,False,False,False
2.87,2.5408419626840297,0.3291580373159704,False,False,False
2.87,2.4720931546910236,0.39790684530897646,False,False,False
2.87,2.500290417813314,0.36970958218668626,False,False,False
2.87,2.520919263057241,0.3490807369427591,False,False,False
2.87,2.520096391591897,0.3499036084081033,False,False,False
2.87,2.574940753653668,0.29505924634633196,False,False,False
2.87,2.554826195712591,0.31517380428740926,False,False,False
2.87,2.5745235669726214,0.2954764330273787,False,False,False
2.87,2.5966590117296144,0.27334098827038567,False,False,False
2.87,2.554826195712591,0.31517380428740926,False,False,False
2.87,2.520919263057241,0.3490807369427591,False,False,False
2.87,2.5408419626840297,0.3291580373159704,False,False,False
2.87,2.4923057267062796,0.3776942732937205,False,False,False
2.87,2.518432669758952,0.351567330241048,False,False,False
2.87,2.5623485918790294,0.3076514081209707,False,False,False
2.87,2.5805051120811004,0.28949488791889966,False,False,False
2.87,2.500290417813314,0.36970958218668626,False,False,False
2.87,2.541477014794645,0.32852298520535506,False,False,False
2.87,2.583832584114663,0.2861674158853371,False,False,False
2.87,2.520096391591897,0.3499036084081033,False,False,False
2.87,2.574940753653668,0.29505924634633196,False,False,False
2.87,2.554826195712591,0.31517380428740926,False,False,False
2.87,2.520919263057241,0.3490807369427591,False,False,False
2.87,2.5408419626840297,0.3291580373159704,False,False,False
2.87,2.554826195712591,0.31517380428740926,False,False,False
2.87,2.541477014794645,0.32852298520535506,False,False,False
2.87,2.5421534011992115,0.3278465988007886,False,False,False
2.87,2.520096391591897,0.3499036084081033,False,False,False
2.87,2.574940753653668,0.29505924634633196,False,False,False
2.87,2.4720931546910236,0.39790684530897646,False,False,False
2.87,2.5408419626840297,0.3291580373159704,False,False,False
2.87,2.5960095481708385,0.2739904518291616,False,False,False
2.87,2.554826195712591,0.31517380428740926,False,False,False
2.87,2.5408419626840297,0.3291580373159704,False,False,False
2.87,2.5757764457510506,0.2942235542489495,False,False,False
2.87,2.517707490196865,0.3522925098031351,False,False,False
2.87,2.5408419626840297,0.3291580373159704,False,False,False
2.87,2.5321145032017562,0.33788549679824387,False,False,False
2.87,2.6152962083684375,0.25470379163156265,False,False,False
2.87,2.520988591938078,0.349011408061922,False,False,False
2.87,2.517719468508013,0.35228053149198724,False,False,False
2.87,2.500290417813314,0.36970958218668626,False,False,False
2.87,2.541477014794645,0.32852298520535506,False,False,False
2.87,2.5214001464710303,0.3485998535289698,False,False,False
2.87,2.520096391591897,0.3499036084081033,False,False,False
2.87,2.596654494620701,0.27334550537929925,False,False,False
2.87,2.562835133666552,0.3071648663334483,False,False,False
2.87,2.5421534011992115,0.3278465988007886,False,False,False
2.87,2.5218287387932055,0.34817126120679465,False,False,False
2.87,2.520096391591897,0.3499036084081033,False,False,False
2.87,2.554826195712591,0.31517380428740926,False,False,False
2.87,2.500290417813314,0.36970958218668626,False,False,False
2.87,2.5623485918790294,0.3076514081209707,False,False,False
2.87,2.520096391591897,0.3499036084081033,False,False,False
2.87,2.574940753653668,0.29505924634633196,False,False,False
2.87,2.554826195712591,0.31517380428740926,False,False,False
2.87,2.520919263057241,0.3490807369427591,False,False,False
2.87,2.520919263057241,0.3490807369427591,False,False,False
2.87,2.500290417813314,0.36970958218668626,False,False,False
2.87,2.500290417813314,0.36970958218668626,False,False,False
2.87,2.5408419626840297,0.3291580373159704,False,False,False
2.87,2.554826195712591,0.31517380428740926,False,False,False
2.87,2.500290417813314,0.36970958218668626,False,False,False
2.87,2.5408419626840297,0.3291580373159704,False,False,False
2.87,2.554826195712591,0.31517380428740926,False,False,False
2.87,2.500290417813314,0.36970958218668626,False,False,False
2.87,2.520919263057241,0.3490807369427591,False,False,False
2.87,2.520096391591897,0.3499036084081033,False,False,False
2.87,2.554826195712591,0.31517380428740926,False,False,False
2.87,2.5408419626840297,0.3291580373159704,False,False,False
2.87,2.5960095481708385,0.2739904518291616,False,False,False
2.87,2.511671528173499,0.3583284718265012,False,False,False
2.87,2.5960095481708385,0.2739904518291616,False,False,False
2.87,2.617851258348597,0.252148741651403,False,False,False
2.87,2.5421534011992115,0.3278465988007886,False,False,False
2.87,2.5408419626840297,0.3291580373159704,False,False,False
2.87,2.6089467163847595,0.2610532836152406,False,False,False
2.87,2.5554682212803677,0.31453177871963245,False,False,False
2.87,2.5623485918790294,0.3076514081209707,False,False,False
2.87,2.5421534011992115,0.3278465988007886,False,False,False
2.87,2.520919263057241,0.3490807369427591,False,False,False
2.87,2.541477014794645,0.32852298520535506,False,False,False
2.87,2.520096391591897,0.3499036084081033,False,False,False
2.87,2.6089467163847595,0.2610532836152406,False,False,False
2.87,2.575586412046166,0.2944135879538341,False,False,False
2.87,2.5544107345966003,0.3155892654033998,False,False,False
2.87,2.5408419626840297,0.3291580373159704,False,False,False
2.87,2.5960095481708385,0.2739904518291616,False,False,False
2.87,2.574940753653668,0.29505924634633196,False,False,False
2.87,2.5757764457510506,0.2942235542489495,False,False,False
2.87,2.520919263057241,0.3490807369427591,False,False,False
2.87,2.520919263057241,0.3490807369427591,False,False,False
2.87,2.541477014794645,0.32852298520535506,False,False,False
2.87,2.520096391591897,0.3499036084081033,False,False,False
2.46,2.576588980720248,0.11658898072024781,False,False,False
2.46,2.5535806574723843,0.09358065747238431,False,False,False
2.46,1.9739815405947705,0.4860184594052295,False,False,False
2.46,1.8895952259254796,0.5704047740745204,False,False,False
2.46,1.8786958224268195,0.5813041775731804,False,False,False
2.46,2.255825672083254,0.20417432791674583,False,False,False
2.46,1.9105293080325825,0.5494706919674175,False,False,False
2.46,2.0621442218170984,0.3978557781829015,False,False,False
2.46,1.9015245078365202,0.5584754921634798,False,False,False
2.46,1.8908735080630135,0.5691264919369865,False,False,False
2.46,2.2494679690136463,0.21053203098635365,False,False,False
2.46,2.386399089136308,0.07360091086369192,False,False,False
2.46,1.9946073976929513,0.4653926023070487,False,False,False
2.46,2.1578560601488745,0.3021439398511254,False,False,False
2.46,1.8702218937468924,0.5897781062531076,False,False,False
2.46,2.266478932931701,0.19352106706829897,False,False,False
2.46,2.398779037186566,0.06122096281343392,False,False,False
2.46,2.401486184256678,0.05851381574332182,False,False,False
2.46,2.139841854145644,0.32015814585435587,False,False,False
2.46,1.9038434826645965,0.5561565173354035,False,False,False
2.46,1.8840250551452327,0.5759749448547673,False,False,False
2.46,2.255825672083254,0.20417432791674583,False,False,False
2.46,1.8777639879737293,0.5822360120262706,False,False,False
2.46,1.8468983383338573,0.6131016616661427,False,False,False
2.46,1.8763969302207664,0.5836030697792336,False,False,False
2.46,2.5874443573133026,0.12744435731330261,False,False,False
2.46,1.9046532695073877,0.5553467304926123,False,False,False
2.46,2.2631165898885843,0.19688341011141564,False,False,False
2.46,2.414472210876816,0.045527789123184004,False,False,False
2.46,2.0082945353601676,0.4517054646398324,False,False,False
2.46,2.38485908058961,0.0751409194103898,False,False,False
2.46,1.9212822616527037,0.5387177383472963,False,False,False
2.46,2.0596321399242874,0.40036786007571257,False,False,False
2.46,2.281408133266206,0.178591866733794,False,False,False
2.46,2.0130675655302936,0.4469324344697063,False,False,False
2.46,2.2259743964484886,0.23402560355151136,False,False,False
2.46,2.401763449001913,0.05823655099808711,False,False,False
2.46,2.401763449001913,0.05823655099808711,False,False,False
2.46,1.9159174730118167,0.5440825269881833,False,False,False
2.46,1.8840250551452327,0.5759749448547673,False,False,False
2.46,1.8538033899599058,0.6061966100400942,False,False,False
2.46,1.8195189434700403,0.6404810565299597,False,False,False
2.46,1.8730943881897324,0.5869056118102676,False,False,False
2.46,2.2690807022071136,0.1909192977928864,False,False,False
2.46,2.574940753653668,0.11494075365366818,False,False,False
2.46,2.574940753653668,0.11494075365366818,False,False,False
2.46,2.5960095481708385,0.13600954817083855,False,False,False
2.46,2.5757764457510506,0.11577644575105062,False,False,False
2.46,2.520919263057241,0.060919263057241047,False,False,False
2.46,2.520919263057241,0.060919263057241047,False,False,False
2.46,2.541477014794645,0.08147701479464509,False,False,False
2.46,2.5214001464710303,0.061400146471030315,False,False,False
2.46,2.520096391591897,0.060096391591896836,False,False,False
2.46,2.5888126249361885,0.1288126249361885,False,False,False
2.46,2.575586412046166,0.11558641204616604,False,False,False
2.46,2.5757764457510506,0.11577644575105062,False,False,False
2.46,2.5623485918790294,0.10234859187902945,False,False,False
2.46,2.498609641273999,0.03860964127399891,False,False,False
2.46,2.554826195712591,0.09482619571259088,False,False,False
2.46,2.520096391591897,0.060096391591896836,False,False,False
2.46,2.575102513228106,0.11510251322810605,False,False,False
2.46,2.538341299295609,0.07834129929560918,False,False,False
2.46,2.5531192320730334,0.09311923207303341,False,False,False
2.46,2.5808349587917023,0.12083495879170236,False,False,False
2.46,2.575947632386907,0.11594763238690708,False,False,False
2.46,2.446338019515021,0.013661980484978908,False,False,False
2.46,2.630871565373846,0.17087156537384596,False,False,False
2.46,2.5966590117296144,0.13665901172961448,False,False,False
2.46,2.5757764457510506,0.11577644575105062,False,False,False
2.46,2.520919263057241,0.060919263057241047,False,False,False
2.46,2.5408419626840297,0.08084196268402977,False,False,False
2.46,2.596654494620701,0.1366544946207009,False,False,False
2.46,2.520096391591897,0.060096391591896836,False,False,False
2.46,2.5960095481708385,0.13600954817083855,False,False,False
2.46,2.554826195712591,0.09482619571259088,False,False,False
2.46,2.520919263057241,0.060919263057241047,False,False,False
2.46,2.5745235669726214,0.11452356697262145,False,False,False
2.46,2.575586412046166,0.11558641204616604,False,False,False
2.46,2.596654494620701,0.1366544946207009,False,False,False
2.46,2.5408419626840297,0.08084196268402977,False,False,False
2.46,2.6099631728657258,0.1499631728657258,False,False,False
2.46,2.575586412046166,0.11558641204616604,False,False,False
2.46,2.617851258348597,0.15785125834859715,False,False,False
2.46,2.5421534011992115,0.08215340119921155,False,False,False
2.46,2.5745235669726214,0.11452356697262145,False,False,False
2.46,2.575586412046166,0.11558641204616604,False,False,False
2.46,2.4720931546910236,0.012093154691023678,False,False,False
2.46,2.520919263057241,0.060919263057241047,False,False,False
2.46,2.501276271349,0.04127627134900003,False,False,False
2.46,2.4255067476809353,0.03449325231906464,False,False,False
2.46,2.259941961224338,0.20005803877566208,False,False,False
2.46,1.9384690820822827,0.5215309179177172,False,False,False
2.46,2.2494679690136463,0.21053203098635365,False,False,False
2.46,2.5323178024381576,0.07231780243815766,False,False,False
2.46,2.3993928795858737,0.0606071204141263,False,False,False
2.46,1.9911678192230906,0.46883218077690936,False,False,False
2.46,1.8697895109065565,0.5902104890934434,False,False,False
2.46,2.406430922616945,0.05356907738305505,False,False,False
2.46,2.3993928795858737,0.0606071204141263,False,False,False
2.46,1.9911678192230906,0.46883218077690936,False,False,False
2.46,2.378213386892495,0.0817866131075049,False,False,False
2.46,2.0462266722331974,0.41377332776680253,False,False,False
2.46,1.9508229706956457,0.5091770293043543,False,False,False
2.46,1.9839370606624147,0.47606293933758526,False,False,False
2.46,2.032271236141399,0.4277287638586009,False,False,False
2.46,2.4271168756707624,0.03288312432923757,False,False,False
2.46,2.5013157924002276,0.04131579240022765,False,False,False
2.46,2.058443808871131,0.401556191128869,False,False,False
2.46,2.2027975286371495,0.25720247136285046,False,False,False
2.46,2.4732729748454942,0.013272974845494279,False,False,False
2.46,2.0567367875378677,0.40326321246213226,False,False,False
2.46,2.4865163094583647,0.026516309458364695,False,False,False
2.46,2.0289601816563465,0.43103981834365346,False,False,False
2.46,1.9584523617786767,0.5015476382213233,False,False,False
2.46,2.520919263057241,0.060919263057241047,False,False,False
2.46,2.541477014794645,0.08147701479464509,False,False,False
2.46,2.5214001464710303,0.061400146471030315,False,False,False
2.46,2.498609641273999,0.03860964127399891,False,False,False
2.46,2.554826195712591,0.09482619571259088,False,False,False
2.46,2.541477014794645,0.08147701479464509,False,False,False
2.46,2.5421534011992115,0.08215340119921155,False,False,False
2.46,2.5408419626840297,0.08084196268402977,False,False,False
2.46,2.6089467163847595,0.14894671638475954,False,False,False
2.46,2.5554682212803677,0.0954682212803677,False,False,False
2.46,2.520919263057241,0.060919263057241047,False,False,False
2.46,2.5408419626840297,0.08084196268402977,False,False,False
2.46,2.574940753653668,0.11494075365366818,False,False,False
2.46,2.554826195712591,0.09482619571259088,False,False,False
2.46,2.5408419626840297,0.08084196268402977,False,False,False
2.46,2.5960095481708385,0.13600954817083855,False,False,False
2.46,2.5349940393154595,0.07499403931545956,False,False,False
2.46,1.9197759253094788,0.5402240746905211,False,False,False
2.46,1.8468983383338573,0.6131016616661427,False,False,False
2.46,1.8697895109065565,0.5902104890934434,False,False,False
2.46,2.233913167780716,0.22608683221928416,False,False,False
2.46,1.9642499539342286,0.49575004606577133,False,False,False
2.46,2.054919185131525,0.4050808148684748,False,False,False
2.46,2.186118200738475,0.2738817992615248,False,False,False
2.46,1.943160240454525,0.516839759545475,False,False,False
2.46,1.932536826236658,0.527463173763342,False,False,False
2.46,2.38372814265415,0.07627185734585007,False,False,False
2.46,2.457094104704921,0.0029058952950791195,False,False,False
2.46,2.051610865377941,0.40838913462205895,False,False,False
2.46,1.9973216400650928,0.46267835993490714,False,False,False
2.46,1.9973216400650928,0.46267835993490714,False,False,False
2.46,1.9808706052665332,0.4791293947334667,False,False,False
2.46,1.9973216400650928,0.46267835993490714,False,False,False
2.46,2.186118200738475,0.2738817992615248,False,False,False
2.46,1.943160240454525,0.516839759545475,False,False,False
2.46,1.9973216400650928,0.46267835993490714,False,False,False
2.46,2.007600568274098,0.4523994317259019,False,False,False
2.46,2.512582616052448,0.05258261605244785,False,False,False
2.46,2.457718479198422,0.002281520801577841,False,False,False
2.46,2.062075971487261,0.397924028512739,False,False,False
2.46,2.012543696099295,0.4474563039007049,False,False,False
2.46,2.4576577385689626,0.002342261431037329,False,False,False
2.46,2.457094104704921,0.0029058952950791195,False,False,False
2.46,2.019668789463048,0.4403312105369519,False,False,False
2.46,2.166732270991708,0.2932677290082921,False,False,False
2.46,2.383176560076547,0.07682343992345286,False,False,False
2.46,2.019722631075452,0.44027736892454783,False,False,False
2.46,2.4411063586606785,0.018893641339321476,False,False,False
2.46,2.0694252727691422,0.39057472723085773,False,False,False
2.46,1.9923087027352846,0.46769129726471537,False,False,False
2.46,2.01481912291403,0.44518087708596976,False,False,False
2.46,2.171369538420123,0.28863046157987693,False,False,False
2.46,2.3805104504901777,0.07948954950982223,False,False,False
2.46,2.296908973307557,0.16309102669244302,False,False,False
2.46,2.0980444087500256,0.36195559124997434,False,False,False
2.46,2.38372814265415,0.07627185734585007,False,False,False
2.46,2.4008874884317937,0.059112511568206294,False,False,False
2.46,2.0694252727691422,0.39057472723085773,False,False,False
2.46,2.4489368795319963,0.011063120468003618,False,False,False
2.46,2.019722631075452,0.44027736892454783,False,False,False
2.46,2.4576577385689626,0.002342261431037329,False,False,False
2.46,1.943160240454525,0.516839759545475,False,False,False
2.46,1.9973216400650928,0.46267835993490714,False,False,False
2.46,1.936840298701251,0.523159701298749,False,False,False
2.46,1.9577893773116815,0.5022106226883185,False,False,False
2.46,2.405088375444377,0.05491162455562293,False,False,False
2.36,2.46155153600111,0.10155153600111033,False,False,False
2.36,2.575586412046166,0.21558641204616613,False,False,False
2.36,2.574527362277785,0.21452736227778502,False,False,False
2.36,2.63660283641674,0.2766028364167403,False,False,False
2.36,2.5408419626840297,0.18084196268402986,False,False,False
2.36,2.669456395388405,0.3094563953884051,False,False,False
2.36,2.596654494620701,0.23665449462070098,False,False,False
2.36,2.5421534011992115,0.18215340119921164,False,False,False
2.36,2.498609641273999,0.138609641273999,False,False,False
2.36,2.554826195712591,0.19482619571259097,False,False,False
2.36,2.541477014794645,0.18147701479464518,False,False,False
2.36,2.5408419626840297,0.18084196268402986,False,False,False
2.36,2.554826195712591,0.19482619571259097,False,False,False
2.36,2.500290417813314,0.14029041781331397,False,False,False
2.36,2.5408419626840297,0.18084196268402986,False,False,False
2.36,2.512947965113648,0.15294796511364828,False,False,False
2.36,2.5214001464710303,0.1614001464710304,False,False,False
2.36,2.5408419626840297,0.18084196268402986,False,False,False
2.36,2.554826195712591,0.19482619571259097,False,False,False
2.36,2.520096391591897,0.16009639159189692,False,False,False
2.36,2.5960095481708385,0.23600954817083863,False,False,False
2.36,2.554826195712591,0.19482619571259097,False,False,False
2.36,2.5523172186466763,0.1923172186466764,False,False,False
2.36,2.6146479191156677,0.25464791911566786,False,False,False
2.36,2.554826195712591,0.19482619571259097,False,False,False
2.36,2.614234254676756,0.254234254676756,False,False,False
2.36,2.5421534011992115,0.18215340119921164,False,False,False
2.36,2.520096391591897,0.16009639159189692,False,False,False
2.36,2.554826195712591,0.19482619571259097,False,False,False
2.36,2.500290417813314,0.14029041781331397,False,False,False
2.36,2.498609641273999,0.138609641273999,False,False,False
2.36,2.6089467163847595,0.24894671638475963,False,False,False
2.36,2.5554682212803677,0.19546822128036778,False,False,False
2.36,2.520919263057241,0.16091926305724114,False,False,False
2.36,2.5209686934798685,0.16096869347986864,False,False,False
2.36,2.538341299295609,0.17834129929560927,False,False,False
2.36,2.554826195712591,0.19482619571259097,False,False,False
2.36,2.571782245654821,0.2117822456548213,False,False,False
2.36,2.4591784820836198,0.0991784820836199,False,False,False
2.36,2.500290417813314,0.14029041781331397,False,False,False
2.36,2.541477014794645,0.18147701479464518,False,False,False
2.36,2.439445044665289,0.07944504466528901,False,False,False
2.36,2.500290417813314,0.14029041781331397,False,False,False
2.36,2.520096391591897,0.16009639159189692,False,False,False
2.36,2.595760907474669,0.23576090747466916,False,False,False
2.36,2.6089467163847595,0.24894671638475963,False,False,False
2.36,2.5966590117296144,0.23665901172961457,False,False,False
2.36,2.5757764457510506,0.2157764457510507,False,False,False
2.36,2.520919263057241,0.16091926305724114,False,False,False
2.36,2.5408419626840297,0.18084196268402986,False,False,False
2.36,2.554826195712591,0.19482619571259097,False,False,False
2.36,2.520096391591897,0.16009639159189692,False,False,False
2.36,2.6137939108787362,0.2537939108787364,False,False,False
2.36,2.5354526149736683,0.17545261497366837,False,False,False
2.36,2.5408419626840297,0.18084196268402986,False,False,False
2.36,2.7065544501097647,0.3465544501097648,False,False,False
2.36,2.573251110438912,0.21325111043891232,False,False,False
2.36,2.613615949222172,0.25361594922217234,False,False,False
2.36,2.7063799854452504,0.3463799854452505,False,False,False
2.36,2.541477014794645,0.18147701479464518,False,False,False
2.36,2.5421534011992115,0.18215340119921164,False,False,False
2.36,2.5535806574723843,0.1935806574723844,False,False,False
2.36,2.5554682212803677,0.19546822128036778,False,False,False
2.36,2.4577978004658934,0.09779780046589348,False,False,False
2.36,2.630215923913085,0.270215923913085,False,False,False
2.36,2.575586412046166,0.21558641204616613,False,False,False
2.36,2.5960095481708385,0.23600954817083863,False,False,False
2.36,2.575102513228106,0.21510251322810614,False,False,False
2.36,2.5605126319383573,0.20051263193835744,False,False,False
2.36,2.5408419626840297,0.18084196268402986,False,False,False
2.36,2.5933151178601115,0.2333151178601116,False,False,False
2.36,2.500290417813314,0.14029041781331397,False,False,False
2.36,2.5408419626840297,0.18084196268402986,False,False,False
2.36,2.554826195712591,0.19482619571259097,False,False,False
2.36,2.520096391591897,0.16009639159189692,False,False,False
2.36,2.617851258348597,0.25785125834859723,False,False,False
2.36,2.520096391591897,0.16009639159189692,False,False,False
2.36,2.5960095481708385,0.23600954817083863,False,False,False
2.36,2.574940753653668,0.21494075365366827,False,False,False
2.36,2.5757764457510506,0.2157764457510507,False,False,False
2.36,2.5408419626840297,0.18084196268402986,False,False,False
2.36,2.5960095481708385,0.23600954817083863,False,False,False
2.36,2.554826195712591,0.19482619571259097,False,False,False
2.36,2.5408419626840297,0.18084196268402986,False,False,False
2.36,2.630215923913085,0.270215923913085,False,False,False
2.36,2.575586412046166,0.21558641204616613,False,False,False
2.36,2.617851258348597,0.25785125834859723,False,False,False
2.36,2.5414858056672927,0.18148580566729278,False,False,False
2.36,2.602407840996522,0.24240784099652224,False,False,False
2.36,2.520096391591897,0.16009639159189692,False,False,False
2.36,2.5496932047940173,0.1896932047940174,False,False,False
2.36,2.565713089146172,0.20571308914617203,False,False,False
2.36,2.6889665851987172,0.32896658519871735,False,False,False
2.36,2.614647919115667,0.254647919115667,False,False,False
2.36,2.551110579793726,0.19111057979372603,False,False,False
2.36,2.604026743407702,0.24402674340770192,False,False,False
2.36,2.5966590117296144,0.23665901172961457,False,False,False
2.36,2.554826195712591,0.19482619571259097,False,False,False
2.36,2.498609641273999,0.138609641273999,False,False,False
2.36,2.617851258348597,0.25785125834859723,False,False,False
2.36,2.520096391591897,0.16009639159189692,False,False,False
2.36,2.617851258348597,0.25785125834859723,False,False,False
2.36,2.439445044665289,0.07944504466528901,False,False,False
2.36,2.5408419626840297,0.18084196268402986,False,False,False
2.36,2.574940753653668,0.21494075365366827,False,False,False
2.36,2.554826195712591,0.19482619571259097,False,False,False
2.36,2.520919263057241,0.16091926305724114,False,False,False
2.36,2.5408419626840297,0.18084196268402986,False,False,False
2.36,2.554826195712591,0.19482619571259097,False,False,False
2.36,2.500290417813314,0.14029041781331397,False,False,False
2.36,2.5408419626840297,0.18084196268402986,False,False,False
2.36,2.596654494620701,0.23665449462070098,False,False,False
2.36,2.520096391591897,0.16009639159189692,False,False,False
2.36,2.5757764457510506,0.2157764457510507,False,False,False
2.36,2.541477014794645,0.18147701479464518,False,False,False
2.36,2.5421534011992115,0.18215340119921164,False,False,False
2.36,2.500290417813314,0.14029041781331397,False,False,False
2.36,2.517707490196865,0.15770749019686514,False,False,False
2.36,2.500290417813314,0.14029041781331397,False,False,False
2.36,2.520096391591897,0.16009639159189692,False,False,False
2.36,2.596654494620701,0.23665449462070098,False,False,False
2.36,2.5214001464710303,0.1614001464710304,False,False,False
2.36,2.5745235669726214,0.21452356697262154,False,False,False
2.36,2.609598516483303,0.249598516483303,False,False,False
2.36,2.5554682212803677,0.19546822128036778,False,False,False
2.36,2.520919263057241,0.16091926305724114,False,False,False
2.36,2.5745235669726214,0.21452356697262154,False,False,False
2.36,2.575586412046166,0.21558641204616613,False,False,False
2.36,2.596654494620701,0.23665449462070098,False,False,False
2.36,2.583832584114663,0.2238325841146631,False,False,False
2.36,2.5421534011992115,0.18215340119921164,False,False,False
2.36,2.5535806574723843,0.1935806574723844,False,False,False
2.36,2.575586412046166,0.21558641204616613,False,False,False
2.36,2.554826195712591,0.19482619571259097,False,False,False
2.36,2.5408419626840297,0.18084196268402986,False,False,False
2.36,2.5960095481708385,0.23600954817083863,False,False,False
2.36,2.574940753653668,0.21494075365366827,False,False,False
2.36,2.617851258348597,0.25785125834859723,False,False,False
2.36,2.5421534011992115,0.18215340119921164,False,False,False
2.36,2.5408419626840297,0.18084196268402986,False,False,False
2.36,2.596654494620701,0.23665449462070098,False,False,False
2.36,2.5584608152366437,0.19846081523664383,False,False,False
2.36,2.5757764457510506,0.2157764457510507,False,False,False
2.36,2.477927152975253,0.11792715297525325,False,False,False
2.36,2.6146479191156677,0.25464791911566786,False,False,False
2.36,2.574940753653668,0.21494075365366827,False,False,False
2.36,2.6271021320923307,0.2671021320923308,False,False,False
2.36,2.5591943961449175,0.19919439614491763,False,False,False
2.36,2.5960095481708385,0.23600954817083863,False,False,False
2.36,2.627431891827695,0.267431891827695,False,False,False
2.36,2.520919263057241,0.16091926305724114,False,False,False
2.36,2.5408419626840297,0.18084196268402986,False,False,False
2.36,2.4720931546910236,0.11209315469102377,False,False,False
2.36,1.9193202870162365,0.4406797129837634,False,False,False
2.36,1.9652987568044678,0.3947012431955321,False,False,False
2.36,2.5625404433197425,0.20254044331974264,False,False,False
2.36,2.59036097776505,0.23036097776504993,False,False,False
2.36,2.6880458710431467,0.32804587104314686,False,False,False
2.36,1.9856168396510352,0.3743831603489647,False,False,False
2.36,2.5625404433197425,0.20254044331974264,False,False,False
2.36,2.541308518768716,0.181308518768716,False,False,False
2.36,2.681834882595723,0.3218348825957231,False,False,False
2.36,2.518432669758952,0.1584326697589522,False,False,False
2.36,2.5623485918790294,0.20234859187902954,False,False,False
2.36,2.5306007234921983,0.17060072349219846,False,False,False
2.36,2.5408419626840297,0.18084196268402986,False,False,False
2.36,2.554826195712591,0.19482619571259097,False,False,False
2.36,2.5535806574723843,0.1935806574723844,False,False,False
2.36,2.5966590117296144,0.23665901172961457,False,False,False
2.36,2.554826195712591,0.19482619571259097,False,False,False
2.36,2.4998813304252923,0.13988133042529238,False,False,False
2.36,2.5408419626840297,0.18084196268402986,False,False,False
2.36,2.574940753653668,0.21494075365366827,False,False,False
2.36,2.554826195712591,0.19482619571259097,False,False,False
2.36,2.520919263057241,0.16091926305724114,False,False,False
2.36,2.4793158721442157,0.1193158721442158,False,False,False
2.36,2.538341299295609,0.17834129929560927,False,False,False
2.36,2.574940753653668,0.21494075365366827,False,False,False
2.36,2.6147198222340156,0.2547198222340157,False,False,False
2.36,2.5421534011992115,0.18215340119921164,False,False,False
2.74,2.5623485918790294,0.1776514081209708,False,False,False
2.74,2.520096391591897,0.2199036084081034,False,False,False
2.74,2.554826195712591,0.18517380428740937,False,False,False
2.74,2.5535806574723843,0.18641934252761594,False,False,False
2.74,2.618504666667427,0.12149533333257301,False,False,False
2.74,2.520096391591897,0.2199036084081034,False,False,False
2.74,2.5960095481708385,0.1439904518291617,False,False,False
2.74,2.596654494620701,0.14334550537929935,False,False,False
2.74,2.5421534011992115,0.1978465988007887,False,False,False
2.74,2.5408419626840297,0.19915803731597048,False,False,False
2.74,2.554826195712591,0.18517380428740937,False,False,False
2.74,2.500290417813314,0.23970958218668637,False,False,False
2.74,2.5523172186466763,0.18768278135332395,False,False,False
2.74,2.6152962083684375,0.12470379163156275,False,False,False
2.74,2.520096391591897,0.2199036084081034,False,False,False
2.74,2.6488100411231317,0.09118995887686854,False,False,False
2.74,2.500290417813314,0.23970958218668637,False,False,False
2.74,2.4591784820836198,0.28082151791638044,False,False,False
2.74,2.5535806574723843,0.18641934252761594,False,False,False
2.74,2.575586412046166,0.1644135879538342,False,False,False
2.74,2.630215923913085,0.10978407608691532,False,False,False
2.74,2.618504666667427,0.12149533333257301,False,False,False
2.74,2.5408419626840297,0.19915803731597048,False,False,False
2.74,2.630215923913085,0.10978407608691532,False,False,False
2.74,2.575586412046166,0.1644135879538342,False,False,False
2.74,2.617851258348597,0.1221487416514031,False,False,False
2.74,2.583832584114663,0.15616741588533722,False,False,False
2.74,2.5408419626840297,0.19915803731597048,False,False,False
2.74,2.554826195712591,0.18517380428740937,False,False,False
2.74,2.500290417813314,0.23970958218668637,False,False,False
2.74,2.5623485918790294,0.1776514081209708,False,False,False
2.74,2.520096391591897,0.2199036084081034,False,False,False
2.74,2.574940753653668,0.16505924634633207,False,False,False
2.74,2.554826195712591,0.18517380428740937,False,False,False
2.74,2.520919263057241,0.2190807369427592,False,False,False
2.74,2.5408419626840297,0.19915803731597048,False,False,False
2.74,2.574940753653668,0.16505924634633207,False,False,False
2.74,2.554826195712591,0.18517380428740937,False,False,False
2.74,2.520919263057241,0.2190807369427592,False,False,False
2.74,2.520919263057241,0.2190807369427592,False,False,False
2.74,2.520096391591897,0.2199036084081034,False,False,False
2.74,2.574940753653668,0.16505924634633207,False,False,False
2.74,2.554826195712591,0.18517380428740937,False,False,False
2.74,2.5408419626840297,0.19915803731597048,False,False,False
2.74,2.5068271655645185,0.23317283443548176,False,False,False
2.74,2.4463919771814853,0.29360802281851495,False,False,False
2.74,2.4852361791010162,0.254763820898984,False,False,False
2.74,2.4528280702816354,0.2871719297183648,False,False,False
2.74,2.3599408105961026,0.3800591894038976,False,False,False
2.74,2.379738265414899,0.36026173458510113,False,False,False
2.74,2.3077974240799826,0.43220257592001765,False,False,False
2.74,2.359334092219685,0.3806659077803154,False,False,False
2.74,2.2304666542447356,0.5095333457552647,False,False,False
2.74,2.275894903979483,0.4641050960205173,False,False,False
2.74,2.294431162639456,0.4455688373605442,False,False,False
2.74,2.3074422186426387,0.43255778135736156,False,False,False
2.74,2.2567016410953786,0.4832983589046216,False,False,False
2.74,2.275894903979483,0.4641050960205173,False,False,False
2.74,2.2567016410953786,0.4832983589046216,False,False,False
2.74,2.3062833586776805,0.4337166413223197,False,False,False
2.74,2.3267577103684047,0.4132422896315955,False,False,False
2.74,2.32615698400132,0.4138430159986801,False,False,False
2.74,2.3660813029518324,0.3739186970481678,False,False,False
2.74,2.2956513368121056,0.44434866318789457,False,False,False
2.74,2.3548373084548344,0.3851626915451658,False,False,False
2.74,2.432796683679342,0.307203316320658,False,False,False
2.74,2.4139177163117727,0.32608228368822756,False,False,False
2.74,2.527302637130162,0.2126973628698381,False,False,False
2.74,2.3799375302460053,0.3600624697539949,False,False,False
2.74,2.5673753357887845,0.1726246642112157,False,False,False
2.74,2.5554682212803677,0.18453177871963256,False,False,False
2.74,2.5800744591283413,0.1599255408716589,False,False,False
2.74,2.5421534011992115,0.1978465988007887,False,False,False
2.74,2.438729096237614,0.3012709037623864,False,False,False
2.74,2.518432669758952,0.22156733024104813,False,False,False
2.74,2.520919263057241,0.2190807369427592,False,False,False
2.74,2.5592651961734734,0.18073480382652685,False,False,False
2.74,2.520096391591897,0.2199036084081034,False,False,False
2.74,2.574940753653668,0.16505924634633207,False,False,False
2.74,2.554826195712591,0.18517380428740937,False,False,False
2.74,2.5623485918790294,0.1776514081209708,False,False,False
2.74,2.5421534011992115,0.1978465988007887,False,False,False
2.74,2.520096391591897,0.2199036084081034,False,False,False
2.74,2.596654494620701,0.14334550537929935,False,False,False
2.74,2.520096391591897,0.2199036084081034,False,False,False
2.74,2.617851258348597,0.1221487416514031,False,False,False
2.74,2.584758310759748,0.15524168924025217,False,False,False
2.74,2.5745235669726214,0.1654764330273788,False,False,False
2.74,2.4684222354010186,0.27157776459898164,False,False,False
2.74,2.4695245023272676,0.2704754976727326,False,False,False
2.74,2.520919263057241,0.2190807369427592,False,False,False
2.74,2.498609641273999,0.24139035872600134,False,False,False
2.74,2.6089467163847595,0.1310532836152407,False,False,False
2.74,2.575586412046166,0.1644135879538342,False,False,False
2.74,2.5531192320730334,0.18688076792696684,False,False,False
2.74,2.5757764457510506,0.16422355424894963,False,False,False
2.74,2.520919263057241,0.2190807369427592,False,False,False
2.74,2.5745235669726214,0.1654764330273788,False,False,False
2.74,2.5327524268848056,0.2072475731151946,False,False,False
2.74,2.6332855373191664,0.10671446268083384,False,False,False
2.74,2.498609641273999,0.24139035872600134,False,False,False
2.74,2.6144922010820544,0.12550779891794583,False,False,False
2.74,2.520096391591897,0.2199036084081034,False,False,False
2.74,2.5757764457510506,0.16422355424894963,False,False,False
2.74,2.520096391591897,0.2199036084081034,False,False,False
2.74,2.5960095481708385,0.1439904518291617,False,False,False
2.74,2.554826195712591,0.18517380428740937,False,False,False
2.74,2.498609641273999,0.24139035872600134,False,False,False
2.74,2.5757764457510506,0.16422355424894963,False,False,False
2.74,2.520096391591897,0.2199036084081034,False,False,False
2.74,2.630215923913085,0.10978407608691532,False,False,False
2.74,2.5554682212803677,0.18453177871963256,False,False,False
2.74,2.520919263057241,0.2190807369427592,False,False,False
2.74,2.5408419626840297,0.19915803731597048,False,False,False
2.74,2.554826195712591,0.18517380428740937,False,False,False
2.74,2.520096391591897,0.2199036084081034,False,False,False
2.74,2.617851258348597,0.1221487416514031,False,False,False
2.74,2.562835133666552,0.1771648663334484,False,False,False
2.74,2.5421534011992115,0.1978465988007887,False,False,False
2.74,2.5535806574723843,0.18641934252761594,False,False,False
2.74,2.575586412046166,0.1644135879538342,False,False,False
2.74,2.4720931546910236,0.26790684530897657,False,False,False
2.74,2.5745235669726214,0.1654764330273788,False,False,False
2.74,2.5966590117296144,0.14334098827038577,False,False,False
2.74,2.596654494620701,0.14334550537929935,False,False,False
2.74,2.5745235669726214,0.1654764330273788,False,False,False
2.74,2.5966590117296144,0.14334098827038577,False,False,False
2.74,2.596654494620701,0.14334550537929935,False,False,False
2.74,2.5421534011992115,0.1978465988007887,False,False,False
2.74,2.520919263057241,0.2190807369427592,False,False,False
2.74,2.541477014794645,0.19852298520535516,False,False,False
2.74,2.562835133666552,0.1771648663334484,False,False,False
2.74,2.584758310759748,0.15524168924025217,False,False,False
2.74,2.460608966089551,0.27939103391044906,False,False,False
2.74,2.500290417813314,0.23970958218668637,False,False,False
2.74,2.500290417813314,0.23970958218668637,False,False,False
2.74,2.500290417813314,0.23970958218668637,False,False,False
2.74,2.559099027298937,0.1809009727010631,False,False,False
2.74,2.580563421895988,0.15943657810401213,False,False,False
2.74,2.53892225861647,0.2010777413835303,False,False,False
2.74,2.500290417813314,0.23970958218668637,False,False,False
2.74,2.4590546551599246,0.2809453448400756,False,False,False
2.74,2.584758310759748,0.15524168924025217,False,False,False
2.74,2.543068361847488,0.19693163815251236,False,False,False
2.74,2.500290417813314,0.23970958218668637,False,False,False
2.74,2.500290417813314,0.23970958218668637,False,False,False
2.74,2.541477014794645,0.19852298520535516,False,False,False
2.74,2.584758310759748,0.15524168924025217,False,False,False
2.74,2.520096391591897,0.2199036084081034,False,False,False
2.74,2.5321145032017562,0.20788549679824397,False,False,False
2.74,2.5934699235515266,0.1465300764484736,False,False,False
2.74,2.617851258348597,0.1221487416514031,False,False,False
2.74,2.5791794743189986,0.16082052568100158,False,False,False
2.74,2.5960095481708385,0.1439904518291617,False,False,False
2.74,2.574940753653668,0.16505924634633207,False,False,False
2.74,2.5960095481708385,0.1439904518291617,False,False,False
2.74,2.6358533009559477,0.1041466990440525,False,False,False
2.74,2.601665353421573,0.1383346465784272,False,False,False
2.74,2.5408419626840297,0.19915803731597048,False,False,False
2.74,2.525393674289092,0.21460632571090832,False,False,False
2.74,2.495953494543011,0.24404650545698914,False,False,False
2.74,2.6121948506493733,0.12780514935062692,False,False,False
2.74,2.571782245654821,0.16821775434517905,False,False,False
2.74,2.5379372600611863,0.20206273993881396,False,False,False
2.74,2.475719810180823,0.2642801898191771,False,False,False
2.74,2.554826195712591,0.18517380428740937,False,False,False
2.74,2.538188868530095,0.20181113146990537,False,False,False
2.74,2.5623485918790294,0.1776514081209708,False,False,False
2.74,2.4577978004658934,0.28220219953410686,False,False,False
2.74,2.554826195712591,0.18517380428740937,False,False,False
2.74,2.541477014794645,0.19852298520535516,False,False,False
2.74,2.583832584114663,0.15616741588533722,False,False,False
2.74,2.4577978004658934,0.28220219953410686,False,False,False
2.74,2.5450756540989024,0.19492434590109786,False,False,False
2.74,2.575586412046166,0.1644135879538342,False,False,False
2.74,2.617851258348597,0.1221487416514031,False,False,False
2.74,2.51897657734885,0.22102342265115027,False,False,False
2.74,2.6146479191156677,0.12535208088433247,False,False,False
2.74,2.554826195712591,0.18517380428740937,False,False,False
2.74,2.559041067033751,0.1809589329662491,False,False,False
1.83,2.330576361616716,0.5005763616167158,False,False,False
1.83,2.1877514102052227,0.3577514102052226,False,False,False
1.83,2.059396701528339,0.2293967015283389,False,False,False
1.83,2.059396701528339,0.2293967015283389,False,False,False
1.83,2.059396701528339,0.2293967015283389,False,False,False
1.83,2.059396701528339,0.2293967015283389,False,False,False
1.83,2.059396701528339,0.2293967015283389,False,False,False
1.83,2.059396701528339,0.2293967015283389,False,False,False
1.83,2.059396701528339,0.2293967015283389,False,False,False
1.83,2.1396135947817494,0.3096135947817493,False,False,False
1.83,2.059396701528339,0.2293967015283389,False,False,False
1.83,2.059396701528339,0.2293967015283389,False,False,False
1.83,2.059396701528339,0.2293967015283389,False,False,False
1.83,2.059396701528339,0.2293967015283389,False,False,False
1.83,2.1303763660620385,0.30037636606203844,False,False,False
1.83,2.177427233836583,0.34742723383658314,False,False,False
1.83,2.1396135947817494,0.3096135947817493,False,False,False
1.83,2.169478588428165,0.33947858842816503,False,False,False
1.83,2.059949249190648,0.22994924919064808,False,False,False
1.83,2.059396701528339,0.2293967015283389,False,False,False
1.83,2.059396701528339,0.2293967015283389,False,False,False
1.83,2.059396701528339,0.2293967015283389,False,False,False
1.83,2.059396701528339,0.2293967015283389,False,False,False
1.83,2.0890315888067237,0.2590315888067236,False,False,False
1.83,2.0890315888067237,0.2590315888067236,False,False,False
1.83,2.0890315888067237,0.2590315888067236,False,False,False
1.83,2.0890315888067237,0.2590315888067236,False,False,False
1.83,2.059396701528339,0.2293967015283389,False,False,False
1.83,2.059396701528339,0.2293967015283389,False,False,False
1.83,2.059396701528339,0.2293967015283389,False,False,False
1.83,2.059396701528339,0.2293967015283389,False,False,False
1.83,2.059396701528339,0.2293967015283389,False,False,False
1.83,2.059396701528339,0.2293967015283389,False,False,False
1.83,2.059396701528339,0.2293967015283389,False,False,False
1.83,2.0884986468138576,0.2584986468138575,False,False,False
1.83,2.0605690385518134,0.23056903855181332,False,False,False
1.83,2.059396701528339,0.2293967015283389,False,False,False
1.83,2.059396701528339,0.2293967015283389,False,False,False
1.83,2.0884441806165,0.2584441806164999,False,False,False
1.83,2.059396701528339,0.2293967015283389,False,False,False
1.83,2.0884986468138576,0.2584986468138575,False,False,False
1.83,2.059949249190648,0.22994924919064808,False,False,False
1.83,2.059396701528339,0.2293967015283389,False,False,False
1.83,2.138389319124699,0.30838931912469913,False,False,False
1.83,2.4302253922874724,0.6002253922874723,False,False,False
1.83,2.4738524514535505,0.6438524514535504,False,False,False
1.83,2.385397805215281,0.5553978052152808,False,False,False
1.83,2.575586412046166,0.7455864120461659,False,False,False
1.83,2.554826195712591,0.7248261957125908,False,False,False
1.83,2.5623485918790294,0.7323485918790293,False,False,False
1.83,2.5421534011992115,0.7121534011992114,False,False,False
1.83,2.520096391591897,0.6900963915918967,False,False,False
1.83,2.554826195712591,0.7248261957125908,False,False,False
1.83,2.500290417813314,0.6702904178133138,False,False,False
1.83,2.520919263057241,0.6909192630572409,False,False,False
1.83,2.5535806574723843,0.7235806574723842,False,False,False
1.83,2.575586412046166,0.7455864120461659,False,False,False
1.83,2.596654494620701,0.7666544946207008,False,False,False
1.83,2.520988591938078,0.690988591938078,False,False,False
1.83,2.5408419626840297,0.7108419626840297,False,False,False
1.83,2.574940753653668,0.7449407536536681,False,False,False
1.83,2.4720931546910236,0.6420931546910236,False,False,False
1.83,2.498609641273999,0.6686096412739988,False,False,False
1.83,2.5757764457510506,0.7457764457510505,False,False,False
1.83,2.343282245734612,0.513282245734612,False,False,False
1.83,2.468325192146898,0.638325192146898,False,False,False
1.83,2.424458477412426,0.594458477412426,False,False,False
1.83,2.458254433472032,0.6282544334720321,False,False,False
1.83,2.5554682212803677,0.7254682212803676,False,False,False
1.83,2.452220752253238,0.6222207522532379,False,False,False
1.83,2.3912891364605033,0.5612891364605033,False,False,False
1.83,2.3267577103684047,0.49675771036840466,False,False,False
1.83,2.3660813029518324,0.5360813029518323,False,False,False
1.83,2.275959408192861,0.44595940819286106,False,False,False
1.83,2.294431162639456,0.46443116263945594,False,False,False
1.83,2.32615698400132,0.49615698400132,False,False,False
1.83,2.3463596436097283,0.5163596436097282,False,False,False
1.83,2.309022548778592,0.47902254877859196,False,False,False
1.83,2.3077974240799826,0.4777974240799825,False,False,False
1.83,2.371419786002093,0.5414197860020931,False,False,False
1.83,2.340255128013776,0.5102551280137759,False,False,False
1.83,2.378962964431359,0.5489629644313587,False,False,False
1.83,2.3882770259322617,0.5582770259322616,False,False,False
1.83,2.3276526326641833,0.49765263266418325,False,False,False
1.83,2.4544273220236184,0.6244273220236183,False,False,False
1.83,2.546474307326947,0.7164743073269468,False,False,False
1.83,2.537443152518218,0.7074431525182181,False,False,False
1.83,2.518060342501103,0.6880603425011032,False,False,False
1.83,2.617851258348597,0.787851258348597,False,False,False
1.83,2.3188726819335077,0.48887268193350764,False,False,False
1.83,2.1669069876393516,0.33690698763935156,False,False,False
1.83,2.0890315888067237,0.2590315888067236,False,False,False
1.83,2.059396701528339,0.2293967015283389,False,False,False
1.83,2.059396701528339,0.2293967015283389,False,False,False
1.83,2.059396701528339,0.2293967015283389,False,False,False
1.83,2.070312659749476,0.2403126597494758,False,False,False
1.83,2.0995184410686583,0.2695184410686582,False,False,False
1.83,2.059949249190648,0.22994924919064808,False,False,False
1.83,2.059396701528339,0.2293967015283389,False,False,False
1.83,2.059396701528339,0.2293967015283389,False,False,False
1.83,2.059396701528339,0.2293967015283389,False,False,False
1.83,2.059396701528339,0.2293967015283389,False,False,False
1.83,2.059396701528339,0.2293967015283389,False,False,False
1.83,2.059396701528339,0.2293967015283389,False,False,False
1.83,2.059396701528339,0.2293967015283389,False,False,False
1.83,2.059396701528339,0.2293967015283389,False,False,False
1.83,2.059396701528339,0.2293967015283389,False,False,False
1.83,2.059396701528339,0.2293967015283389,False,False,False
1.83,2.059396701528339,0.2293967015283389,False,False,False
1.83,2.059396701528339,0.2293967015283389,False,False,False
1.83,2.059396701528339,0.2293967015283389,False,False,False
1.83,2.070312659749476,0.2403126597494758,False,False,False
1.83,2.070312659749476,0.2403126597494758,False,False,False
1.83,2.059396701528339,0.2293967015283389,False,False,False
1.83,2.168350301279837,0.3383503012798368,False,False,False
1.83,2.126799641226028,0.29679964122602787,False,False,False
1.83,2.204798087243487,0.37479808724348684,False,False,False
1.83,2.1697283425790213,0.3397283425790212,False,False,False
1.83,2.1855005732767756,0.35550057327677553,False,False,False
1.83,2.1998797971941126,0.36987979719411257,False,False,False
1.83,2.1100550401986404,0.28005504019864036,False,False,False
1.83,2.1094934447268967,0.27949344472689663,False,False,False
1.83,2.1094934447268967,0.27949344472689663,False,False,False
1.83,2.1396135947817494,0.3096135947817493,False,False,False
1.83,2.1552359777012944,0.3252359777012943,False,False,False
1.83,2.1303763660620385,0.30037636606203844,False,False,False
1.83,2.1309020079751235,0.30090200797512345,False,False,False
1.83,2.131205732206555,0.3012057322065549,False,False,False
1.83,2.147960944065395,0.317960944065395,False,False,False
1.83,2.059949249190648,0.22994924919064808,False,False,False
1.83,2.059396701528339,0.2293967015283389,False,False,False
1.83,2.0884441806165,0.2584441806164999,False,False,False
1.83,2.059396701528339,0.2293967015283389,False,False,False
1.83,2.059396701528339,0.2293967015283389,False,False,False
1.83,2.059396701528339,0.2293967015283389,False,False,False
1.83,2.1758497853642664,0.34584978536426636,False,False,False
1.83,2.102324875329791,0.2723248753297911,False,False,False
1.83,2.059396701528339,0.2293967015283389,False,False,False
1.83,2.059396701528339,0.2293967015283389,False,False,False
1.83,2.059396701528339,0.2293967015283389,False,False,False
1.83,2.059396701528339,0.2293967015283389,False,False,False
1.83,2.0884986468138576,0.2584986468138575,False,False,False
1.83,2.059949249190648,0.22994924919064808,False,False,False
1.83,2.059396701528339,0.2293967015283389,False,False,False
1.83,2.059396701528339,0.2293967015283389,False,False,False
1.83,2.059396701528339,0.2293967015283389,False,False,False
1.83,2.059396701528339,0.2293967015283389,False,False,False
1.83,2.059396701528339,0.2293967015283389,False,False,False
1.83,2.059396701528339,0.2293967015283389,False,False,False
1.83,2.059396701528339,0.2293967015283389,False,False,False
1.83,2.059396701528339,0.2293967015283389,False,False,False
1.83,2.059396701528339,0.2293967015283389,False,False,False
1.83,2.059396701528339,0.2293967015283389,False,False,False
1.83,2.0890315888067237,0.2590315888067236,False,False,False
1.83,2.1184154304764826,0.28841543047648255,False,False,False
1.83,2.059949249190648,0.22994924919064808,False,False,False
1.83,2.059396701528339,0.2293967015283389,False,False,False
1.83,2.0884986468138576,0.2584986468138575,False,False,False
1.83,2.059949249190648,0.22994924919064808,False,False,False
1.83,2.059396701528339,0.2293967015283389,False,False,False
1.83,2.0884986468138576,0.2584986468138575,False,False,False
1.83,2.089589488729391,0.2595894887293908,False,False,False
1.83,2.0890315888067237,0.2590315888067236,False,False,False
1.83,2.1184154304764826,0.28841543047648255,False,False,False
1.83,2.089589488729391,0.2595894887293908,False,False,False
1.83,2.0890315888067237,0.2590315888067236,False,False,False
1.83,2.0890315888067237,0.2590315888067236,False,False,False
1.83,2.0890315888067237,0.2590315888067236,False,False,False
1.83,2.100053284603918,0.2700532846039181,False,False,False
1.83,2.1184154304764826,0.28841543047648255,False,False,False
1.83,2.059949249190648,0.22994924919064808,False,False,False
1.83,2.059396701528339,0.2293967015283389,False,False,False
1.83,2.059396701528339,0.2293967015283389,False,False,False
1.83,2.059396701528339,0.2293967015283389,False,False,False
1.83,2.059396701528339,0.2293967015283389,False,False,False
1.83,2.059396701528339,0.2293967015283389,False,False,False
1.83,2.074619933729113,0.24461993372911284,False,False,False
1.83,2.059396701528339,0.2293967015283389,False,False,False
1.83,2.059396701528339,0.2293967015283389,False,False,False
1.83,2.074619933729113,0.24461993372911284,False,False,False
1.65,2.5178962993293643,0.8678962993293644,False,False,False
1.65,2.6582276623103858,1.0082276623103859,False,False,False
1.65,2.619043445208818,0.9690434452088179,False,False,False
1.65,2.5541628562557914,0.9041628562557915,False,False,False
1.65,2.6538953271196033,1.0038953271196034,False,False,False
1.65,2.5978396965328447,0.9478396965328448,False,False,False
1.65,2.619043445208818,0.9690434452088179,False,False,False
1.65,2.6181976412126433,0.9681976412126434,False,False,False
1.65,2.6538953271196033,1.0038953271196034,False,False,False
1.65,2.636194276871961,0.9861942768719612,False,False,False
1.65,2.7868784115708833,1.1368784115708834,False,False,False
1.65,2.726528776774235,1.0765287767742353,False,False,False
1.65,2.8121267016322644,1.1621267016322645,False,False,False
1.65,2.913438850234284,1.2634388502342841,False,False,False
1.65,2.762527691087367,1.112527691087367,False,False,False
1.65,2.737355052697263,1.087355052697263,False,False,False
1.65,2.7022126836623652,1.0522126836623653,False,False,False
1.65,2.6408693556361507,0.9908693556361508,False,False,False
1.65,2.514105583297919,0.8641055832979192,False,False,False
1.65,2.5978396965328447,0.9478396965328448,False,False,False
1.65,2.6082452716648232,0.9582452716648233,False,False,False
1.65,2.735565847484645,1.085565847484645,False,False,False
1.65,2.672833724136673,1.0228337241366732,False,False,False
1.65,2.7005294205688712,1.0505294205688713,False,False,False
1.65,2.7964646886725735,1.1464646886725736,False,False,False
1.65,2.749573158749885,1.0995731587498851,False,False,False
1.65,2.7964646886725735,1.1464646886725736,False,False,False
1.65,2.7038988429346777,1.0538988429346778,False,False,False
1.65,2.6582276623103858,1.0082276623103859,False,False,False
1.65,2.6616273642679857,1.0116273642679858,False,False,False
1.65,2.6195377303191996,0.9695377303191997,False,False,False
1.65,2.5978396965328447,0.9478396965328448,False,False,False
1.65,2.5978396965328447,0.9478396965328448,False,False,False
1.65,2.514105583297919,0.8641055832979192,False,False,False
1.65,2.6181976412126433,0.9681976412126434,False,False,False
1.65,2.6968893351265324,1.0468893351265325,False,False,False
1.65,2.5352986291550477,0.8852986291550478,False,False,False
1.65,2.7001219726453773,1.0501219726453774,False,False,False
1.65,2.826359089045783,1.176359089045783,False,False,False
1.65,2.826359089045783,1.176359089045783,False,False,False
1.65,2.8613081135901948,1.2113081135901949,False,False,False
1.65,2.71522415902433,1.0652241590243299,False,False,False
1.65,2.6582276623103858,1.0082276623103859,False,False,False
1.65,2.6508328201917912,1.0008328201917913,False,False,False
1.65,2.759380929341887,1.1093809293418873,False,False,False
1.65,2.7030332074455727,1.0530332074455728,False,False,False
1.65,2.781536715904539,1.1315367159045393,False,False,False
1.65,2.6754294377914105,1.0254294377914106,False,False,False
1.65,2.619043445208818,0.9690434452088179,False,False,False
1.65,2.619043445208818,0.9690434452088179,False,False,False
1.65,2.6181976412126433,0.9681976412126434,False,False,False
1.65,2.664463024837588,1.014463024837588,False,False,False
1.65,2.759380929341887,1.1093809293418873,False,False,False
1.65,2.695351899556157,1.0453518995561573,False,False,False
1.65,2.8715210004784697,1.2215210004784698,False,False,False
1.65,2.76381364445735,1.11381364445735,False,False,False
1.65,2.734908216122772,1.084908216122772,False,False,False
1.65,2.77688880777634,1.1268888077763402,False,False,False
1.65,2.6968893351265324,1.0468893351265325,False,False,False
1.65,2.6408693556361507,0.9908693556361508,False,False,False
1.65,2.619043445208818,0.9690434452088179,False,False,False
1.65,2.5978396965328447,0.9478396965328448,False,False,False
1.65,2.619043445208818,0.9690434452088179,False,False,False
1.65,2.6401741190797328,0.9901741190797329,False,False,False
1.65,2.6837100919502372,1.0337100919502373,False,False,False
1.65,2.641809815240411,0.9918098152404111,False,False,False
1.65,2.662573185797291,1.012573185797291,False,False,False
1.65,2.6732544508688516,1.0232544508688517,False,False,False
1.65,2.659599348342754,1.0095993483427539,False,False,False
1.65,2.638298049490435,0.9882980494904352,False,False,False
1.65,2.603585206655616,0.9535852066556161,False,False,False
1.65,2.808450931353304,1.158450931353304,False,False,False
1.65,2.826359089045783,1.176359089045783,False,False,False
1.65,2.8677879603825494,1.2177879603825494,False,False,False
1.65,2.8613081135901948,1.2113081135901949,False,False,False
1.65,2.74400180897559,1.09400180897559,False,False,False
1.65,2.7074238042309218,1.0574238042309219,False,False,False
1.65,2.7524705601064166,1.1024705601064166,False,False,False
1.65,2.6538953271196033,1.0038953271196034,False,False,False
1.65,2.6616273642679857,1.0116273642679858,False,False,False
1.65,2.6837100919502372,1.0337100919502373,False,False,False
1.65,2.6846616175879046,1.0346616175879046,False,False,False
1.65,2.641809815240411,0.9918098152404111,False,False,False
1.65,2.6732544508688516,1.0232544508688517,False,False,False
1.65,2.7427038694700934,1.0927038694700935,False,False,False
1.65,2.762102567421637,1.112102567421637,False,False,False
1.65,2.8421862404680573,1.1921862404680574,False,False,False
1.65,2.7634072342390725,1.1134072342390726,False,False,False
1.65,2.7074238042309218,1.0574238042309219,False,False,False
1.65,2.737355052697263,1.087355052697263,False,False,False
1.65,2.6846616175879046,1.0346616175879046,False,False,False
1.65,2.7001219726453773,1.0501219726453774,False,False,False
1.65,2.733596877813797,1.0835968778137972,False,False,False
1.65,2.711987774351964,1.0619877743519641,False,False,False
1.65,2.77688880777634,1.1268888077763402,False,False,False
1.65,2.720278667922507,1.0702786679225071,False,False,False
1.65,2.781536715904539,1.1315367159045393,False,False,False
1.65,2.7186768295556067,1.0686768295556068,False,False,False
1.65,2.6837100919502372,1.0337100919502373,False,False,False
1.65,2.6408693556361507,0.9908693556361508,False,False,False
1.65,2.6732544508688516,1.0232544508688517,False,False,False
1.65,2.759380929341887,1.1093809293418873,False,False,False
1.65,2.7427038694700934,1.0927038694700935,False,False,False
1.65,2.806506069287677,1.1565060692876772,False,False,False
1.65,2.762693104507607,1.1126931045076072,False,False,False
1.65,2.7916840475888183,1.1416840475888184,False,False,False
1.65,2.8237829432577994,1.1737829432577995,False,False,False
1.65,2.819948649558531,1.1699486495585312,False,False,False
1.65,2.669113312907241,1.019113312907241,False,False,False
1.65,2.6154883769534565,0.9654883769534566,False,False,False
1.65,2.7633198688447385,1.1133198688447385,False,False,False
1.65,2.669698372370541,1.019698372370541,False,False,False
1.65,2.583692685789055,0.9336926857890551,False,False,False
1.65,2.6979954445793743,1.0479954445793744,False,False,False
1.65,2.6538953271196033,1.0038953271196034,False,False,False
1.65,2.658458037684936,1.0084580376849361,False,False,False
1.65,2.6837100919502372,1.0337100919502373,False,False,False
1.65,2.6732544508688516,1.0232544508688517,False,False,False
1.65,2.609537986033655,0.9595379860336553,False,False,False
1.65,2.7427038694700934,1.0927038694700935,False,False,False
1.65,2.819948649558531,1.1699486495585312,False,False,False
1.65,2.800251677263071,1.1502516772630709,False,False,False
1.65,2.650076161035005,1.0000761610350053,False,False,False
1.65,2.5961120785833804,0.9461120785833805,False,False,False
1.65,2.707714102617993,1.057714102617993,False,False,False
1.65,2.7143451650261863,1.0643451650261864,False,False,False
1.65,2.75579977923787,1.10579977923787,False,False,False
1.65,2.7474812234500834,1.0974812234500835,False,False,False
1.65,2.7022126836623652,1.0522126836623653,False,False,False
1.65,2.6837100919502372,1.0337100919502373,False,False,False
1.65,2.6846616175879046,1.0346616175879046,False,False,False
1.65,2.641809815240411,0.9918098152404111,False,False,False
1.65,2.5978396965328447,0.9478396965328448,False,False,False
1.65,2.6082452716648232,0.9582452716648233,False,False,False
1.65,2.568856606421614,0.9188566064216142,False,False,False
1.65,2.6401741190797328,0.9901741190797329,False,False,False
1.65,2.6837100919502372,1.0337100919502373,False,False,False
1.65,2.602146887159091,0.952146887159091,False,False,False
1.65,2.635786382813597,0.9857863828135969,False,False,False
1.65,2.6411549329142083,0.9911549329142084,False,False,False
1.65,2.772846508774557,1.1228465087745572,False,False,False
1.65,2.790170651130137,1.1401706511301373,False,False,False
1.65,2.734480427699787,1.0844804276997873,False,False,False
1.65,2.6401204493905315,0.9901204493905316,False,False,False
1.65,2.6582276623103858,1.0082276623103859,False,False,False
1.65,2.6401741190797328,0.9901741190797329,False,False,False
1.65,2.6846616175879046,1.0346616175879046,False,False,False
1.65,2.5541628562557914,0.9041628562557915,False,False,False
1.65,2.6538953271196033,1.0038953271196034,False,False,False
1.65,2.6082452716648232,0.9582452716648233,False,False,False
1.65,2.736433580635306,1.086433580635306,False,False,False
1.65,2.568856606421614,0.9188566064216142,False,False,False
1.65,2.6616273642679857,1.0116273642679858,False,False,False
1.65,2.6837100919502372,1.0337100919502373,False,False,False
1.65,2.5541628562557914,0.9041628562557915,False,False,False
1.65,2.6968893351265324,1.0468893351265325,False,False,False
1.65,2.7345951691929615,1.0845951691929616,False,False,False
1.65,2.77191987950391,1.1219198795039103,False,False,False
1.65,2.7255249658828626,1.0755249658828627,False,False,False
1.65,2.7217164770392968,1.0717164770392968,False,False,False
1.65,2.680605836978571,1.0306058369785709,False,False,False
1.65,2.6846616175879046,1.0346616175879046,False,False,False
1.65,2.665815659898239,1.015815659898239,False,False,False
1.65,2.71501295833166,1.06501295833166,False,False,False
1.65,2.6538953271196033,1.0038953271196034,False,False,False
1.65,2.741786243390565,1.091786243390565,False,False,False
1.65,2.781536715904539,1.1315367159045393,False,False,False
1.65,2.2415799248162394,0.5915799248162394,False,False,False
1.65,2.7845747676458172,1.1345747676458173,False,False,False
1.65,2.7837551391059114,1.1337551391059115,False,False,False
1.65,2.7846894237749273,1.1346894237749274,False,False,False
1.65,2.752178321116782,1.102178321116782,False,False,False
1.65,2.781536715904539,1.1315367159045393,False,False,False
1.65,2.74400180897559,1.09400180897559,False,False,False
1.65,2.6395213687589845,0.9895213687589846,False,False,False
1.65,2.6754294377914105,1.0254294377914106,False,False,False
1.65,2.6401741190797328,0.9901741190797329,False,False,False
1.65,2.6837100919502372,1.0337100919502373,False,False,False
1.65,2.6082452716648232,0.9582452716648233,False,False,False
1.65,2.6968893351265324,1.0468893351265325,False,False,False
1.71,2.4032609106593146,0.6932609106593146,False,False,False
1.71,2.295756257833126,0.5857562578331259,False,False,False
1.71,2.144658752937617,0.4346587529376169,False,False,False
1.71,2.241802003495272,0.531802003495272,False,False,False
1.71,2.241802003495272,0.531802003495272,False,False,False
1.71,2.241802003495272,0.531802003495272,False,False,False
1.71,2.2172386642386708,0.5072386642386708,False,False,False
1.71,2.1690168764140667,0.45901687641406674,False,False,False
1.71,2.1690168764140667,0.45901687641406674,False,False,False
1.71,2.2172386642386708,0.5072386642386708,False,False,False
1.71,2.1202057732920454,0.41020577329204544,False,False,False
1.71,2.1202057732920454,0.41020577329204544,False,False,False
1.71,2.144658752937617,0.4346587529376169,False,False,False
1.71,2.144658752937617,0.4346587529376169,False,False,False
1.71,2.1202057732920454,0.41020577329204544,False,False,False
1.71,2.167684820149963,0.45768482014996303,False,False,False
1.71,2.138850553214928,0.4288505532149278,False,False,False
1.71,2.1922213005905222,0.48222130059052226,False,False,False
1.71,2.1202057732920454,0.41020577329204544,False,False,False
1.71,2.144658752937617,0.4346587529376169,False,False,False
1.71,2.3444022183294955,0.6344022183294955,False,False,False
1.71,2.2932118642064823,0.5832118642064823,False,False,False
1.71,2.1925098919749493,0.4825098919749493,False,False,False
1.71,2.3139282383825353,0.6039282383825353,False,False,False
1.71,2.4518091487507254,0.7418091487507255,False,False,False
1.71,2.5261597134549456,0.8161597134549456,False,False,False
1.71,2.4426716588301836,0.7326716588301836,False,False,False
1.71,2.4398161403707346,0.7298161403707346,False,False,False
1.71,2.3800618506970195,0.6700618506970195,False,False,False
1.71,2.4134100528289086,0.7034100528289087,False,False,False
1.71,2.43149503384333,0.7214950338433299,False,False,False
1.71,2.2642676724767976,0.5542676724767976,False,False,False
1.71,2.47220666921176,0.7622066692117602,False,False,False
1.71,2.4381885955702214,0.7281885955702214,False,False,False
1.71,2.481154033769275,0.771154033769275,False,False,False
1.71,2.306871082515982,0.5968710825159822,False,False,False
1.71,2.389812917366694,0.6798129173666942,False,False,False
1.71,2.358711763785053,0.648711763785053,False,False,False
1.71,2.283301771967953,0.573301771967953,False,False,False
1.71,2.1961516377649786,0.4861516377649786,False,False,False
1.71,2.1709696580282696,0.4609696580282696,False,False,False
1.71,2.1686679508417845,0.4586679508417846,False,False,False
1.71,2.3309989361020658,0.6209989361020658,False,False,False
1.71,2.226942981610995,0.516942981610995,False,False,False
1.71,2.1300104784828364,0.42001047848283646,False,False,False
1.71,2.1443744871236428,0.4343744871236428,False,False,False
1.71,2.191869820088021,0.48186982008802115,False,False,False
1.71,2.167684820149963,0.45768482014996303,False,False,False
1.71,2.1683815146828804,0.45838151468288046,False,False,False
1.71,2.1443744871236428,0.4343744871236428,False,False,False
1.71,2.191869820088021,0.48186982008802115,False,False,False
1.71,2.1202057732920454,0.41020577329204544,False,False,False
1.71,2.167684820149963,0.45768482014996303,False,False,False
1.71,2.1332009892482824,0.4232009892482824,False,False,False
1.71,2.1202057732920454,0.41020577329204544,False,False,False
1.71,2.1202057732920454,0.41020577329204544,False,False,False
1.71,2.1202057732920454,0.41020577329204544,False,False,False
1.71,2.1202057732920454,0.41020577329204544,False,False,False
1.71,2.1202057732920454,0.41020577329204544,False,False,False
1.71,2.138850553214928,0.4288505532149278,False,False,False
1.71,2.2165936344369794,0.5065936344369795,False,False,False
1.71,2.2165936344369794,0.5065936344369795,False,False,False
1.71,2.1440282748091706,0.4340282748091706,False,False,False
1.71,2.1202057732920454,0.41020577329204544,False,False,False
1.71,2.3941831425218845,0.6841831425218845,False,False,False
1.71,2.260562203256634,0.550562203256634,False,False,False
1.71,2.1922213005905222,0.48222130059052226,False,False,False
1.71,2.191869820088021,0.48186982008802115,False,False,False
1.71,2.1443744871236428,0.4343744871236428,False,False,False
1.71,2.1202057732920454,0.41020577329204544,False,False,False
1.71,2.1202057732920454,0.41020577329204544,False,False,False
1.71,2.1202057732920454,0.41020577329204544,False,False,False
1.71,2.1202057732920454,0.41020577329204544,False,False,False
1.71,2.1202057732920454,0.41020577329204544,False,False,False
1.71,2.167684820149963,0.45768482014996303,False,False,False
1.71,2.1202057732920454,0.41020577329204544,False,False,False
1.71,2.1202057732920454,0.41020577329204544,False,False,False
1.71,2.1983686417451476,0.4883686417451476,False,False,False
1.71,2.2165936344369794,0.5065936344369795,False,False,False
1.71,2.2165936344369794,0.5065936344369795,False,False,False
1.71,2.2165936344369794,0.5065936344369795,False,False,False
1.71,2.1922213005905222,0.48222130059052226,False,False,False
1.71,2.1922213005905222,0.48222130059052226,False,False,False
1.71,2.1443744871236428,0.4343744871236428,False,False,False
1.71,2.1202057732920454,0.41020577329204544,False,False,False
1.71,2.1202057732920454,0.41020577329204544,False,False,False
1.71,2.1202057732920454,0.41020577329204544,False,False,False
1.71,2.1202057732920454,0.41020577329204544,False,False,False
1.71,2.167684820149963,0.45768482014996303,False,False,False
1.71,2.357457056856133,0.6474570568561329,False,False,False
1.71,2.5922566655819126,0.8822566655819126,False,False,False
1.71,2.8715210004784697,1.1615210004784697,False,False,False
1.71,2.7567260273544734,1.0467260273544734,False,False,False
1.71,2.7022126836623652,0.9922126836623653,False,False,False
1.71,2.6789273050563356,0.9689273050563356,False,False,False
1.71,2.674570455866157,0.964570455866157,False,False,False
1.71,2.556957379877688,0.8469573798776882,False,False,False
1.71,2.5740108481612607,0.8640108481612607,False,False,False
1.71,2.679752750434426,0.9697527504344259,False,False,False
1.71,2.616496749286168,0.906496749286168,False,False,False
1.71,2.6815565607675267,0.9715565607675267,False,False,False
1.71,2.629250444669383,0.919250444669383,False,False,False
1.71,2.773605851540484,1.0636058515404838,False,False,False
1.71,2.7690074607119315,1.0590074607119315,False,False,False
1.71,2.8613081135901948,1.1513081135901948,False,False,False
1.71,2.71522415902433,1.0052241590243298,False,False,False
1.71,2.6582276623103858,0.9482276623103858,False,False,False
1.71,2.6395213687589845,0.9295213687589845,False,False,False
1.71,2.674570455866157,0.964570455866157,False,False,False
1.71,2.6538953271196033,0.9438953271196033,False,False,False
1.71,2.7287826429974222,1.0187826429974223,False,False,False
1.71,2.8011366872361965,1.0911366872361965,False,False,False
1.71,2.6490642997037113,0.9390642997037113,False,False,False
1.71,2.730599511171796,1.0205995111717958,False,False,False
1.71,2.781536715904539,1.0715367159045392,False,False,False
1.71,2.7581849938215495,1.0481849938215495,False,False,False
1.71,2.7494520092123134,1.0394520092123134,False,False,False
1.71,2.842707398850242,1.132707398850242,False,False,False
1.71,2.7625398960059586,1.0525398960059587,False,False,False
1.71,2.7886908278637,1.0786908278637002,False,False,False
1.71,2.819948649558531,1.1099486495585311,False,False,False
1.71,2.7220659370796585,1.0120659370796585,False,False,False
1.71,2.6582276623103858,0.9482276623103858,False,False,False
1.71,2.619043445208818,0.9090434452088179,False,False,False
1.71,2.5978396965328447,0.8878396965328448,False,False,False
1.71,2.6732544508688516,0.9632544508688516,False,False,False
1.71,2.730485070328496,1.0204850703284962,False,False,False
1.71,2.7030332074455727,0.9930332074455728,False,False,False
1.71,2.7186768295556067,1.0086768295556068,False,False,False
1.71,1.917877642231852,0.207877642231852,False,False,False
1.71,2.723800443336501,1.013800443336501,False,False,False
1.71,2.6635600348690383,0.9535600348690383,False,False,False
1.71,2.7650651575779395,1.0550651575779395,False,False,False
1.71,2.8117313852206016,1.1017313852206017,False,False,False
1.71,2.6857022405717985,0.9757022405717986,False,False,False
1.71,2.736246309615242,1.0262463096152419,False,False,False
1.71,2.674570455866157,0.964570455866157,False,False,False
1.71,2.7186768295556067,1.0086768295556068,False,False,False
1.71,2.6837100919502372,0.9737100919502373,False,False,False
1.71,2.6408693556361507,0.9308693556361507,False,False,False
1.71,2.5978396965328447,0.8878396965328448,False,False,False
1.71,2.5978396965328447,0.8878396965328448,False,False,False
1.71,2.514105583297919,0.8041055832979191,False,False,False
1.71,2.662573185797291,0.952573185797291,False,False,False
1.71,2.6569594582749008,0.9469594582749008,False,False,False
1.71,2.762102567421637,1.0521025674216369,False,False,False
1.71,1.9607900414657546,0.2507900414657547,False,False,False
1.71,2.7775454754548567,1.0675454754548568,False,False,False
1.71,2.680289886897958,0.9702898868979579,False,False,False
1.71,2.644566585674087,0.9345665856740872,False,False,False
1.71,2.6401741190797328,0.9301741190797328,False,False,False
1.71,2.6195377303191996,0.9095377303191996,False,False,False
1.71,2.662573185797291,0.952573185797291,False,False,False
1.71,2.6181976412126433,0.9081976412126433,False,False,False
1.71,2.713936195915923,1.003936195915923,False,False,False
1.71,2.7160505731174376,1.0060505731174376,False,False,False
1.71,2.5770251999923444,0.8670251999923444,False,False,False
1.71,2.7401840456415885,1.0301840456415885,False,False,False
1.71,2.672833724136673,0.9628337241366731,False,False,False
1.71,2.6569594582749008,0.9469594582749008,False,False,False
1.71,2.818145124850466,1.108145124850466,False,False,False
1.71,2.6978854303917053,0.9878854303917053,False,False,False
1.71,2.8237829432577994,1.1137829432577995,False,False,False
1.71,2.85393439437124,1.14393439437124,False,False,False
1.71,2.8677879603825494,1.1577879603825494,False,False,False
1.71,2.8613081135901948,1.1513081135901948,False,False,False
1.71,2.71522415902433,1.0052241590243298,False,False,False
1.71,2.680019038539817,0.9700190385398169,False,False,False
1.71,2.6408693556361507,0.9308693556361507,False,False,False
1.71,2.629250444669383,0.919250444669383,False,False,False
1.71,2.7160505731174376,1.0060505731174376,False,False,False
1.71,2.602146887159091,0.892146887159091,False,False,False
1.71,2.7567260273544734,1.0467260273544734,False,False,False
1.71,2.6621274654448093,0.9521274654448093,False,False,False
1.71,2.6789273050563356,0.9689273050563356,False,False,False
1.71,2.556957379877688,0.8469573798776882,False,False,False
1.71,2.704386893361776,0.9943868933617761,False,False,False
1.71,2.8011366872361965,1.0911366872361965,False,False,False
1.71,2.6934568935754593,0.9834568935754593,False,False,False
1.71,2.734908216122772,1.024908216122772,False,False,False
1.8,2.5468271649777585,0.7468271649777585,False,False,False
1.8,2.337373728385068,0.5373737283850681,False,False,False
1.8,2.3800348156426563,0.5800348156426562,False,False,False
1.8,2.3800348156426563,0.5800348156426562,False,False,False
1.8,2.3800348156426563,0.5800348156426562,False,False,False
1.8,2.3800348156426563,0.5800348156426562,False,False,False
1.8,2.3800348156426563,0.5800348156426562,False,False,False
1.8,2.431467587406286,0.6314675874062858,False,False,False
1.8,2.3800348156426563,0.5800348156426562,False,False,False
1.8,2.4058410894508833,0.6058410894508832,False,False,False
1.8,2.484449187689494,0.6844491876894938,False,False,False
1.8,2.4580472953384733,0.6580472953384733,False,False,False
1.8,2.4062161319197286,0.6062161319197286,False,False,False
1.8,2.4062161319197286,0.6062161319197286,False,False,False
1.8,2.3800348156426563,0.5800348156426562,False,False,False
1.8,2.3800348156426563,0.5800348156426562,False,False,False
1.8,2.3800348156426563,0.5800348156426562,False,False,False
1.8,2.3800348156426563,0.5800348156426562,False,False,False
1.8,2.341509916801359,0.5415099168013591,False,False,False
1.8,2.3800348156426563,0.5800348156426562,False,False,False
1.8,2.3800348156426563,0.5800348156426562,False,False,False
1.8,2.412016149970212,0.6120161499702121,False,False,False
1.8,2.3800348156426563,0.5800348156426562,False,False,False
1.8,2.457666545983529,0.6576665459835291,False,False,False
1.8,2.4580472953384733,0.6580472953384733,False,False,False
1.8,2.4062161319197286,0.6062161319197286,False,False,False
1.8,2.4058410894508833,0.6058410894508832,False,False,False
1.8,2.4058410894508833,0.6058410894508832,False,False,False
1.8,2.3800348156426563,0.5800348156426562,False,False,False
1.8,2.3800348156426563,0.5800348156426562,False,False,False
1.8,2.3800348156426563,0.5800348156426562,False,False,False
1.8,2.3800348156426563,0.5800348156426562,False,False,False
1.8,2.3800348156426563,0.5800348156426562,False,False,False
1.8,2.3800348156426563,0.5800348156426562,False,False,False
1.8,2.431467587406286,0.6314675874062858,False,False,False
1.8,2.4580472953384733,0.6580472953384733,False,False,False
1.8,2.439210490273069,0.6392104902730689,False,False,False
1.8,2.438831814950307,0.6388318149503072,False,False,False
1.8,2.438831814950307,0.6388318149503072,False,False,False
1.8,2.457666545983529,0.6576665459835291,False,False,False
1.8,2.484449187689494,0.6844491876894938,False,False,False
1.8,2.4062161319197286,0.6062161319197286,False,False,False
1.8,2.3800348156426563,0.5800348156426562,False,False,False
1.8,2.4580472953384733,0.6580472953384733,False,False,False
1.8,2.432222297815864,0.6322222978158638,False,False,False
1.8,2.4062161319197286,0.6062161319197286,False,False,False
1.8,2.3800348156426563,0.5800348156426562,False,False,False
1.8,2.3800348156426563,0.5800348156426562,False,False,False
1.8,2.3800348156426563,0.5800348156426562,False,False,False
1.8,2.431467587406286,0.6314675874062858,False,False,False
1.8,2.491705196863182,0.6917051968631818,False,False,False
1.8,2.4062161319197286,0.6062161319197286,False,False,False
1.8,2.4058410894508833,0.6058410894508832,False,False,False
1.8,2.4465521306489606,0.6465521306489606,False,False,False
1.8,2.457666545983529,0.6576665459835291,False,False,False
1.8,2.3800348156426563,0.5800348156426562,False,False,False
1.8,2.3800348156426563,0.5800348156426562,False,False,False
1.8,2.3800348156426563,0.5800348156426562,False,False,False
1.8,2.3800348156426563,0.5800348156426562,False,False,False
1.8,2.3800348156426563,0.5800348156426562,False,False,False
1.8,2.3800348156426563,0.5800348156426562,False,False,False
1.8,2.3800348156426563,0.5800348156426562,False,False,False
1.8,2.3800348156426563,0.5800348156426562,False,False,False
1.8,2.3800348156426563,0.5800348156426562,False,False,False
1.8,2.3800348156426563,0.5800348156426562,False,False,False
1.8,2.3800348156426563,0.5800348156426562,False,False,False
1.8,2.3800348156426563,0.5800348156426562,False,False,False
1.8,2.3800348156426563,0.5800348156426562,False,False,False
1.8,2.457666545983529,0.6576665459835291,False,False,False
1.8,2.484449187689494,0.6844491876894938,False,False,False
1.8,2.484449187689494,0.6844491876894938,False,False,False
1.8,2.4580472953384733,0.6580472953384733,False,False,False
1.8,2.4580472953384733,0.6580472953384733,False,False,False
1.8,2.4062161319197286,0.6062161319197286,False,False,False
1.8,2.3800348156426563,0.5800348156426562,False,False,False
1.8,2.3800348156426563,0.5800348156426562,False,False,False
1.8,2.3800348156426563,0.5800348156426562,False,False,False
1.8,2.3800348156426563,0.5800348156426562,False,False,False
1.8,2.3800348156426563,0.5800348156426562,False,False,False
1.8,2.3800348156426563,0.5800348156426562,False,False,False
1.8,2.3800348156426563,0.5800348156426562,False,False,False
1.8,2.3800348156426563,0.5800348156426562,False,False,False
1.8,2.4580472953384733,0.6580472953384733,False,False,False
1.8,2.520256042978932,0.7202560429789318,False,False,False
1.8,2.4002322032024033,0.6002322032024032,False,False,False
1.8,2.484449187689494,0.6844491876894938,False,False,False
1.8,2.4384451895621786,0.6384451895621785,False,False,False
1.8,2.3800348156426563,0.5800348156426562,False,False,False
1.8,2.431467587406286,0.6314675874062858,False,False,False
1.8,2.3800348156426563,0.5800348156426562,False,False,False
1.8,2.4580472953384733,0.6580472953384733,False,False,False
1.8,2.2330269287680773,0.43302692876807725,False,False,False
1.8,2.1922213005905222,0.3922213005905222,False,False,False
1.8,2.2165936344369794,0.4165936344369794,False,False,False
1.8,2.2165936344369794,0.4165936344369794,False,False,False
1.8,2.1683815146828804,0.3683815146828804,False,False,False
1.8,2.2165936344369794,0.4165936344369794,False,False,False
1.8,2.1922213005905222,0.3922213005905222,False,False,False
1.8,2.1922213005905222,0.3922213005905222,False,False,False
1.8,2.1443744871236428,0.3443744871236427,False,False,False
1.8,2.1202057732920454,0.32020577329204536,False,False,False
1.8,2.1202057732920454,0.32020577329204536,False,False,False
1.8,2.1202057732920454,0.32020577329204536,False,False,False
1.8,2.1440282748091706,0.34402827480917053,False,False,False
1.8,2.1202057732920454,0.32020577329204536,False,False,False
1.8,2.1202057732920454,0.32020577329204536,False,False,False
1.8,2.191869820088021,0.39186982008802107,False,False,False
1.8,2.167684820149963,0.36768482014996295,False,False,False
1.8,2.1443744871236428,0.3443744871236427,False,False,False
1.8,2.1440282748091706,0.34402827480917053,False,False,False
1.8,2.388157341757207,0.588157341757207,False,False,False
1.8,2.2165936344369794,0.4165936344369794,False,False,False
1.8,2.1202057732920454,0.32020577329204536,False,False,False
1.8,2.1202057732920454,0.32020577329204536,False,False,False
1.8,2.1202057732920454,0.32020577329204536,False,False,False
1.8,2.167684820149963,0.36768482014996295,False,False,False
1.8,2.1202057732920454,0.32020577329204536,False,False,False
1.8,2.1202057732920454,0.32020577329204536,False,False,False
1.8,2.1202057732920454,0.32020577329204536,False,False,False
1.8,2.1202057732920454,0.32020577329204536,False,False,False
1.8,2.1202057732920454,0.32020577329204536,False,False,False
1.8,2.1202057732920454,0.32020577329204536,False,False,False
1.8,2.1202057732920454,0.32020577329204536,False,False,False
1.8,2.167684820149963,0.36768482014996295,False,False,False
1.8,2.2165936344369794,0.4165936344369794,False,False,False
1.8,2.2165936344369794,0.4165936344369794,False,False,False
1.8,2.2165936344369794,0.4165936344369794,False,False,False
1.8,2.1683815146828804,0.3683815146828804,False,False,False
1.8,2.2165936344369794,0.4165936344369794,False,False,False
1.8,2.229990292208965,0.4299902922089649,False,False,False
1.8,2.1922213005905222,0.3922213005905222,False,False,False
1.8,2.1443744871236428,0.3443744871236427,False,False,False
1.8,2.1202057732920454,0.32020577329204536,False,False,False
1.8,2.1349363353755204,0.33493633537552037,False,False,False
1.8,2.167684820149963,0.36768482014996295,False,False,False
1.8,2.167684820149963,0.36768482014996295,False,False,False
1.8,2.1443744871236428,0.3443744871236427,False,False,False
1.8,2.4144015740800517,0.6144015740800517,False,False,False
1.8,2.4144015740800517,0.6144015740800517,False,False,False
1.8,2.4580472953384733,0.6580472953384733,False,False,False
1.8,2.4580472953384733,0.6580472953384733,False,False,False
1.8,2.3800348156426563,0.5800348156426562,False,False,False
1.8,2.3800348156426563,0.5800348156426562,False,False,False
1.8,2.3800348156426563,0.5800348156426562,False,False,False
1.8,2.431467587406286,0.6314675874062858,False,False,False
1.8,2.4170479505246663,0.6170479505246662,False,False,False
1.8,2.4417440115084172,0.6417440115084172,False,False,False
1.8,2.4580472953384733,0.6580472953384733,False,False,False
1.8,2.4062161319197286,0.6062161319197286,False,False,False
1.8,2.4062161319197286,0.6062161319197286,False,False,False
1.8,2.3800348156426563,0.5800348156426562,False,False,False
1.8,2.3800348156426563,0.5800348156426562,False,False,False
1.8,2.3800348156426563,0.5800348156426562,False,False,False
1.8,2.3800348156426563,0.5800348156426562,False,False,False
1.8,2.431467587406286,0.6314675874062858,False,False,False
1.8,2.1600908390921085,0.3600908390921085,False,False,False
1.8,2.39542862175158,0.5954286217515798,False,False,False
1.8,2.39542862175158,0.5954286217515798,False,False,False
1.8,2.431467587406286,0.6314675874062858,False,False,False
1.8,2.348414673263292,0.5484146732632917,False,False,False
1.8,2.41277556832391,0.61277556832391,False,False,False
1.8,2.1202057732920454,0.32020577329204536,False,False,False
1.8,2.1202057732920454,0.32020577329204536,False,False,False
1.8,2.1202057732920454,0.32020577329204536,False,False,False
1.8,2.1202057732920454,0.32020577329204536,False,False,False
1.8,2.167684820149963,0.36768482014996295,False,False,False
1.8,2.1922213005905222,0.3922213005905222,False,False,False
1.8,2.1610210398960743,0.36102103989607426,False,False,False
1.8,1.8001201777734948,0.00012017777349471181,False,False,False
1.8,2.493565931126916,0.6935659311269158,False,False,False
1.8,2.149728647892214,0.34972864789221414,False,False,False
1.8,2.414464211898417,0.6144642118984172,False,False,False
1.8,2.3824599315226775,0.5824599315226775,False,False,False
1.8,2.331761714148832,0.5317617141488318,False,False,False
1.8,2.306152679425364,0.5061526794253639,False,False,False
1.8,2.306152679425364,0.5061526794253639,False,False,False
1.8,2.3564612133462686,0.5564612133462685,False,False,False
1.8,2.306152679425364,0.5061526794253639,False,False,False
1.8,2.306152679425364,0.5061526794253639,False,False,False
1.8,2.306152679425364,0.5061526794253639,False,False,False
1.96,2.388157341757207,0.4281573417572071,False,False,False
1.96,2.337373728385068,0.3773737283850682,False,False,False
1.96,2.363528648213885,0.4035286482138849,False,False,False
1.96,2.363528648213885,0.4035286482138849,False,False,False
1.96,2.363528648213885,0.4035286482138849,False,False,False
1.96,2.363528648213885,0.4035286482138849,False,False,False
1.96,2.363528648213885,0.4035286482138849,False,False,False
1.96,2.363528648213885,0.4035286482138849,False,False,False
1.96,2.414710251575898,0.45471025157589784,False,False,False
1.96,2.3895821098345573,0.42958210983455736,False,False,False
1.96,2.3895821098345573,0.42958210983455736,False,False,False
1.96,2.363528648213885,0.4035286482138849,False,False,False
1.96,2.363528648213885,0.4035286482138849,False,False,False
1.96,2.3320629206239247,0.37206292062392476,False,False,False
1.96,2.3320629206239247,0.37206292062392476,False,False,False
1.96,2.3320629206239247,0.37206292062392476,False,False,False
1.96,2.382765721348159,0.42276572134815904,False,False,False
1.96,2.363528648213885,0.4035286482138849,False,False,False
1.96,2.363528648213885,0.4035286482138849,False,False,False
1.96,2.414710251575898,0.45471025157589784,False,False,False
1.96,2.3800348156426563,0.4200348156426563,False,False,False
1.96,2.3800348156426563,0.4200348156426563,False,False,False
1.96,2.3800348156426563,0.4200348156426563,False,False,False
1.96,2.3800348156426563,0.4200348156426563,False,False,False
1.96,2.3800348156426563,0.4200348156426563,False,False,False
1.96,2.480891671738966,0.520891671738966,False,False,False
1.96,2.484449187689494,0.5244491876894939,False,False,False
1.96,2.4062161319197286,0.44621613191972864,False,False,False
1.96,2.558491491051856,0.5984914910518562,False,False,False
1.96,2.4580472953384733,0.49804729533847336,False,False,False
1.96,2.4062161319197286,0.44621613191972864,False,False,False
1.96,2.3800348156426563,0.4200348156426563,False,False,False
1.96,2.3800348156426563,0.4200348156426563,False,False,False
1.96,2.3800348156426563,0.4200348156426563,False,False,False
1.96,2.3800348156426563,0.4200348156426563,False,False,False
1.96,2.3800348156426563,0.4200348156426563,False,False,False
1.96,2.3800348156426563,0.4200348156426563,False,False,False
1.96,2.3800348156426563,0.4200348156426563,False,False,False
1.96,2.4058410894508833,0.4458410894508833,False,False,False
1.96,2.3800348156426563,0.4200348156426563,False,False,False
1.96,2.3800348156426563,0.4200348156426563,False,False,False
1.96,2.431467587406286,0.4714675874062859,False,False,False
1.96,2.408968190870656,0.448968190870656,False,False,False
1.96,2.2172386642386708,0.2572386642386708,False,False,False
1.96,2.3320629206239247,0.37206292062392476,False,False,False
1.96,2.3320629206239247,0.37206292062392476,False,False,False
1.96,2.3320629206239247,0.37206292062392476,False,False,False
1.96,2.3320629206239247,0.37206292062392476,False,False,False
1.96,2.382765721348159,0.42276572134815904,False,False,False
1.96,2.382765721348159,0.42276572134815904,False,False,False
1.96,2.3320629206239247,0.37206292062392476,False,False,False
1.96,2.144658752937617,0.1846587529376169,False,False,False
1.96,2.144658752937617,0.1846587529376169,False,False,False
1.96,2.144658752937617,0.1846587529376169,False,False,False
1.96,2.144658752937617,0.1846587529376169,False,False,False
1.96,2.144658752937617,0.1846587529376169,False,False,False
1.96,2.144658752937617,0.1846587529376169,False,False,False
1.96,2.144658752937617,0.1846587529376169,False,False,False
1.96,2.1925098919749493,0.2325098919749493,False,False,False
1.96,2.2172386642386708,0.2572386642386708,False,False,False
1.96,2.1690168764140667,0.20901687641406674,False,False,False
1.96,2.1690168764140667,0.20901687641406674,False,False,False
1.96,2.144658752937617,0.1846587529376169,False,False,False
1.96,2.363528648213885,0.4035286482138849,False,False,False
1.96,2.382765721348159,0.42276572134815904,False,False,False
1.96,2.382765721348159,0.42276572134815904,False,False,False
1.96,2.408968190870656,0.448968190870656,False,False,False
1.96,2.3320629206239247,0.37206292062392476,False,False,False
1.96,2.3320629206239247,0.37206292062392476,False,False,False
1.96,2.3320629206239247,0.37206292062392476,False,False,False
1.96,2.3320629206239247,0.37206292062392476,False,False,False
1.96,2.3320629206239247,0.37206292062392476,False,False,False
1.96,2.3320629206239247,0.37206292062392476,False,False,False
1.96,2.382765721348159,0.42276572134815904,False,False,False
1.96,2.382765721348159,0.42276572134815904,False,False,False
1.96,2.408968190870656,0.448968190870656,False,False,False
1.96,2.408968190870656,0.448968190870656,False,False,False
1.96,2.408968190870656,0.448968190870656,False,False,False
1.96,2.408968190870656,0.448968190870656,False,False,False
1.96,2.357872652753377,0.39787265275337713,False,False,False
1.96,2.3320629206239247,0.37206292062392476,False,False,False
1.96,2.3320629206239247,0.37206292062392476,False,False,False
1.96,2.3320629206239247,0.37206292062392476,False,False,False
1.96,2.382765721348159,0.42276572134815904,False,False,False
1.96,2.408968190870656,0.448968190870656,False,False,False
1.96,2.357872652753377,0.39787265275337713,False,False,False
1.96,2.3320629206239247,0.37206292062392476,False,False,False
1.96,2.3320629206239247,0.37206292062392476,False,False,False
1.96,2.363528648213885,0.4035286482138849,False,False,False
1.96,2.3320629206239247,0.37206292062392476,False,False,False
1.96,2.431467587406286,0.4714675874062859,False,False,False
1.96,2.3800348156426563,0.4200348156426563,False,False,False
1.96,2.3800348156426563,0.4200348156426563,False,False,False
1.96,2.3800348156426563,0.4200348156426563,False,False,False
1.96,2.3800348156426563,0.4200348156426563,False,False,False
1.96,2.3800348156426563,0.4200348156426563,False,False,False
1.96,2.3800348156426563,0.4200348156426563,False,False,False
1.96,2.3800348156426563,0.4200348156426563,False,False,False
1.96,2.3800348156426563,0.4200348156426563,False,False,False
1.96,2.4580472953384733,0.49804729533847336,False,False,False
1.96,2.484449187689494,0.5244491876894939,False,False,False
1.96,2.432222297815864,0.4722222978158639,False,False,False
1.96,2.432222297815864,0.4722222978158639,False,False,False
1.96,2.431467587406286,0.4714675874062859,False,False,False
1.96,2.4580472953384733,0.49804729533847336,False,False,False
1.96,2.4062161319197286,0.44621613191972864,False,False,False
1.96,2.3800348156426563,0.4200348156426563,False,False,False
1.96,2.3800348156426563,0.4200348156426563,False,False,False
1.96,2.3800348156426563,0.4200348156426563,False,False,False
1.96,2.3800348156426563,0.4200348156426563,False,False,False
1.96,2.3800348156426563,0.4200348156426563,False,False,False
1.96,2.3800348156426563,0.4200348156426563,False,False,False
1.96,2.3800348156426563,0.4200348156426563,False,False,False
1.96,2.3800348156426563,0.4200348156426563,False,False,False
1.96,2.484449187689494,0.5244491876894939,False,False,False
1.96,2.484449187689494,0.5244491876894939,False,False,False
1.96,2.432222297815864,0.4722222978158639,False,False,False
1.96,2.457666545983529,0.4976665459835292,False,False,False
1.96,2.4058410894508833,0.4458410894508833,False,False,False
1.96,2.3800348156426563,0.4200348156426563,False,False,False
1.96,2.3800348156426563,0.4200348156426563,False,False,False
1.96,2.3800348156426563,0.4200348156426563,False,False,False
1.96,2.3800348156426563,0.4200348156426563,False,False,False
1.96,2.3800348156426563,0.4200348156426563,False,False,False
1.96,2.3800348156426563,0.4200348156426563,False,False,False
1.96,2.431467587406286,0.4714675874062859,False,False,False
1.96,2.3800348156426563,0.4200348156426563,False,False,False
1.96,2.3800348156426563,0.4200348156426563,False,False,False
1.96,2.4058410894508833,0.4458410894508833,False,False,False
1.96,2.457666545983529,0.4976665459835292,False,False,False
1.96,2.3800348156426563,0.4200348156426563,False,False,False
1.96,2.484449187689494,0.5244491876894939,False,False,False
1.96,2.4580472953384733,0.49804729533847336,False,False,False
1.96,2.3800348156426563,0.4200348156426563,False,False,False
1.96,2.3800348156426563,0.4200348156426563,False,False,False
1.96,2.3800348156426563,0.4200348156426563,False,False,False
1.96,2.457666545983529,0.4976665459835292,False,False,False
1.96,2.4062161319197286,0.44621613191972864,False,False,False
1.96,2.4580472953384733,0.49804729533847336,False,False,False
1.96,2.4580472953384733,0.49804729533847336,False,False,False
1.96,2.4062161319197286,0.44621613191972864,False,False,False
1.96,2.484449187689494,0.5244491876894939,False,False,False
1.96,2.484449187689494,0.5244491876894939,False,False,False
1.96,2.484449187689494,0.5244491876894939,False,False,False
1.96,2.4062161319197286,0.44621613191972864,False,False,False
1.96,2.3800348156426563,0.4200348156426563,False,False,False
1.96,2.3800348156426563,0.4200348156426563,False,False,False
1.96,2.3800348156426563,0.4200348156426563,False,False,False
1.96,2.3800348156426563,0.4200348156426563,False,False,False
1.96,2.3800348156426563,0.4200348156426563,False,False,False
1.96,2.3800348156426563,0.4200348156426563,False,False,False
1.96,2.3800348156426563,0.4200348156426563,False,False,False
1.96,2.3800348156426563,0.4200348156426563,False,False,False
1.96,2.3800348156426563,0.4200348156426563,False,False,False
1.96,2.431467587406286,0.4714675874062859,False,False,False
1.96,2.484449187689494,0.5244491876894939,False,False,False
1.96,2.4062161319197286,0.44621613191972864,False,False,False
1.96,2.4062161319197286,0.44621613191972864,False,False,False
1.96,2.4580472953384733,0.49804729533847336,False,False,False
1.96,2.4062161319197286,0.44621613191972864,False,False,False
1.96,2.3800348156426563,0.4200348156426563,False,False,False
1.96,2.431467587406286,0.4714675874062859,False,False,False
1.96,2.4580472953384733,0.49804729533847336,False,False,False
1.96,2.4062161319197286,0.44621613191972864,False,False,False
1.96,2.3800348156426563,0.4200348156426563,False,False,False
1.96,2.3800348156426563,0.4200348156426563,False,False,False
1.96,2.3800348156426563,0.4200348156426563,False,False,False
1.96,2.3800348156426563,0.4200348156426563,False,False,False
1.96,2.3800348156426563,0.4200348156426563,False,False,False
1.96,2.3800348156426563,0.4200348156426563,False,False,False
1.96,2.431467587406286,0.4714675874062859,False,False,False
1.96,2.3800348156426563,0.4200348156426563,False,False,False
1.96,2.3800348156426563,0.4200348156426563,False,False,False
1.96,2.484449187689494,0.5244491876894939,False,False,False
1.96,2.484449187689494,0.5244491876894939,False,False,False
1.96,2.4580472953384733,0.49804729533847336,False,False,False
1.96,2.4580472953384733,0.49804729533847336,False,False,False
1.96,2.458150838529156,0.4981508385291562,False,False,False
1.96,2.458150838529156,0.4981508385291562,False,False,False
1.96,2.3800348156426563,0.4200348156426563,False,False,False
1.71,2.2639123445216245,0.5539123445216245,False,False,False
1.71,2.24767964811741,0.5376796481174102,False,False,False
1.71,2.2172386642386708,0.5072386642386708,False,False,False
1.71,2.2172386642386708,0.5072386642386708,False,False,False
1.71,2.1690168764140667,0.45901687641406674,False,False,False
1.71,2.1690168764140667,0.45901687641406674,False,False,False
1.71,2.1925098919749493,0.4825098919749493,False,False,False
1.71,2.2172386642386708,0.5072386642386708,False,False,False
1.71,2.1690168764140667,0.45901687641406674,False,False,False
1.71,2.1690168764140667,0.45901687641406674,False,False,False
1.71,2.144658752937617,0.4346587529376169,False,False,False
1.71,2.144658752937617,0.4346587529376169,False,False,False
1.71,2.1925098919749493,0.4825098919749493,False,False,False
1.71,2.1925098919749493,0.4825098919749493,False,False,False
1.71,2.2172386642386708,0.5072386642386708,False,False,False
1.71,2.2172386642386708,0.5072386642386708,False,False,False
1.71,2.1690168764140667,0.45901687641406674,False,False,False
1.71,2.1690168764140667,0.45901687641406674,False,False,False
1.71,2.144658752937617,0.4346587529376169,False,False,False
1.71,2.2172386642386708,0.5072386642386708,False,False,False
1.71,2.2172386642386708,0.5072386642386708,False,False,False
1.71,2.2172386642386708,0.5072386642386708,False,False,False
1.71,2.1690168764140667,0.45901687641406674,False,False,False
1.71,2.144658752937617,0.4346587529376169,False,False,False
1.71,2.144658752937617,0.4346587529376169,False,False,False
1.71,2.144658752937617,0.4346587529376169,False,False,False
1.71,2.144658752937617,0.4346587529376169,False,False,False
1.71,2.1925098919749493,0.4825098919749493,False,False,False
1.71,2.144658752937617,0.4346587529376169,False,False,False
1.71,2.144658752937617,0.4346587529376169,False,False,False
1.71,2.144658752937617,0.4346587529376169,False,False,False
1.71,2.144658752937617,0.4346587529376169,False,False,False
1.71,2.144658752937617,0.4346587529376169,False,False,False
1.71,2.144658752937617,0.4346587529376169,False,False,False
1.71,2.144658752937617,0.4346587529376169,False,False,False
1.71,2.144658752937617,0.4346587529376169,False,False,False
1.71,2.144658752937617,0.4346587529376169,False,False,False
1.71,2.1925098919749493,0.4825098919749493,False,False,False
1.71,2.144658752937617,0.4346587529376169,False,False,False
1.71,2.144658752937617,0.4346587529376169,False,False,False
1.71,2.2172386642386708,0.5072386642386708,False,False,False
1.71,2.2172386642386708,0.5072386642386708,False,False,False
1.71,2.1690168764140667,0.45901687641406674,False,False,False
1.71,2.144658752937617,0.4346587529376169,False,False,False
1.71,2.1925098919749493,0.4825098919749493,False,False,False
1.71,2.144658752937617,0.4346587529376169,False,False,False
1.71,2.144658752937617,0.4346587529376169,False,False,False
1.71,2.144658752937617,0.4346587529376169,False,False,False
1.71,2.144658752937617,0.4346587529376169,False,False,False
1.71,2.144658752937617,0.4346587529376169,False,False,False
1.71,2.144658752937617,0.4346587529376169,False,False,False
1.71,2.2172386642386708,0.5072386642386708,False,False,False
1.71,2.173171978837084,0.46317197883708383,False,False,False
1.71,2.1997768612036515,0.4897768612036515,False,False,False
1.71,2.1690168764140667,0.45901687641406674,False,False,False
1.71,2.311257659822232,0.6012576598222319,False,False,False
1.71,2.144658752937617,0.4346587529376169,False,False,False
1.71,2.144658752937617,0.4346587529376169,False,False,False
1.71,2.144658752937617,0.4346587529376169,False,False,False
1.71,2.1925098919749493,0.4825098919749493,False,False,False
1.71,2.2172386642386708,0.5072386642386708,False,False,False
1.71,2.1690168764140667,0.45901687641406674,False,False,False
1.71,2.1690168764140667,0.45901687641406674,False,False,False
1.71,2.1686679508417845,0.4586679508417846,False,False,False
1.71,2.1925098919749493,0.4825098919749493,False,False,False
1.71,2.144658752937617,0.4346587529376169,False,False,False
1.71,2.2172386642386708,0.5072386642386708,False,False,False
1.71,2.144658752937617,0.4346587529376169,False,False,False
1.71,2.2172386642386708,0.5072386642386708,False,False,False
1.71,2.2172386642386708,0.5072386642386708,False,False,False
1.71,2.2172386642386708,0.5072386642386708,False,False,False
1.71,2.2172386642386708,0.5072386642386708,False,False,False
1.71,2.1690168764140667,0.45901687641406674,False,False,False
1.71,2.144658752937617,0.4346587529376169,False,False,False
1.71,2.144658752937617,0.4346587529376169,False,False,False
1.71,2.144658752937617,0.4346587529376169,False,False,False
1.71,2.1925098919749493,0.4825098919749493,False,False,False
1.71,2.2172386642386708,0.5072386642386708,False,False,False
1.71,2.1690168764140667,0.45901687641406674,False,False,False
1.71,2.144658752937617,0.4346587529376169,False,False,False
1.71,2.144658752937617,0.4346587529376169,False,False,False
1.71,2.144658752937617,0.4346587529376169,False,False,False
1.71,2.144658752937617,0.4346587529376169,False,False,False
1.71,2.144658752937617,0.4346587529376169,False,False,False
1.71,2.144658752937617,0.4346587529376169,False,False,False
1.71,2.144658752937617,0.4346587529376169,False,False,False
1.71,2.144658752937617,0.4346587529376169,False,False,False
1.71,2.1925098919749493,0.4825098919749493,False,False,False
1.71,2.144658752937617,0.4346587529376169,False,False,False
1.71,2.144658752937617,0.4346587529376169,False,False,False
1.71,2.144658752937617,0.4346587529376169,False,False,False
1.71,2.144658752937617,0.4346587529376169,False,False,False
1.71,2.144658752937617,0.4346587529376169,False,False,False
1.71,2.144658752937617,0.4346587529376169,False,False,False
1.71,2.144658752937617,0.4346587529376169,False,False,False
1.71,2.144658752937617,0.4346587529376169,False,False,False
1.71,2.144658752937617,0.4346587529376169,False,False,False
1.71,2.144658752937617,0.4346587529376169,False,False,False
1.71,2.144658752937617,0.4346587529376169,False,False,False
1.71,2.144658752937617,0.4346587529376169,False,False,False
1.71,2.144658752937617,0.4346587529376169,False,False,False
1.71,2.144658752937617,0.4346587529376169,False,False,False
1.71,2.144658752937617,0.4346587529376169,False,False,False
1.71,2.1925098919749493,0.4825098919749493,False,False,False
1.71,2.144658752937617,0.4346587529376169,False,False,False
1.71,2.144658752937617,0.4346587529376169,False,False,False
1.71,2.144658752937617,0.4346587529376169,False,False,False
1.71,2.1925098919749493,0.4825098919749493,False,False,False
1.71,2.2172386642386708,0.5072386642386708,False,False,False
1.71,2.1690168764140667,0.45901687641406674,False,False,False
1.71,2.2172386642386708,0.5072386642386708,False,False,False
1.71,2.2172386642386708,0.5072386642386708,False,False,False
1.71,2.1690168764140667,0.45901687641406674,False,False,False
1.71,2.2172386642386708,0.5072386642386708,False,False,False
1.71,2.2172386642386708,0.5072386642386708,False,False,False
1.71,2.1690168764140667,0.45901687641406674,False,False,False
1.71,2.144658752937617,0.4346587529376169,False,False,False
1.71,2.144658752937617,0.4346587529376169,False,False,False
1.71,2.144658752937617,0.4346587529376169,False,False,False
1.71,2.144658752937617,0.4346587529376169,False,False,False
1.71,2.144658752937617,0.4346587529376169,False,False,False
1.71,2.144658752937617,0.4346587529376169,False,False,False
1.71,2.144658752937617,0.4346587529376169,False,False,False
1.71,2.144658752937617,0.4346587529376169,False,False,False
1.71,2.1925098919749493,0.4825098919749493,False,False,False
1.71,2.1925098919749493,0.4825098919749493,False,False,False
1.71,2.1690168764140667,0.45901687641406674,False,False,False
1.71,2.1936818484939584,0.48368184849395846,False,False,False
1.71,2.144658752937617,0.4346587529376169,False,False,False
1.71,2.144658752937617,0.4346587529376169,False,False,False
1.71,2.144658752937617,0.4346587529376169,False,False,False
1.71,2.144658752937617,0.4346587529376169,False,False,False
1.71,2.1925098919749493,0.4825098919749493,False,False,False
1.71,2.144658752937617,0.4346587529376169,False,False,False
1.71,2.144658752937617,0.4346587529376169,False,False,False
1.71,2.144658752937617,0.4346587529376169,False,False,False
1.71,2.144658752937617,0.4346587529376169,False,False,False
1.71,2.144658752937617,0.4346587529376169,False,False,False
1.71,2.144658752937617,0.4346587529376169,False,False,False
1.71,2.1925098919749493,0.4825098919749493,False,False,False
1.71,2.144658752937617,0.4346587529376169,False,False,False
1.71,2.144658752937617,0.4346587529376169,False,False,False
1.71,2.1925098919749493,0.4825098919749493,False,False,False
1.71,2.2172386642386708,0.5072386642386708,False,False,False
1.71,2.1690168764140667,0.45901687641406674,False,False,False
1.71,2.144658752937617,0.4346587529376169,False,False,False
1.71,2.1925098919749493,0.4825098919749493,False,False,False
1.71,2.1925098919749493,0.4825098919749493,False,False,False
1.71,2.144658752937617,0.4346587529376169,False,False,False
1.71,2.216884429191695,0.506884429191695,False,False,False
1.71,2.241802003495272,0.531802003495272,False,False,False
1.71,2.1690168764140667,0.45901687641406674,False,False,False
1.71,2.2172386642386708,0.5072386642386708,False,False,False
1.71,2.2172386642386708,0.5072386642386708,False,False,False
1.71,2.1690168764140667,0.45901687641406674,False,False,False
1.71,2.144658752937617,0.4346587529376169,False,False,False
1.71,2.144658752937617,0.4346587529376169,False,False,False
1.71,2.144658752937617,0.4346587529376169,False,False,False
1.71,2.1925098919749493,0.4825098919749493,False,False,False
1.71,2.2172386642386708,0.5072386642386708,False,False,False
1.71,2.2172386642386708,0.5072386642386708,False,False,False
1.71,2.2172386642386708,0.5072386642386708,False,False,False
1.71,2.2172386642386708,0.5072386642386708,False,False,False
1.71,2.1690168764140667,0.45901687641406674,False,False,False
1.71,2.144658752937617,0.4346587529376169,False,False,False
1.71,2.1686679508417845,0.4586679508417846,False,False,False
1.71,2.1686679508417845,0.4586679508417846,False,False,False
1.71,2.1925098919749493,0.4825098919749493,False,False,False
1.71,2.2172386642386708,0.5072386642386708,False,False,False
1.71,2.1690168764140667,0.45901687641406674,False,False,False
1.71,2.1690168764140667,0.45901687641406674,False,False,False
1.71,2.1925098919749493,0.4825098919749493,False,False,False
1.71,2.144658752937617,0.4346587529376169,False,False,False
1.71,2.382765721348159,0.672765721348159,False,False,False
1.71,2.408968190870656,0.698968190870656,False,False,False
1.71,2.3320629206239247,0.6220629206239248,False,False,False
1.71,2.144658752937617,0.4346587529376169,False,False,False
1.71,2.144658752937617,0.4346587529376169,False,False,False
1.71,2.144658752937617,0.4346587529376169,False,False,False
1.71,2.2172386642386708,0.5072386642386708,False,False,False
